case_id,eia_id,t_state,t_county,p_name,p_year,p_tnum,t_manu,t_model,t_cap,t_hh,t_rd,xlong,ylat
SUNZIA_P1_0001,99001,NM,Torrance,SunZia Wind Phase 1,2026,278,GE Wind,GE3.6-154,3600,120,154,-105.86915,34.65263
SUNZIA_P1_0002,99001,NM,Lincoln,SunZia Wind Phase 1,2026,278,GE Wind,GE3.6-154,3600,120,154,-105.9664,34.5765
SUNZIA_P1_0003,99001,NM,San Miguel,SunZia Wind Phase 1,2026,278,GE Wind,GE3.6-154,3600,120,154,-106.01439,34.70532
SUNZIA_P1_0004,99001,NM,Torrance,SunZia Wind Phase 1,2026,278,GE Wind,GE3.6-154,3600,120,154,-105.94084,34.68673
SUNZIA_P1_0005,99001,NM,Lincoln,SunZia Wind Phase 1,2026,278,GE Wind,GE3.6-154,3600,120,154,-105.9961,34.58104
SUNZIA_P1_0006,99001,NM,San Miguel,SunZia Wind Phase 1,2026,278,GE Wind,GE3.6-154,3600,120,154,-106.01035,34.70939
SUNZIA_P1_0007,99001,NM,Torrance,SunZia Wind Phase 1,2026,278,GE Wind,GE3.6-154,3600,120,154,-105.89644,34.67821
SUNZIA_P1_0008,99001,NM,Lincoln,SunZia Wind Phase 1,2026,278,GE Wind,GE3.6-154,3600,120,154,-106.06625,34.6737
SUNZIA_P1_0009,99001,NM,San Miguel,SunZia Wind Phase 1,2026,278,GE Wind,GE3.6-154,3600,120,154,-106.0111,34.59857
SUNZIA_P1_0010,99001,NM,Torrance,SunZia Wind Phase 1,2026,278,GE Wind,GE3.6-154,3600,120,154,-106.10677,34.66044
SUNZIA_P1_0011,99001,NM,Lincoln,SunZia Wind Phase 1,2026,278,GE Wind,GE3.6-154,3600,120,154,-105.90456,34.62704
SUNZIA_P1_0012,99001,NM,San Miguel,SunZia Wind Phase 1,2026,278,GE Wind,GE3.6-154,3600,120,154,-105.92103,34.64001
SUNZIA_P1_0013,99001,NM,Torrance,SunZia Wind Phase 1,2026,278,GE Wind,GE3.6-154,3600,120,154,-105.9025,34.64002
SUNZIA_P1_0014,99001,NM,Lincoln,SunZia Wind Phase 1,2026,278,GE Wind,GE3.6-154,3600,120,154,-106.0293,34.70031
SUNZIA_P1_0015,99001,NM,San Miguel,SunZia Wind Phase 1,2026,278,GE Wind,GE3.6-154,3600,120,154,-105.96962,34.72986
SUNZIA_P1_0016,99001,NM,Torrance,SunZia Wind Phase 1,2026,278,GE Wind,GE3.6-154,3600,120,154,-105.98333,34.5733
SUNZIA_P1_0017,99001,NM,Lincoln,SunZia Wind Phase 1,2026,278,GE Wind,GE3.6-154,3600,120,154,-106.04214,34.59832
SUNZIA_P1_0018,99001,NM,San Miguel,SunZia Wind Phase 1,2026,278,GE Wind,GE3.6-154,3600,120,154,-105.91064,34.59332
SUNZIA_P1_0019,99001,NM,Torrance,SunZia Wind Phase 1,2026,278,GE Wind,GE3.6-154,3600,120,154,-106.07624,34.63312
SUNZIA_P1_0020,99001,NM,Lincoln,SunZia Wind Phase 1,2026,278,GE Wind,GE3.6-154,3600,120,154,-106.03821,34.71327
SUNZIA_P1_0021,99001,NM,San Miguel,SunZia Wind Phase 1,2026,278,GE Wind,GE3.6-154,3600,120,154,-105.98207,34.72618
SUNZIA_P1_0022,99001,NM,Torrance,SunZia Wind Phase 1,2026,278,GE Wind,GE3.6-154,3600,120,154,-105.94183,34.65323
SUNZIA_P1_0023,99001,NM,Lincoln,SunZia Wind Phase 1,2026,278,GE Wind,GE3.6-154,3600,120,154,-105.92852,34.65823
SUNZIA_P1_0024,99001,NM,San Miguel,SunZia Wind Phase 1,2026,278,GE Wind,GE3.6-154,3600,120,154,-106.07442,34.60205
SUNZIA_P1_0025,99001,NM,Torrance,SunZia Wind Phase 1,2026,278,GE Wind,GE3.6-154,3600,120,154,-105.92553,34.65746
SUNZIA_P1_0026,99001,NM,Lincoln,SunZia Wind Phase 1,2026,278,GE Wind,GE3.6-154,3600,120,154,-106.01829,34.72692
SUNZIA_P1_0027,99001,NM,San Miguel,SunZia Wind Phase 1,2026,278,GE Wind,GE3.6-154,3600,120,154,-105.90387,34.66009
SUNZIA_P1_0028,99001,NM,Torrance,SunZia Wind Phase 1,2026,278,GE Wind,GE3.6-154,3600,120,154,-105.9771,34.73017
SUNZIA_P1_0029,99001,NM,Lincoln,SunZia Wind Phase 1,2026,278,GE Wind,GE3.6-154,3600,120,154,-105.97826,34.57505
SUNZIA_P1_0030,99001,NM,San Miguel,SunZia Wind Phase 1,2026,278,GE Wind,GE3.6-154,3600,120,154,-106.08894,34.61796
SUNZIA_P1_0031,99001,NM,Torrance,SunZia Wind Phase 1,2026,278,GE Wind,GE3.6-154,3600,120,154,-106.04776,34.70478
SUNZIA_P1_0032,99001,NM,Lincoln,SunZia Wind Phase 1,2026,278,GE Wind,GE3.6-154,3600,120,154,-106.1136,34.62962
SUNZIA_P1_0033,99001,NM,San Miguel,SunZia Wind Phase 1,2026,278,GE Wind,GE3.6-154,3600,120,154,-106.01339,34.5678
SUNZIA_P1_0034,99001,NM,Torrance,SunZia Wind Phase 1,2026,278,GE Wind,GE3.6-154,3600,120,154,-105.97686,34.58385
SUNZIA_P1_0035,99001,NM,Lincoln,SunZia Wind Phase 1,2026,278,GE Wind,GE3.6-154,3600,120,154,-105.90914,34.64838
SUNZIA_P1_0036,99001,NM,San Miguel,SunZia Wind Phase 1,2026,278,GE Wind,GE3.6-154,3600,120,154,-106.00357,34.57814
SUNZIA_P1_0037,99001,NM,Torrance,SunZia Wind Phase 1,2026,278,GE Wind,GE3.6-154,3600,120,154,-106.03744,34.62562
SUNZIA_P1_0038,99001,NM,Lincoln,SunZia Wind Phase 1,2026,278,GE Wind,GE3.6-154,3600,120,154,-105.99752,34.61317
SUNZIA_P1_0039,99001,NM,San Miguel,SunZia Wind Phase 1,2026,278,GE Wind,GE3.6-154,3600,120,154,-105.88053,34.66894
SUNZIA_P1_0040,99001,NM,Torrance,SunZia Wind Phase 1,2026,278,GE Wind,GE3.6-154,3600,120,154,-105.96835,34.61461
SUNZIA_P1_0041,99001,NM,Lincoln,SunZia Wind Phase 1,2026,278,GE Wind,GE3.6-154,3600,120,154,-106.01875,34.69788
SUNZIA_P1_0042,99001,NM,San Miguel,SunZia Wind Phase 1,2026,278,GE Wind,GE3.6-154,3600,120,154,-105.88677,34.62308
SUNZIA_P1_0043,99001,NM,Torrance,SunZia Wind Phase 1,2026,278,GE Wind,GE3.6-154,3600,120,154,-105.98809,34.73206
SUNZIA_P1_0044,99001,NM,Lincoln,SunZia Wind Phase 1,2026,278,GE Wind,GE3.6-154,3600,120,154,-105.87332,34.65032
SUNZIA_P1_0045,99001,NM,San Miguel,SunZia Wind Phase 1,2026,278,GE Wind,GE3.6-154,3600,120,154,-105.92132,34.65742
SUNZIA_P1_0046,99001,NM,Torrance,SunZia Wind Phase 1,2026,278,GE Wind,GE3.6-154,3600,120,154,-105.87584,34.65612
SUNZIA_P1_0047,99001,NM,Lincoln,SunZia Wind Phase 1,2026,278,GE Wind,GE3.6-154,3600,120,154,-106.05766,34.61377
SUNZIA_P1_0048,99001,NM,San Miguel,SunZia Wind Phase 1,2026,278,GE Wind,GE3.6-154,3600,120,154,-106.00324,34.64704
SUNZIA_P1_0049,99001,NM,Torrance,SunZia Wind Phase 1,2026,278,GE Wind,GE3.6-154,3600,120,154,-106.07728,34.69827
SUNZIA_P1_0050,99001,NM,Lincoln,SunZia Wind Phase 1,2026,278,GE Wind,GE3.6-154,3600,120,154,-105.93768,34.71256
SUNZIA_P1_0051,99001,NM,San Miguel,SunZia Wind Phase 1,2026,278,GE Wind,GE3.6-154,3600,120,154,-105.94514,34.6858
SUNZIA_P1_0052,99001,NM,Torrance,SunZia Wind Phase 1,2026,278,GE Wind,GE3.6-154,3600,120,154,-106.01247,34.70846
SUNZIA_P1_0053,99001,NM,Lincoln,SunZia Wind Phase 1,2026,278,GE Wind,GE3.6-154,3600,120,154,-105.99929,34.7248
SUNZIA_P1_0054,99001,NM,San Miguel,SunZia Wind Phase 1,2026,278,GE Wind,GE3.6-154,3600,120,154,-105.98825,34.56908
SUNZIA_P1_0055,99001,NM,Torrance,SunZia Wind Phase 1,2026,278,GE Wind,GE3.6-154,3600,120,154,-105.98007,34.71921
SUNZIA_P1_0056,99001,NM,Lincoln,SunZia Wind Phase 1,2026,278,GE Wind,GE3.6-154,3600,120,154,-106.00984,34.601
SUNZIA_P1_0057,99001,NM,San Miguel,SunZia Wind Phase 1,2026,278,GE Wind,GE3.6-154,3600,120,154,-106.00067,34.71295
SUNZIA_P1_0058,99001,NM,Torrance,SunZia Wind Phase 1,2026,278,GE Wind,GE3.6-154,3600,120,154,-105.97569,34.57156
SUNZIA_P1_0059,99001,NM,Lincoln,SunZia Wind Phase 1,2026,278,GE Wind,GE3.6-154,3600,120,154,-105.92347,34.63957
SUNZIA_P1_0060,99001,NM,San Miguel,SunZia Wind Phase 1,2026,278,GE Wind,GE3.6-154,3600,120,154,-106.10003,34.6036
SUNZIA_P1_0061,99001,NM,Torrance,SunZia Wind Phase 1,2026,278,GE Wind,GE3.6-154,3600,120,154,-106.0438,34.62976
SUNZIA_P1_0062,99001,NM,Lincoln,SunZia Wind Phase 1,2026,278,GE Wind,GE3.6-154,3600,120,154,-106.0699,34.62877
SUNZIA_P1_0063,99001,NM,San Miguel,SunZia Wind Phase 1,2026,278,GE Wind,GE3.6-154,3600,120,154,-106.03122,34.64577
SUNZIA_P1_0064,99001,NM,Torrance,SunZia Wind Phase 1,2026,278,GE Wind,GE3.6-154,3600,120,154,-105.93594,34.71003
SUNZIA_P1_0065,99001,NM,Lincoln,SunZia Wind Phase 1,2026,278,GE Wind,GE3.6-154,3600,120,154,-106.00218,34.72531
SUNZIA_P1_0066,99001,NM,San Miguel,SunZia Wind Phase 1,2026,278,GE Wind,GE3.6-154,3600,120,154,-106.09077,34.59306
SUNZIA_P1_0067,99001,NM,Torrance,SunZia Wind Phase 1,2026,278,GE Wind,GE3.6-154,3600,120,154,-105.91136,34.65638
SUNZIA_P1_0068,99001,NM,Lincoln,SunZia Wind Phase 1,2026,278,GE Wind,GE3.6-154,3600,120,154,-106.04505,34.69616
SUNZIA_P1_0069,99001,NM,San Miguel,SunZia Wind Phase 1,2026,278,GE Wind,GE3.6-154,3600,120,154,-105.90437,34.67537
SUNZIA_P1_0070,99001,NM,Torrance,SunZia Wind Phase 1,2026,278,GE Wind,GE3.6-154,3600,120,154,-105.91931,34.63119
SUNZIA_P1_0071,99001,NM,Lincoln,SunZia Wind Phase 1,2026,278,GE Wind,GE3.6-154,3600,120,154,-106.02631,34.56717
SUNZIA_P1_0072,99001,NM,San Miguel,SunZia Wind Phase 1,2026,278,GE Wind,GE3.6-154,3600,120,154,-105.90646,34.61353
SUNZIA_P1_0073,99001,NM,Torrance,SunZia Wind Phase 1,2026,278,GE Wind,GE3.6-154,3600,120,154,-106.00313,34.62907
SUNZIA_P1_0074,99001,NM,Lincoln,SunZia Wind Phase 1,2026,278,GE Wind,GE3.6-154,3600,120,154,-105.97503,34.61363
SUNZIA_P1_0075,99001,NM,San Miguel,SunZia Wind Phase 1,2026,278,GE Wind,GE3.6-154,3600,120,154,-105.94549,34.64346
SUNZIA_P1_0076,99001,NM,Torrance,SunZia Wind Phase 1,2026,278,GE Wind,GE3.6-154,3600,120,154,-106.05145,34.63429
SUNZIA_P1_0077,99001,NM,Lincoln,SunZia Wind Phase 1,2026,278,GE Wind,GE3.6-154,3600,120,154,-105.98951,34.70143
SUNZIA_P1_0078,99001,NM,San Miguel,SunZia Wind Phase 1,2026,278,GE Wind,GE3.6-154,3600,120,154,-105.92611,34.68386
SUNZIA_P1_0079,99001,NM,Torrance,SunZia Wind Phase 1,2026,278,GE Wind,GE3.6-154,3600,120,154,-106.07564,34.67611
SUNZIA_P1_0080,99001,NM,Lincoln,SunZia Wind Phase 1,2026,278,GE Wind,GE3.6-154,3600,120,154,-106.10444,34.65068
SUNZIA_P1_0081,99001,NM,San Miguel,SunZia Wind Phase 1,2026,278,GE Wind,GE3.6-154,3600,120,154,-105.91796,34.63888
SUNZIA_P1_0082,99001,NM,Torrance,SunZia Wind Phase 1,2026,278,GE Wind,GE3.6-154,3600,120,154,-106.09698,34.70045
SUNZIA_P1_0083,99001,NM,Lincoln,SunZia Wind Phase 1,2026,278,GE Wind,GE3.6-154,3600,120,154,-106.05386,34.64702
SUNZIA_P1_0084,99001,NM,San Miguel,SunZia Wind Phase 1,2026,278,GE Wind,GE3.6-154,3600,120,154,-106.06657,34.7022
SUNZIA_P1_0085,99001,NM,Torrance,SunZia Wind Phase 1,2026,278,GE Wind,GE3.6-154,3600,120,154,-105.9216,34.64761
SUNZIA_P1_0086,99001,NM,Lincoln,SunZia Wind Phase 1,2026,278,GE Wind,GE3.6-154,3600,120,154,-105.94471,34.67824
SUNZIA_P1_0087,99001,NM,San Miguel,SunZia Wind Phase 1,2026,278,GE Wind,GE3.6-154,3600,120,154,-105.87871,34.65666
SUNZIA_P1_0088,99001,NM,Torrance,SunZia Wind Phase 1,2026,278,GE Wind,GE3.6-154,3600,120,154,-106.08315,34.67438
SUNZIA_P1_0089,99001,NM,Lincoln,SunZia Wind Phase 1,2026,278,GE Wind,GE3.6-154,3600,120,154,-106.09204,34.67098
SUNZIA_P1_0090,99001,NM,San Miguel,SunZia Wind Phase 1,2026,278,GE Wind,GE3.6-154,3600,120,154,-105.95307,34.69846
SUNZIA_P1_0091,99001,NM,Torrance,SunZia Wind Phase 1,2026,278,GE Wind,GE3.6-154,3600,120,154,-106.06726,34.60625
SUNZIA_P1_0092,99001,NM,Lincoln,SunZia Wind Phase 1,2026,278,GE Wind,GE3.6-154,3600,120,154,-106.01902,34.73289
SUNZIA_P1_0093,99001,NM,San Miguel,SunZia Wind Phase 1,2026,278,GE Wind,GE3.6-154,3600,120,154,-106.10487,34.6327
SUNZIA_P1_0094,99001,NM,Torrance,SunZia Wind Phase 1,2026,278,GE Wind,GE3.6-154,3600,120,154,-105.96632,34.71451
SUNZIA_P1_0095,99001,NM,Lincoln,SunZia Wind Phase 1,2026,278,GE Wind,GE3.6-154,3600,120,154,-106.0494,34.61703
SUNZIA_P1_0096,99001,NM,San Miguel,SunZia Wind Phase 1,2026,278,GE Wind,GE3.6-154,3600,120,154,-106.02045,34.71817
SUNZIA_P1_0097,99001,NM,Torrance,SunZia Wind Phase 1,2026,278,GE Wind,GE3.6-154,3600,120,154,-106.05756,34.66795
SUNZIA_P1_0098,99001,NM,Lincoln,SunZia Wind Phase 1,2026,278,GE Wind,GE3.6-154,3600,120,154,-106.08429,34.58467
SUNZIA_P1_0099,99001,NM,San Miguel,SunZia Wind Phase 1,2026,278,GE Wind,GE3.6-154,3600,120,154,-106.06191,34.68504
SUNZIA_P1_0100,99001,NM,Torrance,SunZia Wind Phase 1,2026,278,GE Wind,GE3.6-154,3600,120,154,-105.88977,34.67398
SUNZIA_P1_0101,99001,NM,Lincoln,SunZia Wind Phase 1,2026,278,GE Wind,GE3.6-154,3600,120,154,-106.03582,34.70629
SUNZIA_P1_0102,99001,NM,San Miguel,SunZia Wind Phase 1,2026,278,GE Wind,GE3.6-154,3600,120,154,-105.94926,34.63524
SUNZIA_P1_0103,99001,NM,Torrance,SunZia Wind Phase 1,2026,278,GE Wind,GE3.6-154,3600,120,154,-106.03327,34.70331
SUNZIA_P1_0104,99001,NM,Lincoln,SunZia Wind Phase 1,2026,278,GE Wind,GE3.6-154,3600,120,154,-105.96777,34.5679
SUNZIA_P1_0105,99001,NM,San Miguel,SunZia Wind Phase 1,2026,278,GE Wind,GE3.6-154,3600,120,154,-105.90647,34.61406
SUNZIA_P1_0106,99001,NM,Torrance,SunZia Wind Phase 1,2026,278,GE Wind,GE3.6-154,3600,120,154,-106.09837,34.59835
SUNZIA_P1_0107,99001,NM,Lincoln,SunZia Wind Phase 1,2026,278,GE Wind,GE3.6-154,3600,120,154,-106.10191,34.60852
SUNZIA_P1_0108,99001,NM,San Miguel,SunZia Wind Phase 1,2026,278,GE Wind,GE3.6-154,3600,120,154,-106.05325,34.62725
SUNZIA_P1_0109,99001,NM,Torrance,SunZia Wind Phase 1,2026,278,GE Wind,GE3.6-154,3600,120,154,-106.06499,34.60826
SUNZIA_P1_0110,99001,NM,Lincoln,SunZia Wind Phase 1,2026,278,GE Wind,GE3.6-154,3600,120,154,-105.98965,34.57136
SUNZIA_P1_0111,99001,NM,San Miguel,SunZia Wind Phase 1,2026,278,GE Wind,GE3.6-154,3600,120,154,-106.02924,34.72666
SUNZIA_P1_0112,99001,NM,Torrance,SunZia Wind Phase 1,2026,278,GE Wind,GE3.6-154,3600,120,154,-106.1229,34.62212
SUNZIA_P1_0113,99001,NM,Lincoln,SunZia Wind Phase 1,2026,278,GE Wind,GE3.6-154,3600,120,154,-105.98546,34.57611
SUNZIA_P1_0114,99001,NM,San Miguel,SunZia Wind Phase 1,2026,278,GE Wind,GE3.6-154,3600,120,154,-106.04973,34.63127
SUNZIA_P1_0115,99001,NM,Torrance,SunZia Wind Phase 1,2026,278,GE Wind,GE3.6-154,3600,120,154,-106.03552,34.68494
SUNZIA_P1_0116,99001,NM,Lincoln,SunZia Wind Phase 1,2026,278,GE Wind,GE3.6-154,3600,120,154,-105.9851,34.71249
SUNZIA_P1_0117,99001,NM,San Miguel,SunZia Wind Phase 1,2026,278,GE Wind,GE3.6-154,3600,120,154,-105.92502,34.59392
SUNZIA_P1_0118,99001,NM,Torrance,SunZia Wind Phase 1,2026,278,GE Wind,GE3.6-154,3600,120,154,-105.91249,34.66854
SUNZIA_P1_0119,99001,NM,Lincoln,SunZia Wind Phase 1,2026,278,GE Wind,GE3.6-154,3600,120,154,-106.03879,34.70856
SUNZIA_P1_0120,99001,NM,San Miguel,SunZia Wind Phase 1,2026,278,GE Wind,GE3.6-154,3600,120,154,-106.08187,34.63329
SUNZIA_P1_0121,99001,NM,Torrance,SunZia Wind Phase 1,2026,278,GE Wind,GE3.6-154,3600,120,154,-106.10126,34.62205
SUNZIA_P1_0122,99001,NM,Lincoln,SunZia Wind Phase 1,2026,278,GE Wind,GE3.6-154,3600,120,154,-106.05309,34.57453
SUNZIA_P1_0123,99001,NM,San Miguel,SunZia Wind Phase 1,2026,278,GE Wind,GE3.6-154,3600,120,154,-105.9596,34.72966
SUNZIA_P1_0124,99001,NM,Torrance,SunZia Wind Phase 1,2026,278,GE Wind,GE3.6-154,3600,120,154,-106.04239,34.71623
SUNZIA_P1_0125,99001,NM,Lincoln,SunZia Wind Phase 1,2026,278,GE Wind,GE3.6-154,3600,120,154,-106.04912,34.71061
SUNZIA_P1_0126,99001,NM,San Miguel,SunZia Wind Phase 1,2026,278,GE Wind,GE3.6-154,3600,120,154,-106.07627,34.70139
SUNZIA_P1_0127,99001,NM,Torrance,SunZia Wind Phase 1,2026,278,GE Wind,GE3.6-154,3600,120,154,-105.92157,34.6509
SUNZIA_P1_0128,99001,NM,Lincoln,SunZia Wind Phase 1,2026,278,GE Wind,GE3.6-154,3600,120,154,-105.96078,34.64064
SUNZIA_P1_0129,99001,NM,San Miguel,SunZia Wind Phase 1,2026,278,GE Wind,GE3.6-154,3600,120,154,-105.98219,34.6087
SUNZIA_P1_0130,99001,NM,Torrance,SunZia Wind Phase 1,2026,278,GE Wind,GE3.6-154,3600,120,154,-106.00759,34.69367
SUNZIA_P1_0131,99001,NM,Lincoln,SunZia Wind Phase 1,2026,278,GE Wind,GE3.6-154,3600,120,154,-105.93248,34.67002
SUNZIA_P1_0132,99001,NM,San Miguel,SunZia Wind Phase 1,2026,278,GE Wind,GE3.6-154,3600,120,154,-105.99139,34.56893
SUNZIA_P1_0133,99001,NM,Torrance,SunZia Wind Phase 1,2026,278,GE Wind,GE3.6-154,3600,120,154,-106.06498,34.66503
SUNZIA_P1_0134,99001,NM,Lincoln,SunZia Wind Phase 1,2026,278,GE Wind,GE3.6-154,3600,120,154,-106.09063,34.6661
SUNZIA_P1_0135,99001,NM,San Miguel,SunZia Wind Phase 1,2026,278,GE Wind,GE3.6-154,3600,120,154,-106.01915,34.64055
SUNZIA_P1_0136,99001,NM,Torrance,SunZia Wind Phase 1,2026,278,GE Wind,GE3.6-154,3600,120,154,-105.99455,34.56967
SUNZIA_P1_0137,99001,NM,Lincoln,SunZia Wind Phase 1,2026,278,GE Wind,GE3.6-154,3600,120,154,-106.0753,34.61942
SUNZIA_P1_0138,99001,NM,San Miguel,SunZia Wind Phase 1,2026,278,GE Wind,GE3.6-154,3600,120,154,-105.95584,34.63048
SUNZIA_P1_0139,99001,NM,Torrance,SunZia Wind Phase 1,2026,278,GE Wind,GE3.6-154,3600,120,154,-105.89913,34.6581
SUNZIA_P1_0140,99001,NM,Lincoln,SunZia Wind Phase 1,2026,278,GE Wind,GE3.6-154,3600,120,154,-105.96551,34.63078
SUNZIA_P1_0141,99001,NM,San Miguel,SunZia Wind Phase 1,2026,278,GE Wind,GE3.6-154,3600,120,154,-106.05234,34.61226
SUNZIA_P1_0142,99001,NM,Torrance,SunZia Wind Phase 1,2026,278,GE Wind,GE3.6-154,3600,120,154,-105.95378,34.64302
SUNZIA_P1_0143,99001,NM,Lincoln,SunZia Wind Phase 1,2026,278,GE Wind,GE3.6-154,3600,120,154,-105.94313,34.65516
SUNZIA_P1_0144,99001,NM,San Miguel,SunZia Wind Phase 1,2026,278,GE Wind,GE3.6-154,3600,120,154,-105.94082,34.67965
SUNZIA_P1_0145,99001,NM,Torrance,SunZia Wind Phase 1,2026,278,GE Wind,GE3.6-154,3600,120,154,-106.04136,34.69128
SUNZIA_P1_0146,99001,NM,Lincoln,SunZia Wind Phase 1,2026,278,GE Wind,GE3.6-154,3600,120,154,-105.89039,34.68379
SUNZIA_P1_0147,99001,NM,San Miguel,SunZia Wind Phase 1,2026,278,GE Wind,GE3.6-154,3600,120,154,-106.02418,34.62685
SUNZIA_P1_0148,99001,NM,Torrance,SunZia Wind Phase 1,2026,278,GE Wind,GE3.6-154,3600,120,154,-106.11776,34.67121
SUNZIA_P1_0149,99001,NM,Lincoln,SunZia Wind Phase 1,2026,278,GE Wind,GE3.6-154,3600,120,154,-106.07558,34.64354
SUNZIA_P1_0150,99001,NM,San Miguel,SunZia Wind Phase 1,2026,278,GE Wind,GE3.6-154,3600,120,154,-106.06278,34.61255
SUNZIA_P1_0151,99001,NM,Torrance,SunZia Wind Phase 1,2026,278,GE Wind,GE3.6-154,3600,120,154,-106.11252,34.67155
SUNZIA_P1_0152,99001,NM,Lincoln,SunZia Wind Phase 1,2026,278,GE Wind,GE3.6-154,3600,120,154,-105.93242,34.68151
SUNZIA_P1_0153,99001,NM,San Miguel,SunZia Wind Phase 1,2026,278,GE Wind,GE3.6-154,3600,120,154,-106.01126,34.72421
SUNZIA_P1_0154,99001,NM,Torrance,SunZia Wind Phase 1,2026,278,GE Wind,GE3.6-154,3600,120,154,-105.93318,34.69833
SUNZIA_P1_0155,99001,NM,Lincoln,SunZia Wind Phase 1,2026,278,GE Wind,GE3.6-154,3600,120,154,-106.11984,34.64922
SUNZIA_P1_0156,99001,NM,San Miguel,SunZia Wind Phase 1,2026,278,GE Wind,GE3.6-154,3600,120,154,-106.06832,34.65095
SUNZIA_P1_0157,99001,NM,Torrance,SunZia Wind Phase 1,2026,278,GE Wind,GE3.6-154,3600,120,154,-106.12909,34.65064
SUNZIA_P1_0158,99001,NM,Lincoln,SunZia Wind Phase 1,2026,278,GE Wind,GE3.6-154,3600,120,154,-106.00874,34.57664
SUNZIA_P1_0159,99001,NM,San Miguel,SunZia Wind Phase 1,2026,278,GE Wind,GE3.6-154,3600,120,154,-106.03167,34.68954
SUNZIA_P1_0160,99001,NM,Torrance,SunZia Wind Phase 1,2026,278,GE Wind,GE3.6-154,3600,120,154,-105.93347,34.70975
SUNZIA_P1_0161,99001,NM,Lincoln,SunZia Wind Phase 1,2026,278,GE Wind,GE3.6-154,3600,120,154,-105.91786,34.68094
SUNZIA_P1_0162,99001,NM,San Miguel,SunZia Wind Phase 1,2026,278,GE Wind,GE3.6-154,3600,120,154,-105.93577,34.69414
SUNZIA_P1_0163,99001,NM,Torrance,SunZia Wind Phase 1,2026,278,GE Wind,GE3.6-154,3600,120,154,-105.98411,34.58008
SUNZIA_P1_0164,99001,NM,Lincoln,SunZia Wind Phase 1,2026,278,GE Wind,GE3.6-154,3600,120,154,-106.01985,34.7172
SUNZIA_P1_0165,99001,NM,San Miguel,SunZia Wind Phase 1,2026,278,GE Wind,GE3.6-154,3600,120,154,-106.08452,34.63733
SUNZIA_P1_0166,99001,NM,Torrance,SunZia Wind Phase 1,2026,278,GE Wind,GE3.6-154,3600,120,154,-105.89237,34.61838
SUNZIA_P1_0167,99001,NM,Lincoln,SunZia Wind Phase 1,2026,278,GE Wind,GE3.6-154,3600,120,154,-106.08149,34.67804
SUNZIA_P1_0168,99001,NM,San Miguel,SunZia Wind Phase 1,2026,278,GE Wind,GE3.6-154,3600,120,154,-105.90702,34.66425
SUNZIA_P1_0169,99001,NM,Torrance,SunZia Wind Phase 1,2026,278,GE Wind,GE3.6-154,3600,120,154,-106.06716,34.66849
SUNZIA_P1_0170,99001,NM,Lincoln,SunZia Wind Phase 1,2026,278,GE Wind,GE3.6-154,3600,120,154,-106.02741,34.56369
SUNZIA_P1_0171,99001,NM,San Miguel,SunZia Wind Phase 1,2026,278,GE Wind,GE3.6-154,3600,120,154,-105.93286,34.60388
SUNZIA_P1_0172,99001,NM,Torrance,SunZia Wind Phase 1,2026,278,GE Wind,GE3.6-154,3600,120,154,-106.11471,34.61471
SUNZIA_P1_0173,99001,NM,Lincoln,SunZia Wind Phase 1,2026,278,GE Wind,GE3.6-154,3600,120,154,-106.01838,34.66433
SUNZIA_P1_0174,99001,NM,San Miguel,SunZia Wind Phase 1,2026,278,GE Wind,GE3.6-154,3600,120,154,-105.90379,34.68972
SUNZIA_P1_0175,99001,NM,Torrance,SunZia Wind Phase 1,2026,278,GE Wind,GE3.6-154,3600,120,154,-105.9402,34.62769
SUNZIA_P1_0176,99001,NM,Lincoln,SunZia Wind Phase 1,2026,278,GE Wind,GE3.6-154,3600,120,154,-106.05208,34.70845
SUNZIA_P1_0177,99001,NM,San Miguel,SunZia Wind Phase 1,2026,278,GE Wind,GE3.6-154,3600,120,154,-106.07379,34.69096
SUNZIA_P1_0178,99001,NM,Torrance,SunZia Wind Phase 1,2026,278,GE Wind,GE3.6-154,3600,120,154,-106.10936,34.63845
SUNZIA_P1_0179,99001,NM,Lincoln,SunZia Wind Phase 1,2026,278,GE Wind,GE3.6-154,3600,120,154,-106.02088,34.71255
SUNZIA_P1_0180,99001,NM,San Miguel,SunZia Wind Phase 1,2026,278,GE Wind,GE3.6-154,3600,120,154,-105.91322,34.69219
SUNZIA_P1_0181,99001,NM,Torrance,SunZia Wind Phase 1,2026,278,GE Wind,GE3.6-154,3600,120,154,-105.91169,34.68527
SUNZIA_P1_0182,99001,NM,Lincoln,SunZia Wind Phase 1,2026,278,GE Wind,GE3.6-154,3600,120,154,-105.89964,34.63496
SUNZIA_P1_0183,99001,NM,San Miguel,SunZia Wind Phase 1,2026,278,GE Wind,GE3.6-154,3600,120,154,-105.93387,34.69926
SUNZIA_P1_0184,99001,NM,Torrance,SunZia Wind Phase 1,2026,278,GE Wind,GE3.6-154,3600,120,154,-106.03996,34.67339
SUNZIA_P1_0185,99001,NM,Lincoln,SunZia Wind Phase 1,2026,278,GE Wind,GE3.6-154,3600,120,154,-106.00438,34.72225
SUNZIA_P1_0186,99001,NM,San Miguel,SunZia Wind Phase 1,2026,278,GE Wind,GE3.6-154,3600,120,154,-105.92832,34.65927
SUNZIA_P1_0187,99001,NM,Torrance,SunZia Wind Phase 1,2026,278,GE Wind,GE3.6-154,3600,120,154,-105.99735,34.70196
SUNZIA_P1_0188,99001,NM,Lincoln,SunZia Wind Phase 1,2026,278,GE Wind,GE3.6-154,3600,120,154,-105.86861,34.65076
SUNZIA_P1_0189,99001,NM,San Miguel,SunZia Wind Phase 1,2026,278,GE Wind,GE3.6-154,3600,120,154,-106.00415,34.70706
SUNZIA_P1_0190,99001,NM,Torrance,SunZia Wind Phase 1,2026,278,GE Wind,GE3.6-154,3600,120,154,-106.07378,34.61637
SUNZIA_P1_0191,99001,NM,Lincoln,SunZia Wind Phase 1,2026,278,GE Wind,GE3.6-154,3600,120,154,-106.02792,34.66759
SUNZIA_P1_0192,99001,NM,San Miguel,SunZia Wind Phase 1,2026,278,GE Wind,GE3.6-154,3600,120,154,-105.87632,34.66315
SUNZIA_P1_0193,99001,NM,Torrance,SunZia Wind Phase 1,2026,278,GE Wind,GE3.6-154,3600,120,154,-105.91768,34.69199
SUNZIA_P1_0194,99001,NM,Lincoln,SunZia Wind Phase 1,2026,278,GE Wind,GE3.6-154,3600,120,154,-105.99151,34.69605
SUNZIA_P1_0195,99001,NM,San Miguel,SunZia Wind Phase 1,2026,278,GE Wind,GE3.6-154,3600,120,154,-106.01659,34.72671
SUNZIA_P1_0196,99001,NM,Torrance,SunZia Wind Phase 1,2026,278,GE Wind,GE3.6-154,3600,120,154,-105.99631,34.61202
SUNZIA_P1_0197,99001,NM,Lincoln,SunZia Wind Phase 1,2026,278,GE Wind,GE3.6-154,3600,120,154,-105.96676,34.71481
SUNZIA_P1_0198,99001,NM,San Miguel,SunZia Wind Phase 1,2026,278,GE Wind,GE3.6-154,3600,120,154,-105.87326,34.67725
SUNZIA_P1_0199,99001,NM,Torrance,SunZia Wind Phase 1,2026,278,GE Wind,GE3.6-154,3600,120,154,-105.97049,34.66457
SUNZIA_P1_0200,99001,NM,Lincoln,SunZia Wind Phase 1,2026,278,GE Wind,GE3.6-154,3600,120,154,-105.97865,34.73328
SUNZIA_P1_0201,99001,NM,San Miguel,SunZia Wind Phase 1,2026,278,GE Wind,GE3.6-154,3600,120,154,-105.8743,34.64128
SUNZIA_P1_0202,99001,NM,Torrance,SunZia Wind Phase 1,2026,278,GE Wind,GE3.6-154,3600,120,154,-106.0668,34.66188
SUNZIA_P1_0203,99001,NM,Lincoln,SunZia Wind Phase 1,2026,278,GE Wind,GE3.6-154,3600,120,154,-105.97633,34.68195
SUNZIA_P1_0204,99001,NM,San Miguel,SunZia Wind Phase 1,2026,278,GE Wind,GE3.6-154,3600,120,154,-105.90573,34.67657
SUNZIA_P1_0205,99001,NM,Torrance,SunZia Wind Phase 1,2026,278,GE Wind,GE3.6-154,3600,120,154,-105.9767,34.70968
SUNZIA_P1_0206,99001,NM,Lincoln,SunZia Wind Phase 1,2026,278,GE Wind,GE3.6-154,3600,120,154,-106.05796,34.6674
SUNZIA_P1_0207,99001,NM,San Miguel,SunZia Wind Phase 1,2026,278,GE Wind,GE3.6-154,3600,120,154,-106.09981,34.66198
SUNZIA_P1_0208,99001,NM,Torrance,SunZia Wind Phase 1,2026,278,GE Wind,GE3.6-154,3600,120,154,-105.87947,34.66494
SUNZIA_P1_0209,99001,NM,Lincoln,SunZia Wind Phase 1,2026,278,GE Wind,GE3.6-154,3600,120,154,-106.10619,34.67248
SUNZIA_P1_0210,99001,NM,San Miguel,SunZia Wind Phase 1,2026,278,GE Wind,GE3.6-154,3600,120,154,-106.02464,34.69112
SUNZIA_P1_0211,99001,NM,Torrance,SunZia Wind Phase 1,2026,278,GE Wind,GE3.6-154,3600,120,154,-106.05893,34.5849
SUNZIA_P1_0212,99001,NM,Lincoln,SunZia Wind Phase 1,2026,278,GE Wind,GE3.6-154,3600,120,154,-106.02517,34.58557
SUNZIA_P1_0213,99001,NM,San Miguel,SunZia Wind Phase 1,2026,278,GE Wind,GE3.6-154,3600,120,154,-106.01959,34.56372
SUNZIA_P1_0214,99001,NM,Torrance,SunZia Wind Phase 1,2026,278,GE Wind,GE3.6-154,3600,120,154,-105.92154,34.65958
SUNZIA_P1_0215,99001,NM,Lincoln,SunZia Wind Phase 1,2026,278,GE Wind,GE3.6-154,3600,120,154,-105.95284,34.69862
SUNZIA_P1_0216,99001,NM,San Miguel,SunZia Wind Phase 1,2026,278,GE Wind,GE3.6-154,3600,120,154,-105.96405,34.57746
SUNZIA_P1_0217,99001,NM,Torrance,SunZia Wind Phase 1,2026,278,GE Wind,GE3.6-154,3600,120,154,-105.96432,34.60331
SUNZIA_P1_0218,99001,NM,Lincoln,SunZia Wind Phase 1,2026,278,GE Wind,GE3.6-154,3600,120,154,-105.97365,34.58318
SUNZIA_P1_0219,99001,NM,San Miguel,SunZia Wind Phase 1,2026,278,GE Wind,GE3.6-154,3600,120,154,-105.94512,34.72814
SUNZIA_P1_0220,99001,NM,Torrance,SunZia Wind Phase 1,2026,278,GE Wind,GE3.6-154,3600,120,154,-105.88239,34.64596
SUNZIA_P1_0221,99001,NM,Lincoln,SunZia Wind Phase 1,2026,278,GE Wind,GE3.6-154,3600,120,154,-105.91992,34.66488
SUNZIA_P1_0222,99001,NM,San Miguel,SunZia Wind Phase 1,2026,278,GE Wind,GE3.6-154,3600,120,154,-106.06779,34.71594
SUNZIA_P1_0223,99001,NM,Torrance,SunZia Wind Phase 1,2026,278,GE Wind,GE3.6-154,3600,120,154,-106.09109,34.64894
SUNZIA_P1_0224,99001,NM,Lincoln,SunZia Wind Phase 1,2026,278,GE Wind,GE3.6-154,3600,120,154,-106.10598,34.61511
SUNZIA_P1_0225,99001,NM,San Miguel,SunZia Wind Phase 1,2026,278,GE Wind,GE3.6-154,3600,120,154,-105.89329,34.65511
SUNZIA_P1_0226,99001,NM,Torrance,SunZia Wind Phase 1,2026,278,GE Wind,GE3.6-154,3600,120,154,-105.91204,34.68876
SUNZIA_P1_0227,99001,NM,Lincoln,SunZia Wind Phase 1,2026,278,GE Wind,GE3.6-154,3600,120,154,-105.90375,34.59442
SUNZIA_P1_0228,99001,NM,San Miguel,SunZia Wind Phase 1,2026,278,GE Wind,GE3.6-154,3600,120,154,-106.06708,34.64874
SUNZIA_P1_0229,99001,NM,Torrance,SunZia Wind Phase 1,2026,278,GE Wind,GE3.6-154,3600,120,154,-106.04678,34.59486
SUNZIA_P1_0230,99001,NM,Lincoln,SunZia Wind Phase 1,2026,278,GE Wind,GE3.6-154,3600,120,154,-106.01,34.61038
SUNZIA_P1_0231,99001,NM,San Miguel,SunZia Wind Phase 1,2026,278,GE Wind,GE3.6-154,3600,120,154,-106.06213,34.63693
SUNZIA_P1_0232,99001,NM,Torrance,SunZia Wind Phase 1,2026,278,GE Wind,GE3.6-154,3600,120,154,-105.98114,34.71673
SUNZIA_P1_0233,99001,NM,Lincoln,SunZia Wind Phase 1,2026,278,GE Wind,GE3.6-154,3600,120,154,-105.95761,34.68242
SUNZIA_P1_0234,99001,NM,San Miguel,SunZia Wind Phase 1,2026,278,GE Wind,GE3.6-154,3600,120,154,-106.03232,34.58932
SUNZIA_P1_0235,99001,NM,Torrance,SunZia Wind Phase 1,2026,278,GE Wind,GE3.6-154,3600,120,154,-105.97674,34.61204
SUNZIA_P1_0236,99001,NM,Lincoln,SunZia Wind Phase 1,2026,278,GE Wind,GE3.6-154,3600,120,154,-106.02994,34.60717
SUNZIA_P1_0237,99001,NM,San Miguel,SunZia Wind Phase 1,2026,278,Vestas,V163-4.5,4500,132,163,-105.99092,34.70769
SUNZIA_P1_0238,99001,NM,Torrance,SunZia Wind Phase 1,2026,278,Vestas,V163-4.5,4500,132,163,-105.9901,34.56204
SUNZIA_P1_0239,99001,NM,Lincoln,SunZia Wind Phase 1,2026,278,Vestas,V163-4.5,4500,132,163,-106.00705,34.62571
SUNZIA_P1_0240,99001,NM,San Miguel,SunZia Wind Phase 1,2026,278,Vestas,V163-4.5,4500,132,163,-106.09026,34.62488
SUNZIA_P1_0241,99001,NM,Torrance,SunZia Wind Phase 1,2026,278,Vestas,V163-4.5,4500,132,163,-106.07315,34.58333
SUNZIA_P1_0242,99001,NM,Lincoln,SunZia Wind Phase 1,2026,278,Vestas,V163-4.5,4500,132,163,-105.88871,34.65578
SUNZIA_P1_0243,99001,NM,San Miguel,SunZia Wind Phase 1,2026,278,Vestas,V163-4.5,4500,132,163,-106.09588,34.67845
SUNZIA_P1_0244,99001,NM,Torrance,SunZia Wind Phase 1,2026,278,Vestas,V163-4.5,4500,132,163,-106.05346,34.59311
SUNZIA_P1_0245,99001,NM,Lincoln,SunZia Wind Phase 1,2026,278,Vestas,V163-4.5,4500,132,163,-106.06244,34.57841
SUNZIA_P1_0246,99001,NM,San Miguel,SunZia Wind Phase 1,2026,278,Vestas,V163-4.5,4500,132,163,-105.92829,34.62827
SUNZIA_P1_0247,99001,NM,Torrance,SunZia Wind Phase 1,2026,278,Vestas,V163-4.5,4500,132,163,-105.90023,34.64132
SUNZIA_P1_0248,99001,NM,Lincoln,SunZia Wind Phase 1,2026,278,Vestas,V163-4.5,4500,132,163,-106.09602,34.6699
SUNZIA_P1_0249,99001,NM,San Miguel,SunZia Wind Phase 1,2026,278,Vestas,V163-4.5,4500,132,163,-105.95786,34.7118
SUNZIA_P1_0250,99001,NM,Torrance,SunZia Wind Phase 1,2026,278,Vestas,V163-4.5,4500,132,163,-106.01797,34.71248
SUNZIA_P1_0251,99001,NM,Lincoln,SunZia Wind Phase 1,2026,278,Vestas,V163-4.5,4500,132,163,-105.9027,34.63152
SUNZIA_P1_0252,99001,NM,San Miguel,SunZia Wind Phase 1,2026,278,Vestas,V163-4.5,4500,132,163,-105.87694,34.67411
SUNZIA_P1_0253,99001,NM,Torrance,SunZia Wind Phase 1,2026,278,Vestas,V163-4.5,4500,132,163,-106.10424,34.62797
SUNZIA_P1_0254,99001,NM,Lincoln,SunZia Wind Phase 1,2026,278,Vestas,V163-4.5,4500,132,163,-106.10982,34.64938
SUNZIA_P1_0255,99001,NM,San Miguel,SunZia Wind Phase 1,2026,278,Vestas,V163-4.5,4500,132,163,-106.09574,34.66477
SUNZIA_P1_0256,99001,NM,Torrance,SunZia Wind Phase 1,2026,278,Vestas,V163-4.5,4500,132,163,-105.89761,34.62317
SUNZIA_P1_0257,99001,NM,Lincoln,SunZia Wind Phase 1,2026,278,Vestas,V163-4.5,4500,132,163,-105.97115,34.59369
SUNZIA_P1_0258,99001,NM,San Miguel,SunZia Wind Phase 1,2026,278,Vestas,V163-4.5,4500,132,163,-106.07098,34.67019
SUNZIA_P1_0259,99001,NM,Torrance,SunZia Wind Phase 1,2026,278,Vestas,V163-4.5,4500,132,163,-105.92922,34.59606
SUNZIA_P1_0260,99001,NM,Lincoln,SunZia Wind Phase 1,2026,278,Vestas,V163-4.5,4500,132,163,-106.02716,34.68269
SUNZIA_P1_0261,99001,NM,San Miguel,SunZia Wind Phase 1,2026,278,Vestas,V163-4.5,4500,132,163,-106.0381,34.58377
SUNZIA_P1_0262,99001,NM,Torrance,SunZia Wind Phase 1,2026,278,Vestas,V163-4.5,4500,132,163,-106.00014,34.72351
SUNZIA_P1_0263,99001,NM,Lincoln,SunZia Wind Phase 1,2026,278,Vestas,V163-4.5,4500,132,163,-105.91124,34.6933
SUNZIA_P1_0264,99001,NM,San Miguel,SunZia Wind Phase 1,2026,278,Vestas,V163-4.5,4500,132,163,-106.06046,34.69142
SUNZIA_P1_0265,99001,NM,Torrance,SunZia Wind Phase 1,2026,278,Vestas,V163-4.5,4500,132,163,-105.96277,34.60385
SUNZIA_P1_0266,99001,NM,Lincoln,SunZia Wind Phase 1,2026,278,Vestas,V163-4.5,4500,132,163,-105.98131,34.71552
SUNZIA_P1_0267,99001,NM,San Miguel,SunZia Wind Phase 1,2026,278,Vestas,V163-4.5,4500,132,163,-105.93529,34.62929
SUNZIA_P1_0268,99001,NM,Torrance,SunZia Wind Phase 1,2026,278,Vestas,V163-4.5,4500,132,163,-106.02102,34.56119
SUNZIA_P1_0269,99001,NM,Lincoln,SunZia Wind Phase 1,2026,278,Vestas,V163-4.5,4500,132,163,-105.93196,34.59412
SUNZIA_P1_0270,99001,NM,San Miguel,SunZia Wind Phase 1,2026,278,Vestas,V163-4.5,4500,132,163,-105.97533,34.62125
SUNZIA_P1_0271,99001,NM,Torrance,SunZia Wind Phase 1,2026,278,Vestas,V163-4.5,4500,132,163,-106.09712,34.65422
SUNZIA_P1_0272,99001,NM,Lincoln,SunZia Wind Phase 1,2026,278,Vestas,V163-4.5,4500,132,163,-106.03797,34.60025
SUNZIA_P1_0273,99001,NM,San Miguel,SunZia Wind Phase 1,2026,278,Vestas,V163-4.5,4500,132,163,-105.95395,34.60603
SUNZIA_P1_0274,99001,NM,Torrance,SunZia Wind Phase 1,2026,278,Vestas,V163-4.5,4500,132,163,-106.04732,34.59862
SUNZIA_P1_0275,99001,NM,Lincoln,SunZia Wind Phase 1,2026,278,Vestas,V163-4.5,4500,132,163,-105.97001,34.69579
SUNZIA_P1_0276,99001,NM,San Miguel,SunZia Wind Phase 1,2026,278,Vestas,V163-4.5,4500,132,163,-106.0055,34.56452
SUNZIA_P1_0277,99001,NM,Torrance,SunZia Wind Phase 1,2026,278,Vestas,V163-4.5,4500,132,163,-105.90303,34.66608
SUNZIA_P1_0278,99001,NM,Lincoln,SunZia Wind Phase 1,2026,278,Vestas,V163-4.5,4500,132,163,-106.04847,34.722
