utc,tmpf,dwpf,cloud,load,ens_p10,ens_p50,ens_p90
2026-06-27 00:00:00+00:00,72.60685989953686,63.970329056135334,84.73368973698405,101911.88798513438,100315.91292315722,101911.88798513438,104737.23934684317
2026-06-27 01:00:00+00:00,72.03831154471825,63.941171951760005,85.04770784390931,101329.3568203515,99500.79791195276,101329.3568203515,104337.72805104557
2026-06-27 02:00:00+00:00,71.25348026287048,63.897419133439094,85.36193989402098,101054.75711339635,98721.12103462641,101054.75711339635,103736.88665747935
2026-06-27 03:00:00+00:00,70.46162761834422,63.85887843051379,85.68210909637538,97726.13015820336,94273.37989470916,97726.13015820336,99240.5959060384
2026-06-27 04:00:00+00:00,69.76295852938678,63.81984767936317,85.99112255906286,91634.30345566785,90445.37701363493,91642.53461208442,96248.26364602895
2026-06-27 05:00:00+00:00,69.2268111021638,63.77974661261663,86.3050131204057,88260.87191776255,86521.56110757215,88313.22168800041,90305.56550742086
2026-06-27 06:00:00+00:00,68.70715039426972,63.73997420630626,86.61790028520586,84601.47063999975,82138.69639248843,84152.39596612919,86709.8057417669
2026-06-27 07:00:00+00:00,68.42399030194709,63.84008118052957,86.11761982997481,81735.30572888762,79728.10210667833,81175.57367725816,85036.6659062611
2026-06-27 08:00:00+00:00,68.1427135942812,63.938324848310714,85.62107265888714,79834.07154722241,78561.89021892965,79822.21338290571,83215.38227840788
2026-06-27 09:00:00+00:00,67.89942412380735,64.0111526433769,85.10811849218551,79892.97717471341,78378.84095283892,79816.0960367582,82914.46074330107
2026-06-27 10:00:00+00:00,67.84641436157112,64.04552250226314,84.60040359801918,79988.4072812397,78079.93080806822,79988.4072812397,82663.0669564177
2026-06-27 11:00:00+00:00,68.16020921583736,64.14894044415988,84.09818225024813,80661.88812438297,78556.45144921272,80576.9266540621,83471.94647049744
2026-06-27 12:00:00+00:00,68.95952740650428,64.28109742815535,83.59481495560817,81721.99944579486,78196.63946995251,81370.2109519932,84107.75812172877
2026-06-27 13:00:00+00:00,70.09113079895978,64.55654344252062,82.85391726649917,85935.97580880501,83469.26657032371,85912.8962253978,88411.43284001041
2026-06-27 14:00:00+00:00,71.47575918765273,64.80682430476026,82.12752215606253,89416.77876761911,86182.46920824118,89009.54446257435,91462.89708859839
2026-06-27 15:00:00+00:00,72.95651178351945,65.02887608104183,81.38892631366267,91863.66109928432,90359.53326719542,91677.14671907965,93858.80113007835
2026-06-27 16:00:00+00:00,74.39080213633184,65.25510073640547,80.65113911780364,94506.19757025909,91017.80871983197,94506.19757025909,96231.34342853434
2026-06-27 17:00:00+00:00,75.5833539796504,65.46846927666272,79.9182040951036,95727.70363042431,92217.12447286208,95990.08326838017,97792.33664953627
2026-06-27 18:00:00+00:00,76.44198662211585,65.68623712429259,79.19265579138792,98685.5928821078,94401.72437109599,98246.91195060582,100806.46122744345
2026-06-27 19:00:00+00:00,76.86583190231562,65.75236587856561,77.27866975266421,99551.67656852982,95585.86857515716,99663.511982738,102638.1123624926
2026-06-27 20:00:00+00:00,76.89718734828409,65.79665871380178,75.36448196654669,102456.17496629005,96916.9740628946,102161.8410866073,105481.8884923589
2026-06-27 21:00:00+00:00,76.50135493143243,65.84901387337821,73.45667649948611,102971.31027367688,97539.73580655715,102483.20114070865,105739.27653700823
2026-06-27 22:00:00+00:00,75.8613851217835,65.89869355694724,71.54727878516753,102589.22655586441,97703.08390403877,102624.91795153146,104938.85350624047
2026-06-27 23:00:00+00:00,75.13284797392605,65.94447852189938,69.63570209076704,103026.0319101158,99523.46934816231,103012.11840962562,105152.32380496837
2026-06-28 00:00:00+00:00,74.35369452166942,65.99184498947682,67.72212849049987,101248.1002420319,97638.9168537458,101248.1002420319,104383.6644749256
2026-06-28 01:00:00+00:00,73.41783533851154,65.85360781437062,67.49044003982081,100382.01133565682,96113.14932452147,100417.73459608053,104088.74947879296
2026-06-28 02:00:00+00:00,72.36587619063825,65.70308957603221,67.24769335137827,98525.06890605876,94858.96503455949,98559.74452060215,100878.23327632948
2026-06-28 03:00:00+00:00,71.28353582899175,65.55948707210476,67.00989974858571,95850.16067920015,91953.56808761088,95509.28518924047,98751.51612489924
2026-06-28 04:00:00+00:00,70.29195069620914,65.41579260264291,66.7682157924915,89492.93372950876,87321.46819016714,89775.72609779055,93720.21177375551
2026-06-28 05:00:00+00:00,69.60449705628669,65.2734085759646,66.53344651153382,86308.46760017115,83962.5402611427,86214.66356346005,89029.36885984396
2026-06-28 06:00:00+00:00,69.1734516504942,65.12562553146184,66.28893037848853,82444.6163568446,80417.90917918975,82175.87640109565,83752.42849058752
2026-06-28 07:00:00+00:00,68.92065845365819,65.26712648096887,65.85693604933485,80500.38975865887,77473.0540894743,80317.14538435357,82410.62628453171
2026-06-28 08:00:00+00:00,68.66504918597096,65.39256957394603,65.42812887438987,78352.93706240373,76003.24922059511,78554.34868038261,81025.56925552562
2026-06-28 09:00:00+00:00,68.4067334596502,65.48182601104028,64.99255923040417,78430.4406970988,75697.77253751014,78355.74267185101,80239.38424853704
2026-06-28 10:00:00+00:00,68.24154690071296,65.53725747580127,64.56866973925067,78025.1614228833,75940.11227740879,78191.60321114174,80420.04983945863
2026-06-28 11:00:00+00:00,68.80300222830309,65.71959518476862,64.12403090724729,77192.50814905037,74126.41504019375,77431.08617701677,80149.03129420515
2026-06-28 12:00:00+00:00,70.11204405140286,65.98822496813563,63.70370853683651,78451.35232669518,73279.41631740837,78524.9143096921,80617.85327863213
2026-06-28 13:00:00+00:00,71.98213957336398,66.32254893630832,64.36060870826408,84279.05059165768,79734.11561761556,83889.0229573967,86565.40255859579
2026-06-28 14:00:00+00:00,73.97145191310132,66.60534391517136,65.01889467824475,89537.80390890273,86265.84149361792,89150.72344373401,92221.76766134507
2026-06-28 15:00:00+00:00,76.00309624619535,66.86027028553909,65.68161089219731,92737.05520662652,90155.38044172972,92407.84832938353,95372.3709474746
2026-06-28 16:00:00+00:00,77.99118695255864,67.11444631351328,66.34478461209738,96057.37721990437,93217.87777309494,96289.32105212353,98323.81366115018
2026-06-28 17:00:00+00:00,79.70542260087188,67.38138096718342,67.01656764171375,102035.1447564172,97862.49418619588,102035.1447564172,104260.48667692477
2026-06-28 18:00:00+00:00,80.96554440344669,67.64102405443221,67.66602721121463,105393.4180938862,101294.74310995136,105998.66256349027,108780.99503889155
2026-06-28 19:00:00+00:00,81.67593027592326,67.87202201468128,65.12043248234828,109052.21798085855,102542.8410745231,108692.26159286818,111801.01395163233
2026-06-28 20:00:00+00:00,81.90640759326129,68.13442181922247,62.56896275585883,111083.94507229167,105452.46731277893,110824.99467421982,115277.14859475377
2026-06-28 21:00:00+00:00,81.59760126748924,68.37897115338663,60.013041768235816,113917.18018613341,108282.56546281892,114232.4676136613,119056.30166198997
2026-06-28 22:00:00+00:00,80.97588724742047,68.63088727889405,57.46564623143302,115621.31482833801,110568.51717376549,115667.72253739055,120825.07539047253
2026-06-28 23:00:00+00:00,80.19807854546337,68.88071995824762,54.91254519209216,115833.49783107314,109699.63870514379,115387.09896602482,118223.23434698391
2026-06-29 00:00:00+00:00,79.31386566894196,69.13240011476196,52.36208228522592,114114.34334946994,108087.26563531911,113888.7235093046,116644.02014368381
2026-06-29 01:00:00+00:00,78.16802196149182,69.0528883033722,50.535857786353446,112988.94502387327,107791.13389808133,112445.26119022525,116617.5645584986
2026-06-29 02:00:00+00:00,76.85392278095071,68.96410128856952,48.70821544242468,111425.66125389753,105802.53211823055,110990.29919936386,115295.49065827114
2026-06-29 03:00:00+00:00,75.47901107727074,68.87861261102294,46.8981685809397,106458.50125628513,99777.79452256528,105847.4440045307,108520.04503698107
2026-06-29 04:00:00+00:00,74.2482329395866,68.79396120672753,45.06267151533368,98031.65216382936,96149.08747560272,98154.0285258412,102301.76984816858
2026-06-29 05:00:00+00:00,73.41095819320688,68.70289886389763,43.246122385607514,93336.65619379915,89665.08436039797,92654.26242402656,96222.36447465031
2026-06-29 06:00:00+00:00,72.91375186477667,68.6257094778089,41.42566217407192,89809.70467988709,86380.44733300683,88983.58671050839,93305.85432836138
2026-06-29 07:00:00+00:00,72.60712074422969,68.70779247960664,42.28628865197671,86959.39748999212,85248.56724785044,87348.6133085875,92130.94656738758
2026-06-29 08:00:00+00:00,72.31954858042018,68.77955959446321,43.15690742525461,85766.15843320072,84338.85843239928,86342.12307893595,90375.44437289894
2026-06-29 09:00:00+00:00,72.00509888240127,68.79462287844957,44.02505705682042,86395.95593823331,84042.52441968126,86486.30044790392,90618.82041782376
2026-06-29 10:00:00+00:00,71.83519280727552,68.775283031418,44.88090493544028,86851.4834962147,85033.06457179299,87265.4742402789,91084.21308972186
2026-06-29 11:00:00+00:00,72.53190525870637,68.89792839457475,45.74455618755787,92081.55725428204,90084.83924226345,91873.3164731903,95643.02533826351
2026-06-29 12:00:00+00:00,74.11851926595514,69.12577840691912,46.61165701646409,97265.05466251797,94394.83623431993,97113.30074915776,100297.0788617384
2026-06-29 13:00:00+00:00,76.31054765324713,69.05609632088154,45.66345902109787,101905.44913767677,98369.59883334486,101652.68103193115,106661.62400274645
2026-06-29 14:00:00+00:00,78.65433083020191,68.92686522050043,44.71306426154343,105007.44227993382,102340.77964723765,104900.33613925443,109491.78810722951
2026-06-29 15:00:00+00:00,81.03152066428504,68.79201758808463,43.75781517937743,109818.10304940607,106995.47158622571,110653.56124538303,117263.51568837809
2026-06-29 16:00:00+00:00,83.32795302541182,68.66682728098606,42.80041778348556,119187.41333977443,111719.09731328917,118850.75908465363,122784.35539145599
2026-06-29 17:00:00+00:00,85.28301701948241,68.55335126349806,41.843001387721806,124514.24186197856,119387.27433022704,124543.86339507336,128851.70470519592
2026-06-29 18:00:00+00:00,86.6757241375707,68.43090340800734,40.892904907613776,131267.06772112212,125752.23320513088,131255.4345309909,135817.6074976089
2026-06-29 19:00:00+00:00,87.42310303282825,68.56325505389623,39.60483790024167,135428.96637921105,129482.84843092236,135245.4347409234,138886.84327057656
2026-06-29 20:00:00+00:00,87.5575698494056,68.69972537176456,38.31906296479693,137928.43633653692,134064.68768646332,138041.38624457357,142564.23730012221
2026-06-29 21:00:00+00:00,87.02985032288079,68.83371488998445,37.02426780137949,139977.24457417015,135182.78657439223,140048.7177833829,144950.12810701155
2026-06-29 22:00:00+00:00,86.08911605769984,68.96292424137741,35.75303925293577,140888.19004540288,134515.72522931467,140862.01756819946,146349.03237795757
2026-06-29 23:00:00+00:00,84.97153988087751,69.09099069156193,34.46296288615418,140222.25964723507,132909.5506547984,139985.24947254927,144807.6281286449
2026-06-30 00:00:00+00:00,83.76108654360112,69.22778163687104,33.17599107779272,136089.02035607595,128958.4932008681,135755.65249821986,141370.70062112212
2026-06-30 01:00:00+00:00,82.26626076138866,69.09757737825387,31.7792980871595,133077.5150198662,125218.43834083882,132836.8509479922,137744.1701461064
2026-06-30 02:00:00+00:00,80.60904626183876,68.97396041914287,30.383890770304628,127857.60036453334,120496.00256367405,127783.87533236203,131695.85613179873
2026-06-30 03:00:00+00:00,78.9334886558833,68.84318298851836,28.98256799956572,120219.72015868255,114098.56911303232,120384.52589378528,124429.37785118568
2026-06-30 04:00:00+00:00,77.44164046228218,68.71457497623241,27.59031040396321,112433.63479103529,106249.07902802684,111882.2106973459,117028.73440764626
2026-06-30 05:00:00+00:00,76.38481337925532,68.58389676233925,26.188173614695906,104340.59883294646,100195.8151862923,103550.15961129086,110981.13359167102
2026-06-30 06:00:00+00:00,75.70471317939106,68.44859480114165,24.798651834948654,98642.82969321744,95002.50241257725,98312.9754563848,104265.71109122959
2026-06-30 07:00:00+00:00,75.21203751427916,68.49310662344635,25.506871751180366,96168.52020763997,92550.61239295965,95635.08948464147,101866.10663716463
2026-06-30 08:00:00+00:00,74.71186905567437,68.52403174493546,26.21019342666503,94501.7680133233,90986.16458198389,94041.65469357675,99536.08321090743
2026-06-30 09:00:00+00:00,74.17298651921743,68.55528710426569,26.921216464430508,93653.83770648089,89911.20989509221,93223.34614969057,98666.9519743844
2026-06-30 10:00:00+00:00,73.8062457730392,68.54723301675385,27.62185022220039,95133.5563426884,91345.04210602154,94748.42995714385,99647.48262095475
2026-06-30 11:00:00+00:00,74.43886902473557,68.61460538418076,28.32839945818277,100146.52757979231,95390.0196711346,99600.26625660948,103248.57266992833
2026-06-30 12:00:00+00:00,76.05646996354947,68.69717230671885,29.038930472514753,104953.07445924084,99704.32196713923,104195.04415973848,107667.31743727076
2026-06-30 13:00:00+00:00,78.35401514231577,68.65227519652203,30.346172435173127,110417.64772820198,102985.5313957126,109209.84089860684,112842.24970566807
2026-06-30 14:00:00+00:00,80.78529793823424,68.60764746816056,31.64362992276252,114092.35131844162,107896.58629777926,114010.18567140591,119004.3819747272
2026-06-30 15:00:00+00:00,83.24040971954263,68.55984073233778,32.94250368194845,119998.461273453,113535.44513734314,119403.60769615603,124670.41493424452
2026-06-30 16:00:00+00:00,85.63079810674938,68.51964412245776,34.245988730950856,126562.66452715128,119562.76018682365,126313.65071993983,131960.28674366872
2026-06-30 17:00:00+00:00,87.70487561900268,68.46994953343139,35.54663345559723,132689.44614743808,127415.40498711463,132673.38453789623,140511.01421423245
2026-06-30 18:00:00+00:00,89.22894215890008,68.43400674211401,36.85549383636424,138096.20229944447,133429.23593912376,138096.20229944447,145264.6042827671
2026-06-30 19:00:00+00:00,90.07461740160848,68.5885622980524,35.361139056259226,142546.46687124218,138362.40777967722,142768.62705252867,148809.58344998333
2026-06-30 20:00:00+00:00,90.27534108439033,68.73337246226846,33.869364205740524,146433.6416315501,140822.6461623629,146490.5906293258,149569.3915855588
2026-06-30 21:00:00+00:00,89.78428896236404,68.88219718513638,32.37287037842386,147752.74309966064,141806.72936687153,147801.37464622286,150690.834929819
2026-06-30 22:00:00+00:00,88.83791724793062,69.02889533406123,30.886593350849658,148451.53359867787,141680.19602172315,148385.88542179088,150957.14853823796
2026-06-30 23:00:00+00:00,87.6827074461499,69.1851671880892,29.38728341914794,146558.89888759475,141183.28383509506,146388.30928789207,150170.59159955836
2026-07-01 00:00:00+00:00,86.40048725220551,69.3367227046286,27.905011499604083,143605.28598396745,137818.84469322127,143232.86098151235,146997.32637517183
2026-07-01 01:00:00+00:00,84.84905316866741,69.22698771233783,26.952358787805025,139213.79138868884,133295.4798353212,139371.41757448862,142417.27239764834
2026-07-01 02:00:00+00:00,83.12936055761084,69.12003086940011,26.00098423228933,135322.5747701107,128689.13363864226,135117.9961169293,139527.56272762505
2026-07-01 03:00:00+00:00,81.40567240815757,69.02391904826317,25.054520115285886,127419.82471454896,120370.6686166107,126965.49780760231,131565.3457351699
2026-07-01 04:00:00+00:00,79.85229822878183,68.90358900320871,24.099183845827095,118730.25376186079,112303.19022551851,118201.03136734942,125733.02566212001
2026-07-01 05:00:00+00:00,78.77615777072099,68.80003144749699,23.15570734952866,111600.58248352462,105655.38136598034,111033.22082227493,119269.80616441401
2026-07-01 06:00:00+00:00,78.06428583245254,68.69012919768228,22.199188585274648,104425.96726758394,100044.75955843095,104439.31015829263,114879.11784476621
2026-07-01 07:00:00+00:00,77.56015643140186,68.83935894211324,22.072312835152527,100901.53069139164,96758.53037322595,101003.3480249208,109701.4004414943
2026-07-01 08:00:00+00:00,77.02785375169488,68.98583632799176,21.946248500413287,99768.83908326538,95037.98662623731,99551.08089768693,106928.20962337885
2026-07-01 09:00:00+00:00,76.4680734256151,69.12156661544714,21.81136933107696,98166.85178622307,93829.7750363154,98163.53060883658,106126.4733110179
2026-07-01 10:00:00+00:00,76.07894519272514,69.2284740216335,21.67584454548896,98519.98166663467,95000.91302848802,98561.75471416065,106429.32481139105
2026-07-01 11:00:00+00:00,76.78498944149099,69.3938305523621,21.54636806560238,101424.15366555532,98573.02349031303,101344.91121883117,108719.54348846959
2026-07-01 12:00:00+00:00,78.57985522846324,69.56683945836794,21.415593115823558,106965.6175207989,102921.1671722487,107056.55271265584,111773.43757056855
2026-07-01 13:00:00+00:00,81.13708738653195,69.66766553789613,21.289241747305443,112147.07854570007,106434.68198623904,112153.90265301456,117668.37474237315
2026-07-01 14:00:00+00:00,83.85386821768813,69.76673987539462,21.174308196490557,119442.11213709264,113894.50991911837,119194.12909048832,124947.57572225947
2026-07-01 15:00:00+00:00,86.61658978214912,69.85632756094746,21.052572750717243,126193.42830398119,120177.24642836276,126094.24617455101,133150.98235874623
2026-07-01 16:00:00+00:00,89.30213800021106,69.95961825709367,20.917170188696037,134924.11139138203,128678.41676875135,134906.367698845,140230.83016668033
2026-07-01 17:00:00+00:00,91.63121732999777,70.05285915787381,20.801092321019254,140999.45781886618,136516.06253731102,140800.22675839596,148322.83485412365
2026-07-01 18:00:00+00:00,93.33401303288463,70.13612779678365,20.676804774133377,147828.9288509577,142193.07020808244,147822.62960562823,150780.75999487977
2026-07-01 19:00:00+00:00,94.27095131574771,70.26474825669469,20.45449018272885,149311.1957944935,145080.17078599727,149353.27754636,152668.9419560105
2026-07-01 20:00:00+00:00,94.49691091207126,70.38672362713761,20.223762893723624,151863.5461111323,147038.37792662808,151863.5461111323,154316.1968585843
2026-07-01 21:00:00+00:00,93.92820880697892,70.52045466333102,19.998475059735583,153298.6821516116,147436.1788918835,153296.8547520754,155062.27535826183
2026-07-01 22:00:00+00:00,92.85955249725885,70.6407628653711,19.76751671740182,153824.4683840989,147951.20441890767,153824.4683840989,155881.74125885702
2026-07-01 23:00:00+00:00,91.53836336837676,70.75580151843273,19.553708106157,153236.4631814627,147506.3416477817,153236.4631814627,155334.21250090047
2026-07-02 00:00:00+00:00,90.08377409625746,70.8801523804717,19.321321640320175,151538.63882991485,144539.12537798687,151444.39228725538,154877.69302772137
2026-07-02 01:00:00+00:00,88.34337226527367,70.79623153558443,18.887601592701614,148750.0014572779,140619.6666952441,148724.26295446587,152754.8205214051
2026-07-02 02:00:00+00:00,86.38779180686987,70.71254550770463,18.44730406244036,143922.2520380955,136367.4358939454,143642.4635655327,148515.25281570203
2026-07-02 03:00:00+00:00,84.40551611904436,70.6403070479504,18.016946265579655,136183.12469458056,130248.44936244849,136366.42712616784,143718.23393149395
2026-07-02 04:00:00+00:00,82.6467339314909,70.56469886597013,17.58938265513163,127427.35148280505,120737.97189505865,127020.13857248638,137220.26221976054
2026-07-02 05:00:00+00:00,81.41276800070192,70.47502909421135,17.15075237283388,118451.26437136858,111364.85606079141,119684.61376477535,129262.96229691562
2026-07-02 06:00:00+00:00,80.62892108431441,70.402693495508,16.723924000091635,114375.35813722217,105198.75174724964,114358.03154268468,125189.81702147996
2026-07-02 07:00:00+00:00,80.06509979399534,70.53734157995454,16.686199313258786,109684.49256167309,100506.3198941127,110312.04913394291,121452.55407414716
2026-07-02 08:00:00+00:00,79.47959692243458,70.669546663951,16.65240439249475,107757.92018517606,98998.56880022411,107843.91630354148,118299.73102156886
2026-07-02 09:00:00+00:00,78.84672488305615,70.7958511850552,16.628029904888336,106336.43328893452,98408.29344541118,106655.2572158957,116554.08390437198
2026-07-02 10:00:00+00:00,78.39634701118085,70.90642405946625,16.598515604762582,104278.2397250187,97965.97563083246,105728.66479976889,115013.33884880188
2026-07-02 11:00:00+00:00,79.06555797741385,71.03535080288793,16.56796344321023,106956.74194668922,100594.81279079245,107479.11154245226,114363.19304080383
2026-07-02 12:00:00+00:00,80.84568538263635,71.18965604721815,16.53960693791474,111032.74047360492,105109.57635765172,111620.06477559074,118008.07074709948
2026-07-02 13:00:00+00:00,83.38815936216189,70.92334043720062,18.187595023359144,118585.2767692996,111249.4688512223,119154.21719508582,125247.02543953965
2026-07-02 14:00:00+00:00,86.02350543130082,70.65910688003929,19.84573092420359,126403.26041650152,118930.62965906519,126300.15184657149,134569.28032101996
2026-07-02 15:00:00+00:00,88.65672817007255,70.39655220116173,21.507669096163948,135009.9871349464,126460.14771652971,135009.9871349464,139154.18245726213
2026-07-02 16:00:00+00:00,91.21224337208731,70.12492308260612,23.170174472425455,141741.9842121878,135249.6693005379,141780.67897304136,145860.86927801103
2026-07-02 17:00:00+00:00,93.39126335489047,69.85620803849757,24.823344130524283,148120.21997022923,142528.91091740443,148063.2883399433,150705.89020409295
2026-07-02 18:00:00+00:00,94.92483665059157,69.5942509672668,26.47358116799714,150151.60983517912,145865.00764084922,150151.60983517912,153524.1718831635
2026-07-02 19:00:00+00:00,95.69546560982423,69.65572608704767,27.429597706643932,151979.85290367668,148037.2768529527,151979.85290367668,155750.00602951137
2026-07-02 20:00:00+00:00,95.75504193714109,69.73791032549669,28.386085229864136,152729.94721538507,148474.38992134912,152729.94721538507,156474.18712844618
2026-07-02 21:00:00+00:00,95.02727129629687,69.81178116066441,29.32857950458782,153778.24815373388,149080.7385044313,153778.24815373388,157368.484501581
2026-07-02 22:00:00+00:00,93.80052744063424,69.8908868379571,30.276843117105738,154487.71631721844,149620.31080840123,154497.1567505087,157998.06697561755
2026-07-02 23:00:00+00:00,92.34543996017251,69.96099460108015,31.23358188167589,154324.8522371479,149324.69569470172,154377.8140862032,157591.25594626172
2026-07-03 00:00:00+00:00,90.7821902957979,70.05016330118987,32.18682392418422,151945.54891515023,146486.62540540966,151945.54891515023,155228.95632151404
2026-07-03 01:00:00+00:00,88.94623631799035,70.06815263119951,31.544446863994096,149105.22294731016,143586.9393737081,148999.72460293496,152316.36716096263
2026-07-03 02:00:00+00:00,86.93573247789374,70.08441658597289,30.89215245258916,144715.22889442032,139306.55955962717,144922.28619522275,149198.34863189032
2026-07-03 03:00:00+00:00,84.90037437865874,70.09973122177355,30.25031287586654,138550.37108438436,131515.40501047682,138600.12662641253,143725.81114586932
2026-07-03 04:00:00+00:00,83.09334769264959,70.11456000041977,29.59219747076568,126134.05300570838,116270.79635012773,126538.8648460867,136746.78425651102
2026-07-03 05:00:00+00:00,81.84504537880764,70.13125511012785,28.95662234695813,118204.2498343642,107043.32610345037,118078.36830236811,131171.08978196976
2026-07-03 06:00:00+00:00,81.07185681893979,70.15075384306205,28.31300153290357,111976.90729964097,100766.09346210807,112185.92845851621,125192.56853739326
2026-07-03 07:00:00+00:00,80.54535462863733,70.25447561918504,28.641413463697432,110641.71855129606,98058.5391550831,109242.9421625636,124828.30452598042
2026-07-03 08:00:00+00:00,80.0018514648369,70.34127021113346,28.97700426884304,106708.0963567441,95462.9847603848,106617.66667617766,120660.31262645804
2026-07-03 09:00:00+00:00,79.4038460559928,70.44340462081409,29.310964871041136,104577.62757580195,95086.7119164586,105196.14608949101,118042.85051499165
2026-07-03 10:00:00+00:00,78.97980911528673,70.51445179793784,29.64057837540523,103899.14901120756,93671.59370948334,103899.14901120756,115437.61806510252
2026-07-03 11:00:00+00:00,79.53513935786204,70.62659111894331,29.976490273520046,104857.7401538423,93839.62755012003,103780.64042419544,112670.20014709914
2026-07-03 12:00:00+00:00,81.12408932974928,70.7400319633919,30.304451464966665,107392.32772649729,98265.8414422592,107392.32772649729,114281.44305100467
2026-07-03 13:00:00+00:00,83.3862045570288,70.44866938497567,31.312783834586025,114595.3902665485,103619.46098996232,113764.10024801423,120720.43924189857
2026-07-03 14:00:00+00:00,85.761864278967,70.15167341424252,32.32638462947187,120063.30161698745,110679.99696442227,119612.62338935513,127384.05939834275
2026-07-03 15:00:00+00:00,88.10939322297749,69.8566524221983,33.332710799094265,128580.0647938363,118212.96451178675,127824.84388058135,132973.3405675986
2026-07-03 16:00:00+00:00,90.37972327526475,69.56120934053061,34.35402322944747,133739.70336915404,123574.6307619305,133876.71830908427,139275.76032925348
2026-07-03 17:00:00+00:00,92.30658897926598,69.25469485677098,35.367713416310835,142287.60109157662,131019.2350079255,142218.47943850036,142275.41106878628
2026-07-03 18:00:00+00:00,93.58597198306175,68.97047352972515,36.36766684177023,144113.29744477654,135759.31295415037,144083.81584767957,144113.29744477654
2026-07-03 19:00:00+00:00,94.08561204674288,69.1001767706104,38.13248886433659,145829.99549831488,138566.44900137527,145800.5139012179,146275.42743060683
2026-07-03 20:00:00+00:00,93.8641690352288,69.25388231175839,39.89112108686212,146553.83685724405,139158.99505093976,146524.35526014707,146557.5903583383
2026-07-03 21:00:00+00:00,92.86029561475644,69.39601736094882,41.641190147477566,148935.14697243884,141032.5178752895,148930.1951040574,149251.9053728968
2026-07-03 22:00:00+00:00,91.36817015689806,69.54150227047681,43.39792255442863,149468.88976911487,140757.57322339958,149046.6048269758,149885.60084139576
2026-07-03 23:00:00+00:00,89.69463176425621,69.67089766951474,45.15104811883253,148424.19078450504,137125.91430790306,147164.02096295438,148991.59461818688
2026-07-04 00:00:00+00:00,87.96918516885711,69.8202307415297,46.90270116357646,144754.33263410558,133237.64545101038,141900.19243373425,146335.39981154352
2026-07-04 01:00:00+00:00,86.05514385279756,69.75537446711792,46.068203209416076,136769.95283561986,127698.02252519774,136802.40984705175,142524.0932595117
2026-07-04 02:00:00+00:00,84.02660714285246,69.67425674968214,45.232895143746894,133538.0562994704,121388.39292540029,133049.5677607491,136509.00048010726
2026-07-04 03:00:00+00:00,82.04519876165584,69.60344951037851,44.39335854073305,124184.69573479958,116610.60238384148,124407.24776425927,132910.78119203314
2026-07-04 04:00:00+00:00,80.3261313679828,69.53727347866956,43.56300790827587,114773.45747392386,106038.11089988113,112782.70673520069,121186.98852465939
2026-07-04 05:00:00+00:00,79.17898455793127,69.46570115326645,42.725963910790135,104891.67385835579,97023.9849237654,105096.59371921618,117710.72874531477
2026-07-04 06:00:00+00:00,78.51801002038096,69.40126298650054,41.8849884541061,101918.932107878,92746.65337285645,101051.9954113302,112820.95693532472
2026-07-04 07:00:00+00:00,78.12810461321398,69.41578239257885,42.43369649306393,99871.44119778954,90260.30227899659,98746.5990509954,109128.59012432054
2026-07-04 08:00:00+00:00,77.74279411360263,69.42717230948045,42.97645615317978,97668.18209885978,87595.74533824286,96504.93871794594,106260.69235230224
2026-07-04 09:00:00+00:00,77.31090767504439,69.42140637109574,43.533709162275294,97306.87141832066,86208.39151497229,95199.41297522005,104598.94445426305
2026-07-04 10:00:00+00:00,77.0258836441779,69.41410992714638,44.07980148447809,96120.48447329362,84547.82548035489,94239.29167703343,102200.03143318783
2026-07-04 11:00:00+00:00,77.52428757603622,69.42935557597453,44.617983306413784,95045.40257590915,83090.88530171265,93188.82611808894,102597.08102461981
2026-07-04 12:00:00+00:00,78.87733317957745,69.47644120827086,45.17057318634137,98634.78160832525,86150.51696616973,96628.53888764263,104543.02486033911
2026-07-04 13:00:00+00:00,80.76036522528283,69.27868953499207,45.880611094294515,102860.73347083235,91299.40983462676,102266.54365522754,109697.62241481087
2026-07-04 14:00:00+00:00,82.81709935517125,69.07851344755122,46.59250347745786,107775.80298403365,97789.98578593625,105435.35948102735,115734.35312320922
2026-07-04 15:00:00+00:00,84.88449905989998,68.877636424222,47.30836973945321,113302.4267972346,103434.1659338264,112582.93405358106,122771.08047855188
2026-07-04 16:00:00+00:00,86.91582458142092,68.67074736169657,48.02705201443749,119396.33406608335,107769.8528828341,118295.55280356083,127936.39638028154
2026-07-04 17:00:00+00:00,88.6293723645864,68.46177386081054,48.73157409704121,127600.43052502154,115041.58798612328,126357.089288804,136918.3620873686
2026-07-04 18:00:00+00:00,89.74778468524936,68.26234909021674,49.44597230660838,134420.5234514867,118964.66855431184,132566.83854935286,138207.5372619148
2026-07-04 19:00:00+00:00,90.13551558811403,68.35625559603956,50.487182016800105,139572.04860797516,121317.67402589221,135645.06802692846,139764.73025112084
2026-07-04 20:00:00+00:00,89.84976506025433,68.45343435703386,51.52680641597584,139545.86893276346,122389.42722997649,137220.07611654437,140197.25685486043
2026-07-04 21:00:00+00:00,88.82021037992142,68.55186683735691,52.56832532909375,138675.8453189852,125323.3665666551,137215.9138953571,143158.84832554543
2026-07-04 22:00:00+00:00,87.34509540557902,68.64554489168165,53.61529337009412,136081.2988433653,122051.98058519608,135368.36425303368,144059.8637015939
2026-07-04 23:00:00+00:00,85.71795943032893,68.75299171380449,54.65182358463776,133285.35112549178,120083.52495611065,131812.9198911971,141729.2370668845
2026-07-05 00:00:00+00:00,84.08013799314485,68.84920812826302,55.70018680116984,128407.15372383695,115050.13683546853,128407.15372383695,136316.32943546018
2026-07-05 01:00:00+00:00,82.28988536796564,68.71698539824077,54.645767575361496,122578.12227142537,110184.31777416458,122202.32680121886,129336.06079527338
2026-07-05 02:00:00+00:00,80.4444274472507,68.57747021282196,53.588124423201734,119284.82048045236,106360.74778746304,118375.95641114554,126332.09552855637
2026-07-05 03:00:00+00:00,78.66180699486175,68.42850658232203,52.54431306007903,111712.3700691238,100401.3204357705,110943.92729638578,117918.37581466643
2026-07-05 04:00:00+00:00,77.1270665567213,68.29697261869651,51.49318602168589,105759.67588703864,96783.84007466194,105494.72915265981,113206.2176011069
2026-07-05 05:00:00+00:00,76.07811645481924,68.15720660025146,50.44181869106611,99732.68741168262,89820.69756547036,98947.56790744682,108888.97506950337
2026-07-05 06:00:00+00:00,75.4288765851451,68.02994776823701,49.37877475102185,94319.09426052876,84495.34594607848,93379.583281272,103023.99031541927
2026-07-05 07:00:00+00:00,74.97637893968003,68.04287298078032,49.741890418607106,90865.58354270665,81346.5530110967,90589.14590651564,100454.00002748748
2026-07-05 08:00:00+00:00,74.50606183145001,68.05361665678055,50.10515905041565,89273.1283265399,80060.88381695903,88509.43346668154,97952.00567903383
2026-07-05 09:00:00+00:00,74.00149859999122,68.06357994013304,50.469976531449774,87633.90720451906,79613.58856281552,87502.56106250883,97426.99999672854
2026-07-05 10:00:00+00:00,73.62674962085077,68.06004843034204,50.83070521388415,87593.81518992274,79062.94393583223,87074.89214369471,97055.8777331242
2026-07-05 11:00:00+00:00,74.12393053765369,68.08049863367407,51.1869072406213,87815.46581988403,78037.38125011306,86944.03618444395,97362.0446725417
2026-07-05 12:00:00+00:00,75.52216463930792,68.13865711856475,51.553656896057944,89841.66277973606,80301.62197731086,89471.84021221731,100497.20645624964
2026-07-05 13:00:00+00:00,77.52486380422447,68.00681484624845,51.459216064207574,95031.94768443845,84529.97061436602,94323.63276315741,104530.17146090722
2026-07-05 14:00:00+00:00,79.67353584801619,67.86708286529534,51.36714862052751,102524.03837411175,89473.04346894419,100473.9048189688,110303.86423614793
2026-07-05 15:00:00+00:00,81.85134095768947,67.72375081102545,51.27492092066057,104823.13299496903,95802.95126987481,104596.2503486465,115677.71320211393
2026-07-05 16:00:00+00:00,83.9935076275254,67.56991222474744,51.176441571225226,111986.69048417702,101124.90346096677,111383.81823758797,122051.78622451294
2026-07-05 17:00:00+00:00,85.82530314601566,67.44219856028627,51.092842896334794,118828.00855632791,106977.81966778396,117218.85671989038,130260.78258716445
2026-07-05 18:00:00+00:00,87.0726966471179,67.29522377767161,50.99170568601413,125044.67895249935,112965.43724515589,122939.38042707468,136965.6195791346
2026-07-05 19:00:00+00:00,87.624460987127,67.37747578601252,51.36094344752833,127367.79482086941,116685.23968365455,127676.80899933669,139747.6786671558
2026-07-05 20:00:00+00:00,87.52506268655821,67.44609301852283,51.74300175659391,130510.86872518186,119185.66783654354,129851.86442334116,140533.29633837225
2026-07-05 21:00:00+00:00,86.7128220743268,67.51224083447521,52.1063956859034,132021.05133737662,120549.71469530382,131336.6442992328,142322.5474465934
2026-07-05 22:00:00+00:00,85.45549699950274,67.59520977894263,52.47880663182848,131878.01235930336,119122.60482656781,131027.60764643442,142501.2632635131
2026-07-05 23:00:00+00:00,84.02188996877165,67.66709836055354,52.85339648616516,130172.55294989173,116858.79305299163,129851.73809608458,139243.99203786635
2026-07-06 00:00:00+00:00,82.5096277892484,67.73789703886838,53.22565681063216,126504.36008208366,114062.06639605243,125867.81184480968,135986.5577426351
2026-07-06 01:00:00+00:00,80.81529071894921,67.6355464898644,52.853263317420236,121607.66200174358,110320.55933442316,121207.22212738956,129666.69524914815
2026-07-06 02:00:00+00:00,79.0224983854887,67.5371210838638,52.48749057469326,118428.11594905693,106538.00430567333,117772.2859229347,126199.4977674691
2026-07-06 03:00:00+00:00,77.31745890179639,67.42992035663475,52.122631656369336,111578.17826400569,100110.39704118036,110884.54451026785,118519.22311620064
2026-07-06 04:00:00+00:00,75.85472720047592,67.32930855563126,51.74817581438345,107144.82464016316,96004.68205360523,106679.88952406205,118650.52557443421
2026-07-06 05:00:00+00:00,74.85670233762862,67.22042659880542,51.38332321882973,99890.05875733963,90976.80992653588,99739.94452353331,112138.51768357033
2026-07-06 06:00:00+00:00,74.2385576896717,67.12393778117949,51.00960626250401,95596.49687158689,87476.63377363127,95155.24496607813,105575.78283610876
2026-07-06 07:00:00+00:00,73.81946652467964,67.14961089122419,51.198656502068346,92810.88070270623,85169.14484965232,92149.46475546865,103233.52970482288
2026-07-06 08:00:00+00:00,73.4111814368797,67.18010177529658,51.382980087560895,91134.59341508562,84328.19777929503,90417.10045599277,100788.96482638681
2026-07-06 09:00:00+00:00,72.95102084421485,67.20624788523195,51.57160403591049,90611.8574161107,84025.779347193,90196.15770181402,101491.91997950194
2026-07-06 10:00:00+00:00,72.61341898127003,67.21284090981716,51.74322797776372,92508.08167106197,85212.95453702929,91884.28048268252,102833.2261150454
2026-07-06 11:00:00+00:00,73.05846802951122,67.24221228548443,51.93041963586788,94792.42972944457,88501.48216401628,94625.91777726328,104388.80266476734
2026-07-06 12:00:00+00:00,74.34990056014819,67.30776941490888,52.11962016615472,100325.65658008518,92602.34597215423,99948.21995358079,109478.26589319775
2026-07-06 13:00:00+00:00,76.26041271005862,67.17639182543662,51.88948613723425,106640.92420095624,95971.2786315768,104696.07052730722,113400.43033374449
2026-07-06 14:00:00+00:00,78.38836831034233,67.04478323589544,51.66462244698098,110892.38243373738,100030.40924170309,109246.6999617033,119329.96978325775
2026-07-06 15:00:00+00:00,80.57224307120339,66.89945680460396,51.43093599105175,114809.89326855858,105605.31631012938,113948.12489398176,124558.81193349829
2026-07-06 16:00:00+00:00,82.7182291352287,66.75086281550696,51.212540614395984,121360.29644284288,110876.76607440563,119560.99530808092,130917.22038693917
2026-07-06 17:00:00+00:00,84.55675654495045,66.61668164357518,50.98537236579624,128626.18118529212,116482.7230145329,126322.84351568989,140366.4044424259
2026-07-06 18:00:00+00:00,85.82428840495733,66.47169198133078,50.760822924981355,133294.68366089245,121598.74406614469,131578.63591893695,144220.5505197361
2026-07-06 19:00:00+00:00,86.39667762929116,66.53988628652948,50.515360277311856,137241.9248974609,125700.31184518948,135061.00612191323,146511.08323118923
2026-07-06 20:00:00+00:00,86.33993460482912,66.59791492120905,50.26926417893713,136965.97251199806,126646.4915518625,136455.21536592132,147160.3685269083
2026-07-06 21:00:00+00:00,85.58779375227016,66.653721132405,50.019246736086856,137882.8288314871,128652.03666651406,137294.04840791755,147812.42376343848
2026-07-06 22:00:00+00:00,84.39186158609111,66.72572915887773,49.77696417487888,137156.54828159855,127524.6382259667,136866.68871316098,146584.6470779263
2026-07-06 23:00:00+00:00,83.01640904358834,66.80187266764013,49.529739793414265,136187.83969621334,124653.33675361623,135044.12676638845,145583.79754551983
2026-07-07 00:00:00+00:00,81.55757695638516,66.85857938241948,49.2814043862877,131383.0390341234,120364.84057400594,130318.27494207594,142834.9663063028
2026-07-07 01:00:00+00:00,79.89940485391143,66.80545350963587,48.900201209537514,126253.90361311742,115692.27573434376,125306.31830505007,136691.01563420673
2026-07-07 02:00:00+00:00,78.14135824597729,66.75395198124293,48.512083383951875,122895.52181878788,112265.6230820774,121508.42724602645,132480.99284938566
2026-07-07 03:00:00+00:00,76.44764602397039,66.70907505775249,48.1266910747339,115260.27617966726,104901.80776387134,114520.87354156697,125069.06985307527
2026-07-07 04:00:00+00:00,74.98051677985802,66.66060319753852,47.74849919948837,107709.40977875833,98983.44001876267,107436.7976229238,117475.18258545207
2026-07-07 05:00:00+00:00,73.95619449872177,66.60553844424452,47.35445737349547,101479.6975578789,92453.14415020324,101136.26869690584,108372.9917455646
2026-07-07 06:00:00+00:00,73.31105681641138,66.55724081922061,46.9716376979551,95550.60499907225,89038.8872733961,95576.0575131853,102673.56801116218
2026-07-07 07:00:00+00:00,72.88005085779662,66.57096533617505,47.40907301744923,92624.07285475958,86716.14427044248,92575.15921540397,100049.9660858253
2026-07-07 08:00:00+00:00,72.4619939816731,66.57656597186067,47.84079865648496,90663.27387129042,84657.01212949556,90712.06330165075,97550.56272926844
2026-07-07 09:00:00+00:00,72.00560860709275,66.5878033269449,48.27395915866546,90696.28802564373,84489.70526055685,90399.26225730772,97470.6847974536
2026-07-07 10:00:00+00:00,71.66001759171417,66.57661802556561,48.707650766311055,92264.13603137346,86115.7299501263,92030.5974271996,98847.04601112241
2026-07-07 11:00:00+00:00,72.13078900658927,66.58898327974453,49.142925616395786,95372.5225994334,89574.5657757162,95233.69924081223,101916.85021039206
2026-07-07 12:00:00+00:00,73.47631569049871,66.64399796900732,49.57219595135452,99393.60722512905,93482.23831737868,99665.46439981315,107877.54171112712
2026-07-07 13:00:00+00:00,75.4261049805869,66.48016276543768,49.366650203310975,104494.39118215546,95752.42090818229,104186.9838897146,112072.71625669704
2026-07-07 14:00:00+00:00,77.59437233254297,66.30231077196738,49.168619976366394,108470.95205721502,98625.00252491322,107918.77322959875,115950.07342050999
2026-07-07 15:00:00+00:00,79.82456672826984,66.12093212453576,48.968206452334385,113637.45459451129,103178.04891820914,112855.21681965284,120428.15272962363
2026-07-07 16:00:00+00:00,82.04684052303409,65.9388980880432,48.77050673215905,119429.55251802354,108685.98326736591,118493.95152295502,128211.67872974397
2026-07-07 17:00:00+00:00,83.96193277257586,65.75113155428183,48.558814666927944,125151.31208838604,115857.63211525716,125079.22550297694,136188.88362435342
2026-07-07 18:00:00+00:00,85.30424714511187,65.57102368174645,48.36380647099761,130832.7823694361,120977.05907947995,131098.88503582252,141753.26584025283
2026-07-07 19:00:00+00:00,85.94270062742974,65.65968781742892,48.245797118663106,134250.8884403039,125205.98492363829,134253.21682946413,144576.42404861786
2026-07-07 20:00:00+00:00,85.92833097487517,65.74434319252396,48.11622470770271,136309.49331184305,126402.2965585041,136022.03599984682,145765.40251263775
2026-07-07 21:00:00+00:00,85.20191584320958,65.82375985924104,47.989640922147096,137478.36603364552,126910.48929292151,137274.93172132666,146629.47759326186
2026-07-07 22:00:00+00:00,84.04099017386979,65.90447755231153,47.86580667764489,136307.22141673337,126531.52393691575,136658.71966138322,145708.06304018642
2026-07-07 23:00:00+00:00,82.66312689681465,65.98762078917376,47.733736061664786,134891.66169852432,122846.67288588095,135133.86463754153,144262.24270106733
2026-07-08 00:00:00+00:00,81.1690361616254,66.07768103933506,47.6091858679826,130676.31432639678,119309.56016044696,131192.74635463327,140525.5722288988
2026-07-08 01:00:00+00:00,79.46618943866451,65.98999800414552,47.139397706559755,125639.01380252503,115694.5541398878,125652.26028919993,135020.51934848927
2026-07-08 02:00:00+00:00,77.64515296540684,65.91273631583805,46.65950993428448,121551.07202909079,111246.1078375321,121591.30973406702,130945.06433828022
2026-07-08 03:00:00+00:00,75.91279081685482,65.8438188148651,46.18735803520073,115223.89172851309,103810.86313794163,114937.71321652511,122277.31903210873
2026-07-08 04:00:00+00:00,74.41591853399893,65.75534373040655,45.715471021131854,108758.69765489204,97534.86175743831,108358.08428724718,114628.56677071162
2026-07-08 05:00:00+00:00,73.38559159154674,65.6798387826416,45.24065298817039,100612.81094679542,92620.16958437438,101093.70283983384,107657.49725916554
2026-07-08 06:00:00+00:00,72.73978748425871,65.59905715371346,44.765597625137,95165.81183642283,88197.75219112245,95559.3564249476,101031.95011588147
2026-07-08 07:00:00+00:00,72.2951027133232,65.62271549290952,45.05859420502854,92345.48781173254,86096.59363669383,92615.57855421699,98416.3627398873
2026-07-08 08:00:00+00:00,71.84305662692115,65.65426691385086,45.34953518828086,90547.63929319658,84610.16652548623,90836.73408397866,96501.79660106737
2026-07-08 09:00:00+00:00,71.36183093450747,65.67047304512846,45.64289322403392,90003.84184152726,84199.22024963479,90317.45855912102,95378.31380617718
2026-07-08 10:00:00+00:00,70.99581643370914,65.66972773412404,45.9350774134315,91200.91495333616,85314.80033117894,91762.70232125522,96898.58968795651
2026-07-08 11:00:00+00:00,71.42871071806952,65.71676434128031,46.229057902109574,94981.10346014095,88368.9951951434,95336.7162052568,100250.03996131406
2026-07-08 12:00:00+00:00,72.72532279464654,65.76191206028703,46.513864746213756,99051.29498139654,92013.80986444041,99504.08438263921,105629.9303560873
2026-07-08 13:00:00+00:00,74.62336810655309,65.54682053621562,46.70698822862726,103935.75162875079,96479.61030285107,103900.75107177728,110594.94063093358
2026-07-08 14:00:00+00:00,76.75218873185035,65.33802729082788,46.91115768594394,107505.65879141713,98964.6712950267,107574.48351641832,113738.19426721364
2026-07-08 15:00:00+00:00,78.94677419663098,65.11474759982619,47.092386425990746,112335.29115682686,103457.4506509708,112664.10307783833,119394.09860204326
2026-07-08 16:00:00+00:00,81.14858374988263,64.90054804793807,47.29528305692999,117016.87124099107,108282.79508101195,117210.13910341106,126271.67459288711
2026-07-08 17:00:00+00:00,83.06105749103308,64.67967201168693,47.4772612116011,123504.28089874162,114031.71239159678,123899.93197369372,131986.2836200661
2026-07-08 18:00:00+00:00,84.40910890434274,64.46380332539313,47.67017231179494,129263.23170239119,119122.19512476711,129296.91402868772,138902.64580573552
2026-07-08 19:00:00+00:00,85.05778197562846,64.54753796088399,47.18054867074671,133138.1711847293,122937.09370786177,133425.31805596946,142789.2159594292
2026-07-08 20:00:00+00:00,85.05960923035728,64.63767505413871,46.67312755920633,135570.6616712947,125056.14640927111,135720.4579031899,143531.51103083065
2026-07-08 21:00:00+00:00,84.3763800215295,64.71542006023518,46.19330789807894,136859.55903040993,126317.59351235743,136982.2757582297,144735.1780818807
2026-07-08 22:00:00+00:00,83.22685118363495,64.80323885482218,45.69530554234731,137439.37706813944,125213.37015360035,137121.07230443458,145316.6878673184
2026-07-08 23:00:00+00:00,81.87355479572433,64.88703887207039,45.19302441099542,135092.82257492168,122634.50938260932,135078.53983526048,144090.05087041325
2026-07-09 00:00:00+00:00,80.38940661143465,64.97187809735851,44.69725230330707,129734.27787212818,117515.94659357959,129831.94793645844,139204.70757086112
2026-07-09 01:00:00+00:00,78.68012098952197,64.9179407756582,44.28097734943844,125113.81812445623,114169.84909090945,124821.43540070558,133362.83097179784
2026-07-09 02:00:00+00:00,76.85977830221469,64.87134109585759,43.85838319966837,121442.32211922806,110282.25590589251,120711.02755739224,128697.88894383944
2026-07-09 03:00:00+00:00,75.11881821147539,64.82214899281874,43.44402186416043,113584.35424193712,103194.2969709815,113842.40496220988,121656.49518259334
2026-07-09 04:00:00+00:00,73.62404875907876,64.77726663882088,43.018432910213576,107015.79298547882,96496.41264859549,106999.84708151703,113293.00930622699
2026-07-09 05:00:00+00:00,72.6020618345886,64.72348385546117,42.61163788705959,99964.35856747522,90739.11407335909,99977.04533015483,106202.16747991947
2026-07-09 06:00:00+00:00,71.96745149805338,64.66596309190723,42.18638360136416,95398.47035586556,87363.33553663638,94971.31409170454,101137.43134764314
2026-07-09 07:00:00+00:00,71.51176405052232,64.68293273385196,42.40885265417872,92078.64000770627,85014.92952472268,91705.876983646,98602.11690132026
2026-07-09 08:00:00+00:00,71.07569960922002,64.7028530849635,42.632473493350794,90199.06223540317,83517.53588140757,89993.91026026894,96428.42531661598
2026-07-09 09:00:00+00:00,70.59389503834986,64.7235952344513,42.84440549968965,89869.97684470253,83259.8724179868,89589.4684347729,95786.39664432553
2026-07-09 10:00:00+00:00,70.23193022496939,64.7148107815015,43.0651000271979,91112.41126372325,84398.990795971,91087.78371329338,96664.74963118872
2026-07-09 11:00:00+00:00,70.70266307462832,64.7419945161541,43.283362530337925,95391.50307572742,86917.74654263374,94622.36665528212,100029.18033354061
2026-07-09 12:00:00+00:00,72.04314506460925,64.77627244303979,43.505338500444566,99835.70999232017,91285.49127427394,99353.66044556124,105152.26635144843
2026-07-09 13:00:00+00:00,73.98744389275674,64.55735133882423,43.335087861519966,103844.01981227224,95206.32656808995,103291.8909265895,109472.48671082465
2026-07-09 14:00:00+00:00,76.17106631047342,64.32579090254363,43.170260340721036,106328.31519068964,98128.77286185067,106638.7987893028,113109.71230040758
2026-07-09 15:00:00+00:00,78.43037458897939,64.10514270037363,43.00037089990772,111153.93403322042,101291.33042810945,110639.50304921831,118917.56925613046
2026-07-09 16:00:00+00:00,80.68926911485346,63.880209568139804,42.83302696719357,115591.3500661256,106123.09936753246,116011.4113034266,124723.64984517667
2026-07-09 17:00:00+00:00,82.65809381216553,63.65332022695484,42.657809566735324,123072.4349033761,111562.10055056922,122729.9046514556,132388.97082379495
2026-07-09 18:00:00+00:00,84.0557233580955,63.42402990057496,42.49236517803738,126582.05664219377,116917.51703928105,127848.28958369921,138701.51908819916
2026-07-09 19:00:00+00:00,84.74375522201686,63.478633995084174,42.127991612545465,132149.16388410458,120425.21552618567,131827.75421456253,141787.44125917545
2026-07-09 20:00:00+00:00,84.76625084414287,63.535977519869185,41.73936773652375,134112.2377380343,121916.04303539512,134115.65229638925,142456.32509990846
2026-07-09 21:00:00+00:00,84.06591819690725,63.59568067475004,41.370435697650485,135654.32538646014,123320.61860522137,135623.01424504785,143427.21074416605
2026-07-09 22:00:00+00:00,82.91659665855622,63.65115653435287,40.99680034687916,135263.22205313054,122023.75201281084,135058.02839295467,143365.05417441073
2026-07-09 23:00:00+00:00,81.55348157836089,63.70519881430173,40.616827452600326,132757.8049630567,119913.61654254957,133203.86143140274,142176.23542509743
2026-07-10 00:00:00+00:00,80.06089840173573,63.76399883023491,40.24342734162571,128035.19022138462,114461.03773144897,128504.71443952576,137559.10967118078
2026-07-10 01:00:00+00:00,78.33848890587468,63.70791952349668,39.8709176037311,122933.02362021714,111763.22098452345,123384.3110545204,131898.91880804158
2026-07-10 02:00:00+00:00,76.50167072890626,63.65256297922304,39.53102445197245,119454.2690906672,107525.0627385712,120027.23618505574,128324.05304016356
2026-07-10 03:00:00+00:00,74.72527952110575,63.596148015971785,39.15947107383914,112421.91628995565,101268.61217169193,113031.73696416432,121233.02944645082
2026-07-10 04:00:00+00:00,73.21494335277447,63.54933566200995,38.80568582672943,104916.40848897735,94208.72843126871,105602.13620442747,112756.67736513722
2026-07-10 05:00:00+00:00,72.1163934207701,63.48593774940784,38.44212554465181,98322.25502311968,89490.7013405651,99488.71787146851,106462.82467435983
2026-07-10 06:00:00+00:00,71.42956024650985,63.42685173858691,38.07316036186444,93702.09645474178,86128.45512705958,94782.52657525953,101208.58915057646
2026-07-10 07:00:00+00:00,70.95429753702939,63.439298559526186,38.41480815468504,90842.86634218368,83907.8711735077,92075.61705019342,98821.62369832747
2026-07-10 08:00:00+00:00,70.560086750301,63.45759595428448,38.76112695646538,88483.38119673241,82640.55313209214,89502.98166826673,95987.97164590818
2026-07-10 09:00:00+00:00,70.12426734133047,63.46912856551046,39.08988870688276,87716.88862591339,81691.79221262877,89207.88824817525,95627.7231716372
2026-07-10 10:00:00+00:00,69.80406356428533,63.478903060649486,39.42349801002379,89396.87329352435,83724.57929157425,90436.70900473362,97296.21612417125
2026-07-10 11:00:00+00:00,70.26356770050535,63.485597800564946,39.75893483309583,92960.70707539974,86957.86000288831,94511.45006934463,100170.20990272978
2026-07-10 12:00:00+00:00,71.59883639154384,63.50622054661506,40.089405149754306,97704.31085714743,90905.70147662157,98864.78790935059,105260.23344940368
2026-07-10 13:00:00+00:00,73.5502811721536,63.29222207604688,40.3563659742751,100886.5459635113,93748.75118040807,102278.43299091533,108613.62194182494
2026-07-10 14:00:00+00:00,75.81748438794327,63.084374360309376,40.62511679897711,104657.86441073546,96753.77393404748,105759.40519372665,112635.52396147732
2026-07-10 15:00:00+00:00,78.15558158058157,62.859846296322935,40.89006344047755,109087.41819076418,99812.01311432564,109869.95691083242,118778.93910094023
2026-07-10 16:00:00+00:00,80.49898376153575,62.65249051854054,41.1600992814319,114032.20198885279,103952.544034843,115109.70474962523,124616.67784402898
2026-07-10 17:00:00+00:00,82.53990643553767,62.439019947998105,41.42562734294603,121298.40249605157,108539.58305328537,122181.40777041634,131811.4347525839
2026-07-10 18:00:00+00:00,83.99015687887021,62.22162956896092,41.69408026233395,124998.69386002321,114466.30950734485,125949.26976418294,137036.32966318008
2026-07-10 19:00:00+00:00,84.7024175754531,62.3824568230936,41.520559116599586,128151.91547494874,118187.48160668064,130094.54737458676,140396.52786320855
2026-07-10 20:00:00+00:00,84.75515089621629,62.525091993150475,41.36510989074574,131015.22687044003,119327.68884180431,133733.71124287238,142737.68384763927
2026-07-10 21:00:00+00:00,84.07199364703621,62.677617641333704,41.20124129997734,132028.89345081957,120561.00340851786,134369.87794344255,144086.6231359235
2026-07-10 22:00:00+00:00,82.92134399335559,62.83425463599898,41.033855286255395,131447.24549201486,119863.70254662474,134133.8562879968,143411.60190321834
2026-07-10 23:00:00+00:00,81.53782070776856,62.983861935158515,40.87236288143051,129048.82775845737,116872.7319134503,131571.39959045744,141832.45250127648
2026-07-11 00:00:00+00:00,80.02072480110212,63.13637450383415,40.71206979354655,124491.93399879467,111358.63696458287,126518.7314197454,137060.96045674724
2026-07-11 01:00:00+00:00,78.24696957259768,63.12650733566275,40.009231986857685,119201.95950492527,107812.91383499072,120682.62373512266,130325.7913912014
2026-07-11 02:00:00+00:00,76.3637857063259,63.117658800227005,39.307693212903324,115366.0296630605,104642.41256632563,116753.4610753986,126547.3288964644
2026-07-11 03:00:00+00:00,74.55445519774189,63.105407947685336,38.604195117927155,108779.98745048419,98915.2087578113,110533.64248169745,120266.03562822494
2026-07-11 04:00:00+00:00,73.00886104684088,63.09524774186496,37.901823560309296,100969.21125054786,89507.85742716429,102197.95924787842,109156.45773217586
2026-07-11 05:00:00+00:00,71.90119308666272,63.08908292584035,37.20693309375539,94459.70433939148,87004.28060601049,96323.29832946426,105137.69102498122
2026-07-11 06:00:00+00:00,71.2053931682538,63.08352266948516,36.510318396060484,89766.59444021765,83881.36160441491,91333.46026105582,100821.86679296021
2026-07-11 07:00:00+00:00,70.72862492538943,63.10896795202395,36.76776849858062,87298.48424022704,80707.8113507708,88101.44498709269,97304.3143237436
2026-07-11 08:00:00+00:00,70.31594885164704,63.12652612315374,37.01339970962073,85061.93843935721,79533.6550181652,85645.38989320664,94311.98204027972
2026-07-11 09:00:00+00:00,69.87629815603317,63.144902388815716,37.25520268515742,84458.94280381982,79140.2058539455,85140.92916860037,93535.67821924649
2026-07-11 10:00:00+00:00,69.53799756210394,63.1779475201656,37.5109910570149,84631.52811693391,79612.73481263834,85669.48247675436,93121.05340612556
2026-07-11 11:00:00+00:00,70.03032510050264,63.19833246864279,37.766640507432285,84041.15759485422,79265.21943734726,85494.98991327017,93586.43227120249
2026-07-11 12:00:00+00:00,71.41295802440679,63.21565360427228,38.01813482670993,85906.22968608291,79943.23033257494,88062.13245857184,96531.66984805449
2026-07-11 13:00:00+00:00,73.43329429469846,62.989159937917975,38.39989259641218,90325.45720951725,84280.22825086948,92115.05518333112,101013.1500129202
2026-07-11 14:00:00+00:00,75.7424361314511,62.75711245173068,38.779681168394276,93485.54209539184,87561.52756257847,95930.09614818629,104333.31468071134
2026-07-11 15:00:00+00:00,78.16253994700709,62.52977439769367,39.16907524278031,97704.13884128019,90963.94183275517,100467.39874037175,109851.41041777238
2026-07-11 16:00:00+00:00,80.61385574029904,62.29485099789699,39.554303770814414,104418.50038407781,95185.92929275759,105327.79994772756,116931.87285993712
2026-07-11 17:00:00+00:00,82.70510982582601,62.05631908609459,39.94502852005963,109500.6789824939,100449.10708363779,111414.30232263281,123288.50514470064
2026-07-11 18:00:00+00:00,84.18633537665244,61.82904914583557,40.32283602137422,115348.70576785546,106211.7358012978,116664.60188310008,127190.76832588456
2026-07-11 19:00:00+00:00,84.92066690242919,61.98155163003463,39.902511764521314,118237.94464295795,110031.11704524241,121844.02914215086,130793.38492374131
2026-07-11 20:00:00+00:00,84.96353258247893,62.138153145253355,39.4816422916949,122209.58733027642,112730.16170133463,125662.71686921683,133742.24752493887
2026-07-11 21:00:00+00:00,84.25867777066803,62.28884288347357,39.06367389599869,124641.37198701146,114695.59269048576,127650.51028363306,135969.16030257376
2026-07-11 22:00:00+00:00,83.04143816651168,62.45110431889654,38.65623027800016,125777.11009926461,114086.7134919544,127709.10358128327,136105.3599162986
2026-07-11 23:00:00+00:00,81.472173098161,62.60437938959439,38.22411823327808,123184.61770242546,111651.96357176935,125711.68945348354,134490.8459397409
2026-07-12 00:00:00+00:00,80.04528250460815,62.76265540200101,37.81056820268866,117968.37168047758,107402.70208507804,120893.06582382046,130426.40578737826
2026-07-12 01:00:00+00:00,77.90495489779167,61.1882302894937,31.978756432346923,114103.59533845096,104335.45349995262,116501.74396777715,125156.24342729549
2026-07-12 02:00:00+00:00,75.89657172508186,61.021743756902225,31.77327565444946,109516.22314449343,100518.01227737786,112353.62234194866,120837.67255706243
2026-07-12 03:00:00+00:00,74.0590080762343,60.84412891334173,31.567427017044572,104660.09333674205,94172.00345306893,105787.69595664165,113677.14699104075
2026-07-12 04:00:00+00:00,72.50561305240703,60.682105183438054,31.367104165193258,97148.58871371346,87813.05522532077,99575.06744247323,105445.17604950063
2026-07-12 05:00:00+00:00,71.39093027982459,60.52203904000254,31.161695787485908,90741.74721872805,87582.5739666687,91453.42451025604,93254.15088500643
2026-07-12 06:00:00+00:00,70.64309755966934,60.34549549175174,30.95454466599243,86500.92733313584,83282.71047344804,87005.24326202054,88559.67605881697
2026-07-12 07:00:00+00:00,70.13800618051667,60.3730856438951,30.964438583637392,84283.14519804351,80795.16102604223,84574.4666887529,85988.1570994837
2026-07-12 08:00:00+00:00,69.65972908507702,60.39179829526648,30.976417166489455,82367.36013382251,79689.18395573592,82484.3316520659,84852.47510800538
2026-07-12 09:00:00+00:00,69.16576952501383,60.409849134862775,30.987381324772375,81772.41080227678,79114.78131582627,81656.86338474981,83669.8189357193
2026-07-12 10:00:00+00:00,68.74704869051196,60.43603566358012,30.993972106536358,81489.91707506933,78589.4324380554,81353.36516594043,83258.38174245974
2026-07-12 11:00:00+00:00,69.13396023179179,60.465230564523694,30.991207318769586,80308.73809606064,77130.36508677322,80349.88203105575,82164.61637997862
2026-07-12 12:00:00+00:00,70.45339289081288,60.48017798256236,30.98855006017809,81558.79852415693,77928.14325964644,81708.78503721229,84175.74502830642
2026-07-12 13:00:00+00:00,72.55066996159091,60.5632541057437,31.226574171867675,84958.52689017495,81326.75492599177,84903.64976628109,87417.90857229625
2026-07-12 14:00:00+00:00,75.14125970342928,60.663625438303555,31.45644239523684,88235.51812490531,86607.36298475451,89251.20897613448,91953.53861912331
2026-07-12 15:00:00+00:00,77.99769705982506,60.74484745120164,31.679848792160207,93693.35312581649,91067.62361164232,93466.84704755193,96088.20711246185
2026-07-12 16:00:00+00:00,80.93677743358775,60.8418323261832,31.897878423912232,100561.53952856282,98214.53842017162,100565.82481265135,103167.9048533998
2026-07-12 17:00:00+00:00,83.26551992112284,60.93251949452871,32.12570656759872,107291.90712842463,104509.30707917664,107349.52551097784,110708.72757103144
2026-07-12 18:00:00+00:00,84.82802802852824,61.01946322258395,32.354960594597095,112156.15271229543,108283.71690832467,112388.72324625897,114753.85153193345
2026-07-12 19:00:00+00:00,85.53069226347081,61.18567915823203,33.70614859288511,117203.41652442126,114169.88279031285,117962.10253523453,119972.48608674279
2026-07-12 20:00:00+00:00,85.41448459862337,61.34559005582896,35.06069928970621,122238.99858984949,118023.2436973378,122676.12341212624,124440.87246843295
2026-07-12 21:00:00+00:00,84.4115355681205,61.49002749879022,36.42884380966474,125369.55907489352,121704.47692101305,125581.13510852422,127928.85876620114
2026-07-12 22:00:00+00:00,82.79065227431632,61.65732588533446,37.77942464579534,126289.18965923665,122092.8442767728,126703.3356881683,129662.19699326262
2026-07-12 23:00:00+00:00,80.65228261692235,61.81144460860094,39.12833159163459,123303.20756436214,119422.42587749059,124906.0610258027,126605.20658205825
2026-07-13 00:00:00+00:00,78.63376650270862,61.98094865040023,40.475575900082774,118747.0299662511,115851.79565997138,119427.35192318975,123683.26806860413
