time,tarawa_dir,tarawa_spd,christmas_dir,christmas_spd
2026-06-06 23:00:00,210.0,7.0,80.0,8.0
2026-06-07 00:00:00,250.0,6.0,90.0,8.0
2026-06-07 01:00:00,250.0,7.0,90.0,7.0
2026-06-07 02:00:00,260.0,9.0,100.0,8.0
2026-06-07 03:00:00,230.0,8.0,80.0,7.0
2026-06-07 04:00:00,220.0,9.0,70.0,4.0
2026-06-07 05:00:00,240.0,8.0,110.0,3.0
2026-06-07 06:00:00,240.0,6.0,110.0,4.0
2026-06-07 07:00:00,,,110.0,5.0
2026-06-07 08:00:00,310.0,10.0,110.0,6.0
2026-06-07 09:00:00,,,110.0,6.0
2026-06-07 10:00:00,250.0,13.0,110.0,5.0
2026-06-07 11:00:00,,,,
2026-06-07 12:00:00,270.0,8.0,100.0,7.0
2026-06-07 13:00:00,280.0,6.0,110.0,8.0
2026-06-07 14:00:00,,,,
2026-06-07 15:00:00,340.0,4.0,110.0,6.0
2026-06-07 16:00:00,280.0,4.0,100.0,5.0
2026-06-07 17:00:00,,,,
2026-06-07 18:00:00,,,,
2026-06-07 19:00:00,,,,
2026-06-07 20:00:00,,,,
2026-06-07 21:00:00,,,110.0,8.0
2026-06-07 22:00:00,,,100.0,7.0
2026-06-07 23:00:00,240.0,9.0,110.0,7.0
2026-06-08 00:00:00,,,100.0,6.0
2026-06-08 01:00:00,260.0,10.0,100.0,7.0
2026-06-08 02:00:00,,,110.0,6.0
2026-06-08 03:00:00,280.0,9.0,110.0,6.0
2026-06-08 04:00:00,280.0,8.0,110.0,4.0
2026-06-08 05:00:00,270.0,7.0,110.0,4.0
2026-06-08 06:00:00,260.0,8.0,100.0,3.0
2026-06-08 07:00:00,260.0,9.0,100.0,3.0
2026-06-08 08:00:00,250.0,8.0,100.0,3.0
2026-06-08 09:00:00,,,100.0,4.0
2026-06-08 10:00:00,,,110.0,5.0
2026-06-08 11:00:00,250.0,7.0,110.0,4.0
2026-06-08 12:00:00,,,110.0,3.0
2026-06-08 13:00:00,,,110.0,3.0
2026-06-08 14:00:00,,,110.0,4.0
2026-06-08 15:00:00,,,110.0,4.0
2026-06-08 16:00:00,,,110.0,3.0
2026-06-08 17:00:00,,,100.0,3.0
2026-06-08 18:00:00,270.0,5.0,,2.0
2026-06-08 19:00:00,270.0,10.0,100.0,3.0
2026-06-08 20:00:00,260.0,3.0,100.0,6.0
2026-06-08 21:00:00,270.0,7.0,100.0,5.0
2026-06-08 22:00:00,260.0,7.0,100.0,5.0
2026-06-08 23:00:00,270.0,5.0,110.0,7.0
2026-06-09 00:00:00,,,90.0,5.0
2026-06-09 01:00:00,280.0,4.0,100.0,5.0
2026-06-09 02:00:00,230.0,11.0,100.0,5.0
2026-06-09 03:00:00,230.0,7.0,90.0,4.0
2026-06-09 04:00:00,,,80.0,4.0
2026-06-09 05:00:00,270.0,7.0,,2.0
2026-06-09 06:00:00,,,,1.0
2026-06-09 07:00:00,240.0,11.0,0.0,0.0
2026-06-09 08:00:00,250.0,14.0,0.0,0.0
2026-06-09 09:00:00,240.0,12.0,0.0,0.0
2026-06-09 10:00:00,250.0,11.0,,2.0
2026-06-09 11:00:00,250.0,11.0,,2.0
2026-06-09 12:00:00,250.0,12.0,,2.0
2026-06-09 13:00:00,250.0,11.0,,2.0
2026-06-09 14:00:00,260.0,11.0,,1.0
2026-06-09 15:00:00,260.0,12.0,,2.0
2026-06-09 16:00:00,260.0,12.0,,2.0
2026-06-09 17:00:00,260.0,13.0,100.0,4.0
2026-06-09 18:00:00,270.0,10.0,100.0,4.0
2026-06-09 19:00:00,260.0,10.0,100.0,6.0
2026-06-09 20:00:00,270.0,9.0,100.0,6.0
2026-06-09 21:00:00,270.0,8.0,100.0,6.0
2026-06-09 22:00:00,270.0,9.0,100.0,6.0
2026-06-09 23:00:00,270.0,9.0,100.0,6.0
2026-06-10 00:00:00,270.0,9.0,,
2026-06-10 01:00:00,270.0,9.0,,
2026-06-10 02:00:00,270.0,9.0,100.0,7.0
2026-06-10 03:00:00,280.0,9.0,100.0,5.0
2026-06-10 04:00:00,280.0,8.0,100.0,4.0
2026-06-10 05:00:00,280.0,8.0,110.0,3.0
2026-06-10 06:00:00,230.0,4.0,,1.0
2026-06-10 07:00:00,300.0,4.0,0.0,0.0
2026-06-10 08:00:00,280.0,5.0,0.0,0.0
2026-06-10 09:00:00,260.0,8.0,0.0,0.0
2026-06-10 10:00:00,230.0,6.0,0.0,0.0
2026-06-10 11:00:00,210.0,11.0,0.0,0.0
2026-06-10 12:00:00,220.0,16.0,0.0,0.0
2026-06-10 13:00:00,,,,
2026-06-10 14:00:00,220.0,10.0,0.0,0.0
2026-06-10 15:00:00,220.0,12.0,0.0,0.0
2026-06-10 16:00:00,240.0,12.0,,1.0
2026-06-10 17:00:00,,,,
2026-06-10 18:00:00,260.0,11.0,90.0,4.0
2026-06-10 19:00:00,250.0,13.0,0.0,0.0
2026-06-10 20:00:00,260.0,10.0,,2.0
2026-06-10 21:00:00,270.0,8.0,100.0,4.0
2026-06-10 22:00:00,250.0,8.0,50.0,5.0
2026-06-10 23:00:00,250.0,7.0,60.0,5.0
2026-06-11 00:00:00,260.0,5.0,50.0,4.0
2026-06-11 01:00:00,280.0,4.0,,2.0
2026-06-11 02:00:00,320.0,4.0,60.0,4.0
2026-06-11 03:00:00,320.0,3.0,,2.0
2026-06-11 04:00:00,,2.0,,2.0
2026-06-11 05:00:00,,2.0,0.0,0.0
2026-06-11 06:00:00,240.0,3.0,,1.0
2026-06-11 07:00:00,,,,
2026-06-11 08:00:00,210.0,5.0,0.0,0.0
2026-06-11 09:00:00,210.0,6.0,,
2026-06-11 10:00:00,230.0,7.0,0.0,0.0
2026-06-11 11:00:00,230.0,8.0,0.0,0.0
2026-06-11 12:00:00,240.0,10.0,0.0,0.0
2026-06-11 13:00:00,240.0,12.0,0.0,0.0
2026-06-11 14:00:00,,,,
2026-06-11 15:00:00,250.0,9.0,0.0,0.0
2026-06-11 16:00:00,,,,
2026-06-11 17:00:00,,,,
2026-06-11 18:00:00,270.0,9.0,,1.0
2026-06-11 19:00:00,240.0,11.0,190.0,3.0
2026-06-11 20:00:00,250.0,11.0,,2.0
2026-06-11 21:00:00,240.0,9.0,,2.0
2026-06-11 22:00:00,,,,2.0
2026-06-11 23:00:00,250.0,12.0,,
2026-06-12 00:00:00,270.0,10.0,50.0,3.0
2026-06-12 01:00:00,260.0,13.0,,
