year,date,u_mean,west_frac,n
2015,2015-03-20,1.727217157855952,100.0,4
2015,2015-03-21,1.8634270495483776,100.0,8
2015,2015-03-22,-0.4482067308657953,0.0,9
2015,2015-03-23,0.8260146696228655,63.63636363636363,11
2015,2015-03-24,1.4764200143952646,75.0,4
2015,2015-03-25,1.5883774719963537,57.14285714285714,7
2015,2015-03-27,-2.6101614068105565,0.0,8
2015,2015-03-28,0.504900951406094,33.33333333333333,6
2015,2015-03-29,-0.8306110687875448,50.0,6
2015,2015-03-30,-3.727670805339403,0.0,9
2015,2015-04-01,3.072986769458572,75.0,4
2015,2015-04-02,-2.6421459362864628,22.22222222222222,9
2015,2015-04-03,1.77035512792911,70.0,10
2015,2015-04-04,-1.095431175286666,0.0,6
2015,2015-04-05,-6.253970223200713,16.666666666666664,6
2015,2015-04-06,-4.191784970350114,0.0,8
2015,2015-04-07,-2.262193883070052,0.0,6
2015,2015-04-08,-2.456878318189386,0.0,8
2015,2015-04-09,1.10226076359194,66.66666666666666,3
2015,2015-04-10,-0.9431473333333332,0.0,6
2015,2015-04-12,-2.7943448024887423,11.11111111111111,9
2015,2015-04-13,-2.686940879952634,0.0,6
2015,2015-04-14,-1.64586670452013,33.33333333333333,9
2015,2015-04-16,-2.171432429480792,0.0,4
2015,2015-04-17,0.3940869674958995,20.0,5
2015,2015-04-18,-1.2986665759291711,0.0,5
2015,2015-04-19,-2.0828995837484485,0.0,5
2015,2015-04-20,-1.999550338071597,0.0,7
2015,2015-04-21,-1.318038521918956,40.0,10
2015,2015-04-22,0.7623951848083893,50.0,6
2015,2015-04-23,1.8047525104436184,75.0,4
2015,2015-04-25,-2.086557708197092,0.0,7
2015,2015-04-26,0.818918157766535,44.44444444444444,9
2015,2015-04-27,1.0031687786447057,62.5,8
2015,2015-04-28,0.2463043546849372,12.5,8
2015,2015-04-29,2.069652640321072,70.0,10
2015,2015-04-30,-0.8011567581673755,18.181818181818183,11
2015,2015-05-01,-1.3368498639754534,14.285714285714285,7
2015,2015-05-02,-0.55119,0.0,7
2015,2015-05-03,-0.0384472208550168,20.0,5
2015,2015-05-04,-0.5831286176814486,57.14285714285714,7
2015,2015-05-05,-0.7532215294798731,53.84615384615385,13
2015,2015-05-06,-1.8750268522260003,33.33333333333333,3
2015,2015-05-07,4.24308544328353,88.88888888888889,9
2015,2015-05-08,3.054229859115042,88.88888888888889,9
2015,2015-05-09,3.247026135144902,100.0,6
2015,2015-05-10,4.214181546186677,100.0,9
2015,2015-05-11,4.576684817351008,100.0,11
2015,2015-05-12,0.5275113423877982,50.0,8
2015,2015-05-13,1.3503448084989182,75.0,8
2015,2015-05-14,-2.367598679630309,0.0,8
2015,2015-05-15,-3.126169686064278,0.0,7
2015,2015-05-16,-2.106787731478215,0.0,6
2015,2015-05-17,-2.058874376548375,12.5,8
2015,2015-05-18,3.367856389404244,100.0,6
2015,2015-05-19,-0.2164425263246695,57.14285714285714,7
2015,2015-05-20,-0.7088472775219072,25.0,8
2015,2015-05-21,-0.6684670583597814,14.285714285714285,7
2015,2015-05-22,1.827838010482368,75.0,8
2015,2015-05-23,1.8043090303598763,60.0,5
2015,2015-05-24,-1.0066369750418211,25.0,8
2015,2015-05-25,-3.546259365829242,0.0,12
2015,2015-05-26,-0.8313555476799632,50.0,8
2015,2015-05-27,0.9920268569249424,90.0,10
2015,2015-05-28,0.6303991130178156,77.77777777777779,9
2015,2015-05-29,2.243499322988651,100.0,7
2015,2015-05-30,-0.414220031746556,20.0,5
2015,2015-05-31,-0.4470530591123333,0.0,8
2015,2015-06-01,0.2299724897324008,25.0,8
2015,2015-06-02,0.4865309500821115,50.0,6
2015,2015-06-03,-1.334133082688776,0.0,12
2015,2015-06-04,-0.5763108531342539,42.85714285714285,7
2015,2015-06-05,2.020299042935313,85.71428571428571,7
2015,2015-06-06,-0.5505787902336439,30.0,10
2015,2015-06-07,0.0738303013487459,54.54545454545454,11
2015,2015-06-08,0.6503216439804098,33.33333333333333,6
2015,2015-06-09,-2.9314102329874103,0.0,12
2015,2015-06-10,-3.4379451891818538,0.0,12
2015,2015-06-11,-2.8517160348944484,0.0,10
2015,2015-06-12,-1.851787353731588,10.0,10
2015,2015-06-13,-2.3930314103282173,22.22222222222222,9
2015,2015-06-14,0.7065379907363187,44.44444444444444,9
2015,2015-06-15,-0.8538550962411158,0.0,6
2015,2015-06-16,-1.179666015703248,14.285714285714285,7
2015,2015-06-17,-1.1607862797161894,14.285714285714285,7
2015,2015-06-18,-3.9141815874232,0.0,13
2015,2015-06-19,-3.583980102074184,0.0,12
2015,2015-06-20,-0.8517254030743017,0.0,5
2015,2015-06-21,-2.110257627164928,36.36363636363637,11
2015,2015-06-22,-0.5875104866195875,40.0,10
2015,2015-06-23,-0.3010153789693912,0.0,5
2015,2015-06-24,-1.6466383364016923,0.0,4
2015,2015-06-25,-0.5038121390687803,0.0,10
2015,2015-06-26,-2.5221284872771945,0.0,4
2015,2015-06-27,1.9035264147414288,100.0,6
2015,2015-06-28,4.084434712469213,100.0,5
2015,2015-06-29,3.2036501744575205,100.0,6
2015,2015-06-30,4.837133646158135,100.0,4
2015,2015-07-01,2.8922080634818923,100.0,11
2015,2015-07-02,2.0719635992857057,100.0,11
2015,2015-07-03,3.2053938955805066,90.9090909090909,11
2015,2015-07-04,2.871764904194177,100.0,5
2015,2015-07-05,0.828421514724937,72.72727272727273,11
2015,2015-07-06,-0.762756821219248,15.384615384615383,13
2015,2015-07-07,-5.0400975835244885e-17,0.0,5
2015,2015-07-08,-0.0632754343669326,16.666666666666664,12
2015,2015-07-09,0.1204766983871277,23.07692307692308,13
2015,2015-07-10,0.6871209646556334,54.54545454545454,11
2015,2015-07-11,2.765621804364495,60.0,10
2015,2015-07-12,4.52920193037229,100.0,7
2015,2015-07-13,2.5482812811417195,93.33333333333331,15
2015,2015-07-14,1.6377226919441965,54.54545454545454,11
2015,2015-07-15,0.2605506025080848,38.46153846153847,13
2015,2015-07-16,-0.1751497633315105,55.55555555555556,9
2015,2015-07-17,-0.6929375939268612,0.0,5
2015,2015-07-18,1.6802435192838567,83.33333333333334,6
2015,2015-07-19,0.7554903624853441,50.0,6
2015,2015-07-20,2.323391910038917,92.85714285714286,14
2015,2015-07-21,2.4457806703257217,93.75,16
2015,2015-07-22,2.583480218080369,92.3076923076923,13
2015,2015-07-23,3.361344297907391,93.33333333333331,15
2015,2015-07-24,3.109954868296977,100.0,16
2015,2015-07-25,3.4664293683527467,100.0,13
2015,2015-07-26,4.468628795721552,90.0,10
2015,2015-07-27,4.347417166937711,100.0,12
2015,2015-07-28,4.959845901473797,100.0,7
2015,2015-07-29,6.100865932286598,100.0,11
2015,2015-07-30,5.515379252487684,88.88888888888889,9
2015,2015-07-31,4.725968089260605,100.0,11
2015,2015-08-01,3.6896279108658137,100.0,13
2015,2015-08-02,3.575513351850141,100.0,8
2015,2015-08-03,3.740299111226153,100.0,8
2015,2015-08-04,4.869695204129454,100.0,11
2015,2015-08-05,2.16516502270013,72.72727272727273,11
2015,2015-08-06,1.3025863788294432,60.0,15
2015,2015-08-07,3.0066131327308607,100.0,11
2015,2015-08-08,6.553947077189688,100.0,20
2015,2015-08-09,7.109199731315672,100.0,18
2015,2015-08-10,6.164121636394486,100.0,12
2015,2015-08-11,6.731664562698235,100.0,6
2015,2015-08-12,2.132963809511996,100.0,11
2015,2015-08-13,2.2348834288032147,64.28571428571429,14
2015,2015-08-14,0.7380301253967706,66.66666666666666,9
2015,2015-08-15,-0.332344434299379,37.5,8
2015,2015-08-16,-0.6385771405208507,20.0,5
2015,2015-08-17,0.6896521931178239,25.0,4
2015,2015-08-18,-0.2312107587852315,33.33333333333333,9
2015,2015-08-19,0.0493833002578231,33.33333333333333,6
2015,2015-08-20,-1.7609678658343737,0.0,3
2015,2015-08-21,0.7040764248877764,69.23076923076923,13
2015,2015-08-22,1.5057300009924053,78.57142857142857,14
2015,2015-08-23,2.145586186112776,75.0,8
2015,2015-08-24,-1.3541491511998356,25.0,12
2015,2015-08-25,-1.4325962212424377,8.333333333333332,12
2015,2015-08-26,-0.0728761447015758,57.14285714285714,7
2015,2015-08-27,-2.1060867974454247,0.0,9
2015,2015-08-28,-1.2978777941977753,40.0,10
2015,2015-08-29,4.968823204694432,100.0,12
2015,2015-08-30,4.702388672139926,90.0,10
2015,2015-08-31,3.761070890949532,94.44444444444444,18
2015,2015-09-01,3.0744615920595653,84.21052631578947,19
2015,2015-09-02,3.926788751501413,100.0,9
2015,2015-09-03,0.8045653795276303,42.85714285714285,7
2015,2015-09-04,2.3260969513240743,88.88888888888889,9
2015,2015-09-05,1.662370956283646,71.42857142857143,14
2015,2015-09-06,2.9289801581788364,63.63636363636363,11
2015,2015-09-07,-1.4033176961473062,22.22222222222222,9
2015,2015-09-08,-0.6466313748078854,42.85714285714285,7
2015,2015-09-09,0.2221428242917236,50.0,8
2015,2015-09-10,2.717760958208913,90.0,10
2015,2015-09-11,1.2493192863469775,37.5,8
2015,2015-09-12,2.518622412852785,87.5,8
2015,2015-09-13,3.759752749880709,100.0,9
2015,2015-09-14,5.4786291736935935,100.0,15
2015,2015-09-15,2.65895331698137,80.0,10
2015,2015-09-16,-0.2889592970939917,22.22222222222222,9
2015,2015-09-17,0.861026837777482,38.46153846153847,13
2015,2015-09-18,2.727081724408069,90.9090909090909,11
2015,2015-09-19,4.235998695229961,100.0,13
2015,2015-09-20,4.4963069205730415,100.0,11
2015,2015-09-21,5.234919422785793,100.0,11
2015,2015-09-22,4.522970059938232,69.23076923076923,13
2015,2015-09-23,3.267543344360372,100.0,14
2015,2015-09-24,3.764896306839998,100.0,11
2015,2015-09-25,4.8994156581695965,100.0,17
2015,2015-09-26,5.265408646032186,100.0,15
2015,2015-09-27,7.0662112491568925,100.0,14
2015,2015-09-28,4.819297262568309,100.0,12
2015,2015-09-29,2.951098718934063,100.0,11
2015,2015-09-30,3.0582810800006115,100.0,8
2015,2015-10-01,0.6997131808763682,50.0,10
2015,2015-10-02,2.503821079652312,100.0,7
2015,2015-10-03,2.506336304580925,76.92307692307693,13
2015,2015-10-04,2.473856534804532,75.0,12
2015,2015-10-05,-1.2252254911558085,16.666666666666664,6
2015,2015-10-06,0.2082629006021346,37.5,8
2015,2015-10-07,1.6646848495118158,88.88888888888889,9
2015,2015-10-08,5.121231580331751,100.0,12
2015,2015-10-09,6.662515726644895,100.0,11
2015,2015-10-10,4.347574837933968,100.0,11
2015,2015-10-11,4.636423715873693,100.0,16
2015,2015-10-12,5.128643840489757,100.0,14
2015,2015-10-13,6.900343945776683,100.0,12
2015,2015-10-14,6.272807728758256,100.0,11
2015,2015-10-15,5.58394283519875,100.0,10
2015,2015-10-16,6.311629655258839,87.5,8
2015,2015-10-17,2.337731617202131,100.0,9
2015,2015-10-18,2.0234183932711005,80.0,10
2015,2015-10-19,2.7987617917647,90.0,10
2015,2015-10-20,0.691828046825465,88.88888888888889,9
2015,2015-10-22,1.5633931218277726,90.0,10
2015,2015-10-23,1.1815032613691567,58.333333333333336,12
2015,2015-10-24,2.323386718276621,100.0,10
2015,2015-10-25,2.600549825765297,88.88888888888889,9
2015,2015-10-26,0.0270977051132521,37.5,8
2015,2015-10-27,-0.0113387977423155,33.33333333333333,9
2015,2015-10-28,-0.3367345788896077,12.5,8
2015,2015-10-29,1.6115595051174498,100.0,5
2015,2015-10-30,0.7293604120776783,90.9090909090909,11
2015,2015-10-31,-0.9813263338124308,36.36363636363637,11
2015,2015-11-01,-0.9316717054400526,25.0,8
2015,2015-11-02,-2.10682450508794,25.0,12
2015,2015-11-03,-3.3522021694773487,0.0,10
2015,2015-11-04,-2.6985780502101573,0.0,13
2015,2015-11-05,-1.609335961496072,0.0,11
2015,2015-11-06,0.2376741364801293,50.0,4
2015,2015-11-07,0.0975862306075859,25.0,4
2015,2015-11-08,0.2887561990459033,12.5,8
2015,2015-11-09,-0.6891044802495648,50.0,12
2015,2015-11-10,1.8557972454959395,91.66666666666666,12
2015,2015-11-11,2.502358834214346,90.9090909090909,11
2015,2015-11-12,2.0801803275258823,77.77777777777779,9
2015,2015-11-13,3.4489275237601555,90.0,10
2015,2015-11-14,-0.1935532367419871,0.0,6
2015,2015-11-15,-0.6239129461947556,9.090909090909092,11
2015,2015-11-16,-1.4623548704948115,0.0,5
2015,2015-11-17,-0.7680455024896115,41.66666666666667,12
2015,2015-11-18,0.4862381053448832,100.0,8
2015,2015-11-19,-0.2156570897691609,60.0,5
2015,2015-11-20,2.3452698075503133,100.0,11
2015,2015-11-21,0.8401742632787004,87.5,8
2015,2015-11-22,1.0599076394877094,62.5,8
2015,2015-11-23,0.7582267662839499,90.9090909090909,11
2015,2015-11-24,-0.54054202534759,54.54545454545454,11
2015,2015-11-25,-0.5769844144859848,30.0,10
2015,2015-11-26,-0.7631106324341939,75.0,8
2015,2015-11-27,3.474993035241963,85.71428571428571,7
2015,2015-11-28,0.4053027517524898,20.0,5
2015,2015-11-29,4.22991530380486,100.0,12
2015,2015-11-30,3.1789567836794275,100.0,8
2015,2015-12-01,0.1708231176563402,33.33333333333333,9
2015,2015-12-02,1.708439328609994,80.0,5
2015,2015-12-03,2.423986886074168,81.81818181818183,11
2015,2015-12-04,2.057806441651783,90.0,10
2015,2015-12-05,1.207471434866117,87.5,8
2015,2015-12-06,-0.9981985559287864,25.0,8
2015,2015-12-07,-0.392862330720607,37.5,8
2015,2015-12-08,-2.272225035414553,0.0,6
2015,2015-12-09,-2.662518035069924,0.0,13
2015,2015-12-10,-2.2922939404252727,0.0,9
2015,2015-12-11,-2.67459445685436,0.0,12
2015,2015-12-12,-3.245256578227665,0.0,11
2015,2015-12-13,-2.7041000629458107,0.0,13
2015,2015-12-15,-4.872332406498095,0.0,7
2015,2015-12-16,2.2440542848625653,90.0,10
2015,2015-12-17,1.67048902193114,72.72727272727273,11
2015,2015-12-18,2.208485224668535,87.5,8
2015,2015-12-19,2.8312781010842154,100.0,10
2015,2015-12-20,0.1917436930017589,66.66666666666666,6
2015,2015-12-21,0.9170851887473052,57.14285714285714,7
2015,2015-12-22,2.1249074422791527,91.66666666666666,12
2015,2015-12-23,1.1942851971080837,50.0,12
2015,2015-12-24,3.5837927186676546,100.0,9
2015,2015-12-25,-1.833650429925625,25.0,12
2015,2015-12-26,-3.6744482921820736,11.11111111111111,9
2015,2015-12-27,-2.21407032203449,50.0,6
2015,2015-12-28,-0.4381489228290455,50.0,12
2015,2015-12-29,-0.5188920743149755,36.36363636363637,11
2015,2015-12-30,-0.1084362442529125,58.333333333333336,12
2023,2023-01-01,-5.538283533961994,0.0,24
2023,2023-01-02,-3.577281427703623,0.0,24
2023,2023-01-03,-2.998794014759832,0.0,24
2023,2023-01-04,-4.508018557553949,0.0,24
2023,2023-01-05,-3.893648294937449,0.0,24
2023,2023-01-06,-3.858247783602607,0.0,24
2023,2023-01-07,-4.344059500273642,0.0,24
2023,2023-01-08,-4.651765721470696,0.0,24
2023,2023-01-09,-3.9362019380039226,0.0,24
2023,2023-01-10,-4.087175315684792,0.0,24
2023,2023-01-11,-4.41882969021827,0.0,24
2023,2023-01-12,-4.062214933840683,0.0,24
2023,2023-01-13,-4.580176894795052,0.0,24
2023,2023-01-14,-4.757836793305604,0.0,24
2023,2023-01-15,-3.890062966167112,0.0,24
2023,2023-01-16,-4.5925426522962125,0.0,24
2023,2023-01-17,-3.452875957329155,0.0,24
2023,2023-01-18,-3.410360936542751,0.0,24
2023,2023-01-19,-4.023021059337247,0.0,27
2023,2023-01-20,-5.282504824495069,0.0,24
2023,2023-01-21,-4.252467526263858,0.0,24
2023,2023-01-22,-3.6250743771443976,0.0,24
2023,2023-01-23,-4.0441776356531465,0.0,24
2023,2023-01-24,-5.915753501758052,0.0,24
2023,2023-01-25,-5.070786713320403,0.0,25
2023,2023-01-26,-4.706769704429001,0.0,30
2023,2023-01-27,-4.792819204607726,0.0,24
2023,2023-01-28,-4.190160251086136,0.0,28
2023,2023-01-29,-4.705027324774829,0.0,27
2023,2023-01-30,-4.493720614626226,0.0,24
2023,2023-01-31,-3.714453649426847,0.0,24
2023,2023-02-01,-3.406862011841393,0.0,24
2023,2023-02-02,-3.3861083913609047,0.0,24
2023,2023-02-03,-5.293726644722582,0.0,24
2023,2023-02-04,-4.802327382128186,0.0,24
2023,2023-02-05,-5.6115894811502445,0.0,24
2023,2023-02-06,-5.817709857802839,0.0,24
2023,2023-02-07,-5.446010111050409,0.0,24
2023,2023-02-08,-7.14414437232766,0.0,24
2023,2023-02-09,-6.042315806102185,0.0,24
2023,2023-02-10,-6.848918718644401,0.0,24
2023,2023-02-11,-4.1435185706076005,0.0,25
2023,2023-02-12,-3.6655723175974297,0.0,25
2023,2023-02-13,-5.033385145020563,0.0,24
2023,2023-02-14,-4.015928227294906,0.0,23
2023,2023-02-15,-3.6560806154098615,0.0,24
2023,2023-02-16,-3.307417446346262,0.0,24
2023,2023-02-17,-3.0234274958549743,0.0,24
2023,2023-02-18,-3.2672943102646843,0.0,24
2023,2023-02-19,-0.2445037541116683,25.0,20
2023,2023-02-20,-2.90971100315528,5.0,20
2023,2023-02-21,-2.2929806256127976,0.0,17
2023,2023-02-22,-1.9509577591327896,0.0,23
2023,2023-02-23,-2.510294678600169,6.25,16
2023,2023-02-24,-1.8713741186606112,0.0,19
2023,2023-02-25,-2.77770830436482,0.0,24
2023,2023-02-26,-4.193258959160789,0.0,24
2023,2023-02-27,-3.786192524852341,0.0,24
2023,2023-02-28,-4.545188036402341,0.0,24
2023,2023-03-01,-5.199913547300207,0.0,23
2023,2023-03-02,-3.665283495393581,0.0,24
2023,2023-03-03,-2.670451503424541,0.0,23
2023,2023-03-04,-2.6840635175874,0.0,21
2023,2023-03-05,-2.294788203549559,0.0,24
2023,2023-03-06,-3.0313727141214177,0.0,24
2023,2023-03-07,-3.32344116058649,0.0,24
2023,2023-03-08,-3.2773638170919823,0.0,24
2023,2023-03-09,-2.2863912164439144,0.0,23
2023,2023-03-10,-2.977344281632438,0.0,23
2023,2023-03-11,-3.719353746413909,0.0,24
2023,2023-03-12,-3.551657515941413,0.0,24
2023,2023-03-13,-4.999612925758599,0.0,24
2023,2023-03-14,-5.513137604904075,0.0,24
2023,2023-03-15,-4.525785917094733,0.0,24
2023,2023-03-16,-3.29260177052017,0.0,24
2023,2023-03-17,-3.6285863306924,0.0,24
2023,2023-03-18,-1.918407602164424,6.25,16
2023,2023-03-19,-2.082813028643718,0.0,21
2023,2023-03-20,-3.403329016722074,0.0,24
2023,2023-03-21,-5.498293949385462,0.0,24
2023,2023-03-22,-4.343014674855112,0.0,24
2023,2023-03-23,-3.029095871284952,0.0,25
2023,2023-03-24,-3.9298779764149945,0.0,24
2023,2023-03-25,-3.2554395486188823,0.0,22
2023,2023-03-26,-5.678380372758257,0.0,26
2023,2023-03-27,-3.993675944635625,0.0,24
2023,2023-03-28,-2.6211465112898584,0.0,24
2023,2023-03-29,-3.0466138272504866,0.0,22
2023,2023-03-30,-3.831422181671338,0.0,24
2023,2023-03-31,-3.095728264597799,0.0,17
2023,2023-04-01,-2.041397043766648,0.0,23
2023,2023-04-02,-2.1172133331056098,0.0,23
2023,2023-04-03,-3.497325469459042,0.0,24
2023,2023-04-04,-4.925211672753367,0.0,24
2023,2023-04-05,-3.9672044169262186,0.0,25
2023,2023-04-06,-4.322959960541305,0.0,26
2023,2023-04-07,-4.97551407980169,0.0,24
2023,2023-04-08,-5.377439686883537,0.0,25
2023,2023-04-09,-3.0106195786218453,0.0,23
2023,2023-04-10,-1.4573496401945314,0.0,16
2023,2023-04-11,-1.9605583866678729,0.0,22
2023,2023-04-12,-1.9174483835918208,0.0,17
2023,2023-04-13,-2.867868267765172,0.0,24
2023,2023-04-14,-2.907229038004542,0.0,21
2023,2023-04-15,-1.6366419969696662,5.0,20
2023,2023-04-16,-2.6804582402764483,0.0,23
2023,2023-04-17,-2.1843409293664675,0.0,18
2023,2023-04-18,-1.7787899413546486,0.0,20
2023,2023-04-19,-2.680354509983601,0.0,23
2023,2023-04-20,-2.881964001803011,0.0,22
2023,2023-04-21,-2.7365023940433466,0.0,24
2023,2023-04-22,-3.4841518703688608,0.0,22
2023,2023-04-23,-3.3201930829729105,0.0,24
2023,2023-04-24,-3.4510437120545405,0.0,24
2023,2023-04-25,-2.407749552875704,0.0,14
2023,2023-04-26,-3.5063197986555816,0.0,24
2023,2023-04-27,-4.235396518228413,0.0,24
2023,2023-04-28,-3.424760981607212,0.0,24
2023,2023-04-29,-3.743135181487893,0.0,24
2023,2023-04-30,-4.136411874140904,0.0,24
2023,2023-05-01,-4.961284713233977,0.0,24
2023,2023-05-02,-2.440004094226824,0.0,22
2023,2023-05-03,-3.121368053090834,0.0,28
2023,2023-05-04,-1.64056426759586,0.0,21
2023,2023-05-05,-2.198490894758163,0.0,24
2023,2023-05-06,-3.511356017747707,0.0,24
2023,2023-05-07,-3.904771555787286,0.0,24
2023,2023-05-08,-3.433801147368095,0.0,25
2023,2023-05-09,-1.924404283321677,0.0,21
2023,2023-05-10,-3.71524229928201,0.0,24
2023,2023-05-11,-3.901259898804593,0.0,24
2023,2023-05-12,-3.587320427996706,0.0,24
2023,2023-05-13,-3.368302641306128,0.0,24
2023,2023-05-14,-3.226180676411719,0.0,17
2023,2023-05-15,-1.6068517638720572,10.0,20
2023,2023-05-16,-3.403119476398586,0.0,24
2023,2023-05-17,-2.1148315993406896,0.0,23
2023,2023-05-18,-3.008692297470489,0.0,24
2023,2023-05-19,-2.5226624481696573,0.0,23
2023,2023-05-20,-2.7320785158119234,0.0,23
2023,2023-05-21,-1.6359268036160437,0.0,18
2023,2023-05-22,0.9992168367918044,58.333333333333336,12
2023,2023-05-23,1.2708354981300374,83.33333333333334,24
2023,2023-05-24,0.8625681703200998,65.21739130434783,23
2023,2023-05-25,-0.3928283909171293,16.666666666666664,18
2023,2023-05-26,-0.764793530632283,12.5,16
2023,2023-05-27,-1.7953092665915122,0.0,20
2023,2023-05-28,-3.317359204426696,0.0,24
2023,2023-05-29,-3.022145665820108,0.0,20
2023,2023-05-30,-0.7927930242195736,13.043478260869565,23
2023,2023-05-31,1.0015534816593477,86.95652173913044,23
2023,2023-06-01,-1.670686013168772,4.3478260869565215,23
2023,2023-06-02,-2.9449891870138987,0.0,24
2023,2023-06-03,-3.112121131259772,0.0,24
2023,2023-06-04,-2.611442614029766,0.0,24
2023,2023-06-05,-1.954563590350057,0.0,17
2023,2023-06-06,-3.0008864896245924,0.0,24
2023,2023-06-07,-2.426947731609701,0.0,23
2023,2023-06-08,-3.4431990894830284,0.0,25
2023,2023-06-09,-2.3533763575517628,4.0,25
2023,2023-06-10,-2.389000139500949,0.0,24
2023,2023-06-11,-1.5200885995031657,0.0,18
2023,2023-06-12,-1.8609770454292724,0.0,21
2023,2023-06-13,-2.061583108909571,4.761904761904762,21
2023,2023-06-14,-2.958716313406448,0.0,24
2023,2023-06-15,-3.655932712847635,0.0,24
2023,2023-06-16,-1.9473387642189728,0.0,22
2023,2023-06-17,0.1156517524460107,53.84615384615385,13
2023,2023-06-18,-0.9849641021217832,18.75,16
2023,2023-06-19,-0.7787132110348783,26.31578947368421,19
2023,2023-06-20,-1.4235998383247832,6.666666666666667,15
2023,2023-06-21,-2.2329732795806763,8.695652173913043,23
2023,2023-06-22,-1.7957715153473863,0.0,22
2023,2023-06-23,-2.856157604354719,0.0,24
2023,2023-06-24,-4.118529009780453,0.0,23
2023,2023-06-25,-1.4931405625652885,13.636363636363637,22
2023,2023-06-26,-0.6282634490062483,44.44444444444444,18
2023,2023-06-27,0.2278131271835625,68.42105263157895,19
2023,2023-06-28,1.0801890126310674,62.5,24
2023,2023-06-29,0.522362179221767,57.14285714285714,28
2023,2023-06-30,-2.662398143616554,0.0,19
2023,2023-07-01,0.2276844581634307,71.42857142857143,7
2023,2023-07-02,-1.3488550092913694,22.727272727272727,22
2023,2023-07-03,-2.090049863984573,8.0,25
2023,2023-07-04,-1.073320608909322,8.333333333333332,12
2023,2023-07-05,-3.70814126385592,0.0,24
2023,2023-07-06,-4.165345384836026,0.0,24
2023,2023-07-07,-4.141361746933682,0.0,24
2023,2023-07-08,-3.6487340064461646,0.0,25
2023,2023-07-09,-1.4770531487041814,4.166666666666666,24
2023,2023-07-10,-1.2426162895831907,20.0,15
2023,2023-07-11,0.0308767785808073,66.66666666666666,18
2023,2023-07-12,-1.2113897233939537,9.523809523809524,21
2023,2023-07-13,-1.401826281376905,23.809523809523807,21
2023,2023-07-14,-1.3490085313316802,0.0,11
2023,2023-07-15,-1.7268638083158103,0.0,18
2023,2023-07-16,-1.5534271387229155,0.0,15
2023,2023-07-17,-0.8749069754989721,22.22222222222222,18
2023,2023-07-18,-1.2147046233654253,20.0,20
2023,2023-07-19,-2.93847508529878,0.0,24
2023,2023-07-20,-1.68764244177373,0.0,18
2023,2023-07-21,0.2331124376667015,52.63157894736842,19
2023,2023-07-22,1.715129303933682,82.35294117647058,17
2023,2023-07-23,-1.7280586819631676,9.523809523809524,21
2023,2023-07-24,-1.2574384684043372,0.0,18
2023,2023-07-25,-0.5980228509719943,20.0,15
2023,2023-07-26,0.0722759815171363,65.0,20
2023,2023-07-27,-0.633924266055189,15.384615384615383,13
2023,2023-07-28,-1.5250364032201948,4.761904761904762,21
2023,2023-07-29,-2.846394472757334,0.0,24
2023,2023-07-30,-0.7357556534410338,36.36363636363637,22
2023,2023-07-31,1.4800658466542995,69.23076923076923,26
2023,2023-08-01,-0.0830916468657555,31.25,16
2023,2023-08-02,-0.3517579163538345,38.095238095238095,21
2023,2023-08-03,-1.0259409243106297,13.333333333333334,15
2023,2023-08-04,-1.1153581732124953,0.0,15
2023,2023-08-05,-2.260974054058723,0.0,23
2023,2023-08-06,-2.0240124897711333,0.0,23
2023,2023-08-07,-0.5019016244473978,6.666666666666667,15
2023,2023-08-08,1.0542713290907564,89.47368421052632,19
2023,2023-08-09,0.2287092198878154,33.33333333333333,12
2023,2023-08-10,0.4277374450424547,66.66666666666666,18
2023,2023-08-11,0.8463156226812513,53.84615384615385,13
2023,2023-08-12,-1.561500334683932,15.789473684210526,19
2023,2023-08-13,-2.6459986162907008,0.0,21
2023,2023-08-14,-1.1713781236580434,7.142857142857142,14
2023,2023-08-15,-0.6516943611005442,25.0,12
2023,2023-08-16,-0.7538527095598643,25.0,24
2023,2023-08-17,-0.447975056067122,40.0,15
2023,2023-08-18,1.029495475213534,88.88888888888889,18
2023,2023-08-19,-0.087564673806624,33.33333333333333,15
2023,2023-08-20,-1.1067093835320134,8.333333333333332,12
2023,2023-08-21,-1.480783434726172,0.0,14
2023,2023-08-22,-2.157377959245899,0.0,20
2023,2023-08-23,-1.9846520762842703,0.0,13
2023,2023-08-24,-1.1479297204372854,0.0,13
2023,2023-08-25,-1.36974612866984,0.0,13
2023,2023-08-26,-1.5916885263812288,0.0,22
2023,2023-08-27,-0.2169305549920978,60.0,20
2023,2023-08-28,1.3970314236244168,100.0,16
2023,2023-08-29,-0.3967746607935872,44.44444444444444,18
2023,2023-08-30,-1.7796376606782671,0.0,21
2023,2023-08-31,-1.7385444461490367,21.428571428571427,14
2023,2023-09-01,-2.28945493217603,0.0,17
2023,2023-09-02,-0.7260553684264345,21.052631578947366,19
2023,2023-09-03,-1.8791663057558987,9.090909090909092,22
2023,2023-09-04,-2.4239775109353103,0.0,22
2023,2023-09-05,-3.2768564046355344,0.0,24
2023,2023-09-06,-3.70681217993258,0.0,24
2023,2023-09-07,-3.087925539471096,0.0,24
2023,2023-09-08,-2.0787827574489595,0.0,22
2023,2023-09-09,-0.9520143755216584,12.5,16
2023,2023-09-10,-0.1196983160922518,35.714285714285715,14
2023,2023-09-11,0.2564488342847366,40.0,15
2023,2023-09-12,-0.4957102743834575,22.22222222222222,18
2023,2023-09-13,0.2368237823904021,57.14285714285714,14
2023,2023-09-14,-0.2713672559630325,33.33333333333333,9
2023,2023-09-15,0.406120841474042,57.14285714285714,14
2023,2023-09-16,-0.4053617018728389,18.75,16
2023,2023-09-17,-1.244536951623903,10.0,30
2023,2023-09-18,-2.265202210478144,0.0,18
2023,2023-09-19,-0.0983617281595859,35.0,20
2023,2023-09-20,2.002440295510751,100.0,24
2023,2023-09-21,0.9586124381836156,76.47058823529412,17
2023,2023-09-22,-0.7607539251560252,30.434782608695656,23
2023,2023-09-23,0.1814318116046035,44.44444444444444,9
2023,2023-09-24,0.9810797616241118,86.66666666666667,15
2023,2023-09-25,0.2204377271860748,58.82352941176471,17
2023,2023-09-26,-1.3405111299967165,6.666666666666667,15
2023,2023-09-27,-1.8904977396795803,0.0,14
2023,2023-09-28,0.7018704467221334,69.23076923076923,26
2023,2023-09-29,2.072820549974688,87.5,24
2023,2023-09-30,1.843420994351178,88.88888888888889,18
2023,2023-10-01,0.5980659678387179,80.0,20
2023,2023-10-02,-1.7075265490603346,0.0,21
2023,2023-10-03,-1.7599514844977533,4.545454545454546,22
2023,2023-10-04,-0.1063494197543094,35.714285714285715,14
2023,2023-10-05,1.315245724996668,85.71428571428571,14
2023,2023-10-06,-0.6654589933843581,36.84210526315789,19
2023,2023-10-07,-0.5453520574613566,10.0,10
2023,2023-10-08,-0.6309816345219598,26.08695652173913,23
2023,2023-10-09,-0.8961125932673849,0.0,16
2023,2023-10-10,-0.1316703843890001,65.0,20
2023,2023-10-11,-0.5747745694787967,0.0,16
2023,2023-10-12,-0.9201125863556772,0.0,13
2023,2023-10-13,-0.7809897452005441,21.428571428571427,14
2023,2023-10-14,0.0589395270721552,53.84615384615385,13
2023,2023-10-15,1.0191071498142832,90.0,20
2023,2023-10-16,2.466093412392978,95.83333333333334,24
2023,2023-10-17,4.301077078794761,100.0,22
2023,2023-10-18,5.613751916772233,97.36842105263158,38
2023,2023-10-19,4.783606814270233,100.0,27
2023,2023-10-20,3.686419677143716,96.875,32
2023,2023-10-21,1.833015724795256,100.0,21
2023,2023-10-22,1.2565524593951545,84.61538461538461,13
2023,2023-10-23,-0.2603979768114172,43.75,16
2023,2023-10-24,-2.7589740016468376,0.0,24
2023,2023-10-25,-1.8530140668829431,9.523809523809524,21
2023,2023-10-26,-2.078655562978337,0.0,24
2023,2023-10-27,-0.5880620163737628,26.666666666666668,15
2023,2023-10-28,0.4334634354027908,54.54545454545454,11
2023,2023-10-29,-0.976320745297764,5.88235294117647,17
2023,2023-10-30,-0.0643122464824694,52.63157894736842,19
2023,2023-10-31,-0.9967227256086844,6.25,16
2023,2023-11-01,-0.6980873968123471,33.33333333333333,18
2023,2023-11-02,1.675869348802706,76.19047619047619,21
2023,2023-11-03,0.057518113259739,53.333333333333336,15
2023,2023-11-04,-1.2676980256935435,0.0,15
2023,2023-11-05,1.2387938003188246,75.0,12
2023,2023-11-06,1.3972016303080652,53.333333333333336,15
2023,2023-11-07,1.8506726961884616,60.0,20
2023,2023-11-08,0.6790737716256305,53.333333333333336,15
2023,2023-11-09,0.9716752614715736,64.28571428571429,14
2023,2023-11-10,-1.4272764265332776,0.0,13
2023,2023-11-11,0.1723362039521214,28.57142857142857,21
2023,2023-11-12,1.202324006473444,77.27272727272727,22
2023,2023-11-13,1.4882768718593693,76.47058823529412,17
2023,2023-11-14,4.539085904370594,96.15384615384616,26
2023,2023-11-15,2.805038793978416,75.0,24
2023,2023-11-16,0.0490535030533367,53.333333333333336,15
2023,2023-11-17,-2.2046843499017186,0.0,24
2023,2023-11-18,-3.44099415274508,0.0,21
2023,2023-11-19,-0.4682440437321629,44.44444444444444,18
2023,2023-11-20,0.1049219758384826,56.52173913043478,23
2023,2023-11-21,-1.6183736853385524,8.333333333333332,24
2023,2023-11-22,-1.5009973527766876,4.3478260869565215,23
2023,2023-11-23,-0.2775476315932847,28.57142857142857,14
2023,2023-11-24,-0.4914051899570784,47.05882352941176,17
2023,2023-11-25,-1.9024775574958075,0.0,15
2023,2023-11-26,-1.3526318979113845,12.5,16
2023,2023-11-27,-0.6236173636964202,0.0,18
2023,2023-11-28,-0.8958410074755682,7.142857142857142,14
2023,2023-11-29,0.4475653871289548,38.095238095238095,21
2023,2023-11-30,1.480035506934826,75.0,20
2023,2023-12-01,-2.06831471904383,4.166666666666666,24
2023,2023-12-02,-1.833367021652808,7.6923076923076925,26
2023,2023-12-03,-2.0947886158649176,0.0,24
2023,2023-12-04,-2.853144639647218,0.0,22
2023,2023-12-05,-3.816484264158655,0.0,24
2023,2023-12-06,-3.1204957140647336,0.0,27
2023,2023-12-07,-3.1908268691223696,0.0,23
2023,2023-12-08,-1.4629818842926958,15.789473684210526,19
2023,2023-12-09,-0.7990910847243485,38.095238095238095,21
2023,2023-12-10,1.9943299315241496,90.9090909090909,22
2023,2023-12-11,-0.0731487829275369,55.55555555555556,9
2023,2023-12-12,1.911225369294264,73.33333333333333,15
2023,2023-12-13,-2.8045741808982507,4.761904761904762,21
2023,2023-12-14,-0.0439616907060397,36.84210526315789,19
2023,2023-12-15,1.0155086508550766,45.83333333333333,24
2023,2023-12-16,0.8240785125851169,40.0,20
2023,2023-12-17,1.4124829773078598,90.0,20
2023,2023-12-18,1.2389147699754337,71.42857142857143,21
2023,2023-12-19,3.681253577705063,100.0,28
2023,2023-12-20,3.4486557703641227,100.0,22
2023,2023-12-21,2.7426421034258417,92.5925925925926,27
2023,2023-12-22,3.094207740617464,100.0,22
2023,2023-12-23,-1.6397191780141496,12.5,24
2023,2023-12-24,-1.6159340689026536,0.0,23
2023,2023-12-25,-1.0123440013890626,0.0,18
2023,2023-12-26,-1.9770508300128893,0.0,21
2023,2023-12-27,-1.8061087884388256,0.0,17
2023,2023-12-28,-2.38834185679945,0.0,24
2023,2023-12-29,-2.1935886563459297,0.0,18
2023,2023-12-30,-3.7142828653320943,0.0,24
2026,2026-01-01,-2.5686745715855435,0.0,20
2026,2026-01-02,-2.507418672819318,0.0,24
2026,2026-01-03,-1.8883566822644242,0.0,18
2026,2026-01-04,-1.6907752284858586,10.0,10
2026,2026-01-05,-0.1447294625297043,41.17647058823529,17
2026,2026-01-06,-2.628711447821263,5.0,20
2026,2026-01-07,-1.8207255405380478,0.0,18
2026,2026-01-08,-3.3150099915631555,0.0,23
2026,2026-01-09,-4.309655845016599,0.0,24
2026,2026-01-10,-4.94560420558381,0.0,24
2026,2026-01-11,-5.0189702350939465,0.0,24
2026,2026-01-12,-3.32891662928731,0.0,24
2026,2026-01-13,-2.626408693777024,0.0,22
2026,2026-01-14,-2.387077225622463,4.166666666666666,24
2026,2026-01-15,-4.000286990146168,0.0,23
2026,2026-01-16,-4.5393267625105205,0.0,23
2026,2026-01-17,-3.469437420312166,0.0,24
2026,2026-01-18,-2.7632223200945987,0.0,24
2026,2026-01-19,-3.2292873415001155,0.0,23
2026,2026-01-20,-3.6103311469803407,0.0,24
2026,2026-01-21,-2.5907008651791887,0.0,24
2026,2026-01-22,-3.89045403806345,0.0,18
2026,2026-01-23,-1.3333381482377316,23.809523809523807,21
2026,2026-01-24,0.8511028086233132,75.0,20
2026,2026-01-25,0.6234493594620698,42.10526315789473,19
2026,2026-01-26,-1.24155456704871,4.545454545454546,22
2026,2026-01-27,-2.2289966636551113,0.0,23
2026,2026-01-28,-3.4000045484783143,0.0,24
2026,2026-01-29,-4.244541971582722,0.0,23
2026,2026-01-30,-4.293215564541594,0.0,25
2026,2026-01-31,-4.110827648513667,0.0,24
2026,2026-02-01,-3.3780987370798186,0.0,23
2026,2026-02-02,-3.4448598054896347,0.0,24
2026,2026-02-03,-2.9395663270787247,0.0,24
2026,2026-02-04,-1.8771039051177416,0.0,22
2026,2026-02-05,-2.292320289041802,0.0,27
2026,2026-02-06,-4.040501021229555,0.0,24
2026,2026-02-07,-4.338983685163529,0.0,24
2026,2026-02-08,-4.93263589591898,0.0,24
2026,2026-02-09,-3.175520869339119,0.0,24
2026,2026-02-10,-2.349329228488387,3.4482758620689653,29
2026,2026-02-11,0.4448372454044656,50.0,18
2026,2026-02-12,-2.4364504597066294,7.142857142857142,28
2026,2026-02-13,-3.9755566900966266,0.0,24
2026,2026-02-14,-4.339707092171163,0.0,24
2026,2026-02-15,-3.978732748946738,0.0,24
2026,2026-02-16,-4.187281636895935,0.0,24
2026,2026-02-17,-6.14343935854598,0.0,24
2026,2026-02-18,-6.1772504973055105,0.0,23
2026,2026-02-19,-4.5402908406438724,0.0,21
2026,2026-02-20,-2.8681233876685384,0.0,24
2026,2026-02-21,-2.7585343658908927,0.0,23
2026,2026-02-22,-3.1499687415568594,0.0,24
2026,2026-02-23,-2.8759586507181343,0.0,24
2026,2026-02-24,-4.274840055411576,0.0,23
2026,2026-02-25,-4.836148833826905,0.0,24
2026,2026-02-26,-4.744546496928198,0.0,24
2026,2026-02-27,-4.787800102791905,0.0,24
2026,2026-02-28,-4.664341852147348,0.0,24
2026,2026-03-01,-4.049967183489799,0.0,24
2026,2026-03-02,-3.2718609050069642,0.0,22
2026,2026-03-03,-3.507964317846966,0.0,24
2026,2026-03-04,-4.167963906201443,0.0,24
2026,2026-03-05,-3.320453966593652,0.0,24
2026,2026-03-06,-3.521435615655328,0.0,24
2026,2026-03-07,-3.2428718604495073,0.0,23
2026,2026-03-08,-4.3641629995098405,0.0,24
2026,2026-03-09,-3.7578723870613713,0.0,26
2026,2026-03-10,-2.6690698577438545,0.0,24
2026,2026-03-11,-2.8630479319125786,0.0,24
2026,2026-03-12,-2.6898531229804696,0.0,22
2026,2026-03-13,-3.5099609175528066,0.0,24
2026,2026-03-14,-3.0668623593759388,0.0,24
2026,2026-03-15,-1.7576909103827252,0.0,21
2026,2026-03-16,-1.9354201682787104,0.0,13
2026,2026-03-17,-2.5017982441566975,0.0,24
2026,2026-03-18,-2.3403279759761486,0.0,22
2026,2026-03-19,-3.4546949828782156,0.0,24
2026,2026-03-20,-2.88144788502153,0.0,16
2026,2026-03-21,-1.5002921040030952,0.0,15
2026,2026-03-22,0.01728459686262966,54.54545454545454,11
2026,2026-03-23,0.08076096125637638,40.0,15
2026,2026-03-24,-0.8392818620461646,17.391304347826086,23
2026,2026-03-25,-0.9528382698289521,0.0,14
2026,2026-03-26,-0.23133872578678005,50.0,14
2026,2026-03-27,1.0246180178833049,95.0,20
2026,2026-03-28,4.269745757183524,100.0,27
2026,2026-03-29,2.9901363947619584,100.0,22
2026,2026-03-30,3.9521897228201612,100.0,26
2026,2026-03-31,1.4136495815382129,95.65217391304348,23
2026,2026-04-01,-0.010840620903870536,54.54545454545454,22
2026,2026-04-02,-0.3360634907495067,21.73913043478261,23
2026,2026-04-03,-0.8383138532920842,10.526315789473683,19
2026,2026-04-04,-3.9985067198450124,0.0,24
2026,2026-04-05,-4.394015423946956,9.090909090909092,22
2026,2026-04-06,-5.5380513822667785,0.0,30
2026,2026-04-07,-3.7426748323356485,0.0,24
2026,2026-04-08,-3.59723305247442,0.0,24
2026,2026-04-09,-2.754489028756758,0.0,19
2026,2026-04-10,-1.5485707689425043,4.166666666666666,24
2026,2026-04-11,-3.488395283749682,0.0,24
2026,2026-04-12,-3.737709744641565,0.0,24
2026,2026-04-13,-3.5187130831120697,0.0,24
2026,2026-04-14,-4.505929518858119,0.0,24
2026,2026-04-15,-4.882218026438334,0.0,24
2026,2026-04-16,-2.093208870099098,0.0,24
2026,2026-04-17,-2.333173910281424,0.0,24
2026,2026-04-18,-2.8712748802377956,0.0,24
2026,2026-04-19,-2.0576197920077397,0.0,20
2026,2026-04-20,-1.6386096697641472,0.0,22
2026,2026-04-21,-1.360821152414019,0.0,12
2026,2026-04-22,-0.9587950403522252,0.0,14
2026,2026-04-23,-1.5653999371561655,0.0,8
2026,2026-04-24,-2.2075268043393788,0.0,18
2026,2026-04-25,-2.9611180235380585,0.0,17
2026,2026-04-26,-1.4862039235833076,9.090909090909092,11
2026,2026-04-27,-0.4086666018657012,8.333333333333332,12
2026,2026-04-28,-0.898937161796145,0.0,16
2026,2026-04-29,-1.0904980001419564,25.0,12
2026,2026-04-30,-2.166174270818288,0.0,21
2026,2026-05-01,-1.8521385695218446,11.76470588235294,17
2026,2026-05-02,0.1941985900511519,73.68421052631578,19
2026,2026-05-03,-0.9132632038265659,22.22222222222222,18
2026,2026-05-04,-3.111190474029354,0.0,14
2026,2026-05-05,-2.0091471736436004,0.0,19
2026,2026-05-06,-2.2495140874551844,0.0,20
2026,2026-05-07,-2.221205021404612,0.0,12
2026,2026-05-08,-3.1120868096532512,0.0,24
2026,2026-05-09,-3.955434011475072,0.0,24
2026,2026-05-10,-3.370256458037919,0.0,5
2026,2026-05-11,-2.5427833060739276,0.0,15
2026,2026-05-12,-0.47411614499284244,44.44444444444444,9
2026,2026-05-13,-0.7258952701904346,18.181818181818183,11
2026,2026-05-14,-1.6182008152269636,6.666666666666667,15
2026,2026-05-15,-2.0033297284641516,0.0,20
2026,2026-05-16,-0.2844070409167294,47.05882352941176,17
2026,2026-05-17,-2.873873566749803,0.0,19
2026,2026-05-18,-3.460148548381572,0.0,18
2026,2026-05-19,-2.7017461240540923,0.0,18
2026,2026-05-20,-3.2076291600237186,0.0,22
2026,2026-05-21,-1.0175204904814732,23.52941176470588,17
2026,2026-05-22,1.25243035261584,83.33333333333334,18
2026,2026-05-23,-0.4156706020388197,11.76470588235294,17
2026,2026-05-24,-0.9074214910850427,23.076923076923077,13
2026,2026-05-25,-1.500769264208478,0.0,12
2026,2026-05-26,-1.1696273039525786,0.0,15
2026,2026-05-27,0.05738651756343643,42.857142857142854,14
2026,2026-05-28,2.3250263588578948,93.33333333333333,15
2026,2026-05-29,2.1389052317178354,80.0,10
2026,2026-05-30,0.5943302815058504,77.77777777777779,9
2026,2026-05-31,-1.3681725368259103,16.666666666666664,12
2026,2026-06-01,-1.1564707481250842,14.285714285714285,14
2026,2026-06-02,1.1829393067403307,83.33333333333334,18
2026,2026-06-03,0.7684713112294981,66.66666666666666,6
2026,2026-06-04,-0.2900515383645515,0.0,5
2026,2026-06-05,-1.743527285491308,0.0,5
2026,2026-06-06,1.6106794338752226,88.88888888888889,9
2026,2026-06-07,3.380775631711321,100.0,14
2026,2026-06-08,3.721451443029061,100.0,14
2026,2026-06-09,4.95796161678628,100.0,21
2026,2026-06-10,3.995308451993516,100.0,22
2026,2026-06-11,3.2801783664553823,100.0,17
2026,2026-06-12,4.724784042748575,91.66666666666666,12
2026,2026-06-13,3.6118644163952394,100.0,14
2026,2026-06-14,1.2789973783262072,90.0,10
2026,2026-06-15,-1.750024766135161,0.0,7
2026,2026-06-16,-0.4220475769075422,26.08695652173913,23
2026,2026-06-17,1.9506902237883235,88.88888888888889,18
2026,2026-06-18,0.8897247145137545,81.81818181818183,11
2026,2026-06-19,0.601592952471002,80.0,10
2026,2026-06-20,2.8248149114653063,100.0,15
2026,2026-06-21,3.665473799664317,95.23809523809523,21
2026,2026-06-22,3.7190265304547263,92.85714285714286,14
2026,2026-06-23,3.9346798573502415,100.0,22
2026,2026-06-24,3.3253133973558278,100.0,21
2026,2026-06-25,4.100489705159777,100.0,16
2026,2026-06-26,3.158611768781217,100.0,20
2026,2026-06-27,4.340034644347732,100.0,21
2026,2026-06-28,3.44346217633653,100.0,16
2026,2026-06-29,1.1917837928371875,70.0,10
2026,2026-06-30,2.2488418514267017,100.0,12
2026,2026-07-01,4.240621890275819,100.0,6
2026,2026-07-02,4.098544947417326,100.0,22
2026,2026-07-03,4.201784626740273,100.0,16
2026,2026-07-04,3.958490834998969,100.0,20
2026,2026-07-05,4.1396004138117375,100.0,18
2026,2026-07-06,1.781073734490546,78.57142857142857,14
2026,2026-07-07,1.456463988866663,40.0,5
2026,2026-07-08,-0.17595021061303048,0.0,3
2026,2026-07-09,1.0409421196451278,60.0,10
2026,2026-07-10,2.23651844405542,92.3076923076923,13
2026,2026-07-11,4.196149608542253,100.0,13
2026,2026-07-12,1.8246678229566269,100.0,16
2026,2026-07-13,0.5165345450975882,61.53846153846154,13
2026,2026-07-14,-0.30284535900095894,28.57142857142857,14
2026,2026-07-15,4.743404556025788,100.0,10
2026,2026-07-16,1.9024877196220598,100.0,6
2026,2026-07-17,3.5350460199715723,100.0,9
2026,2026-07-18,3.2960383388838657,100.0,12
2026,2026-07-19,1.6861705831518121,91.66666666666666,12
2026,2026-07-20,2.814481732163275,100.0,12
2026,2026-07-21,3.0888108797333578,100.0,21
2026,2026-07-22,4.702841606888234,100.0,22
2026,2026-07-23,5.529252309172367,100.0,20
2026,2026-07-24,4.127823196698355,100.0,20
2026,2026-07-25,3.5741174020772566,100.0,21
2026,2026-07-26,5.006378790853545,100.0,24
2026,2026-07-27,5.344835280005571,100.0,23
2026,2026-07-28,4.565288129284902,100.0,23
2026,2026-07-29,2.3641935860067527,83.33333333333334,18
2026,2026-07-30,-0.2092648058058549,38.46153846153847,13
2026,2026-07-31,0.2944650731133095,66.66666666666666,15
2026,2026-08-01,0.23984079626085628,66.66666666666666,12
2026,2026-08-02,-1.2049126769401441,0.0,18
2026,2026-08-03,-2.0153828074459263,0.0,19
2026,2026-08-04,-1.0803112080282373,26.31578947368421,19
2026,2026-08-05,-0.7860884376855797,13.636363636363635,22
2026,2026-08-06,0.3294899817790027,55.55555555555556,18
2026,2026-08-07,1.4003255371485546,60.0,10
