sid,name,basin,season,t_recurve,lat,lon,vmax_kt,t_et,proxy
1991181N26282,ANA,NA,1991,1991-07-01 00:00:00,27.3,277.3,45.0,,2.0293
1991200N05157,CAITLIN,WP,1991,1991-07-27 00:00:00,24.4,126.4,95.0,,1.0576
1991219N25165,DOUG,WP,1991,1991-08-10 00:00:00,32.1,156.8,35.0,,3.1745
1991228N26286,BOB,NA,1991,1991-08-17 18:00:00,29.0,282.9,100.0,1991-08-20 18:00:00,1.6167
1991233N22147,UNNAMED,WP,1991,1991-08-28 18:00:00,32.4,128.6,35.0,1991-08-30 06:00:00,1.2051
1991239N20133,HARRY,WP,1991,1991-08-29 00:00:00,25.0,133.2,40.0,1991-08-31 12:00:00,0.781
1991243N05172,IVY,WP,1991,1991-09-08 00:00:00,29.2,137.3,115.0,1991-09-10 18:00:00,1.2224
1991248N27304,CLAUDETTE,NA,1991,1991-09-08 06:00:00,29.2,296.9,115.0,1991-09-12 18:00:00,0.4072
1991251N12138,KINNA,WP,1991,1991-09-13 00:00:00,26.8,127.7,90.0,1991-09-14 18:00:00,1.9185
1991252N24311,ERIKA,NA,1991,1991-09-09 12:00:00,27.8,307.7,50.0,1991-09-12 12:00:00,1.434
1991256N13171,MIREILLE,WP,1991,1991-09-26 00:00:00,24.4,125.8,130.0,1991-09-28 06:00:00,2.3941
1991256N14148,LUKE,WP,1991,1991-09-17 18:00:00,24.4,130.2,55.0,1991-09-20 00:00:00,0.6733
1991257N16130,NAT,WP,1991,1991-09-17 12:00:00,20.0,118.5,110.0,,0.659
1991274N08164,PAT,WP,1991,1991-10-10 00:00:00,22.2,149.6,125.0,1991-10-13 12:00:00,1.7133
1991274N14149,ORCHID,WP,1991,1991-10-08 00:00:00,20.8,130.4,115.0,1991-10-14 06:00:00,1.5165
1991289N06156,RUTH,WP,1991,1991-10-29 00:00:00,18.9,119.7,145.0,1991-10-31 00:00:00,1.0432
1991299N27295,GRACE,NA,1991,1991-10-28 06:00:00,32.2,291.5,85.0,1991-10-29 18:00:00,2.1173
1991302N44301,UNNAMED,NA,1991,1991-10-31 12:00:00,37.7,288.5,65.0,1991-10-28 18:00:00,2.831
1991307N06177,VERNE,WP,1991,1991-11-11 00:00:00,21.7,142.0,55.0,1991-11-13 00:00:00,0.4701
1992172N07144,BOBBIE,WP,1992,1992-06-27 12:00:00,21.9,123.8,120.0,1992-07-01 00:00:00,0.9593
1992176N06145,DEANNA,WP,1992,1992-07-02 00:00:00,17.9,127.8,40.0,,0.9886
1992206N25161,HELEN,WP,1992,1992-07-26 06:00:00,26.7,157.9,45.0,1992-07-28 12:00:00,0.6908
1992212N05154,JANIS,WP,1992,1992-08-07 06:00:00,28.1,129.3,115.0,1992-08-09 06:00:00,1.9389
1992212N20135,IRVING,WP,1992,1992-08-01 06:00:00,23.9,130.7,80.0,,2.3483
1992229N24162,NINA,WP,1992,1992-08-19 18:00:00,31.4,155.7,45.0,1992-08-21 18:00:00,1.6181
1992230N11325,ANDREW,NA,1992,1992-08-26 12:00:00,30.1,268.3,150.0,,3.4101
1992233N16254,LESTER,EP,1992,1992-08-22 12:00:00,23.2,245.9,70.0,,1.6609
1992237N14144,POLLY,WP,1992,1992-08-31 12:00:00,26.3,118.4,55.0,1992-09-02 00:00:00,3.7439
1992242N13166,RYAN,WP,1992,1992-09-05 00:00:00,19.5,146.9,115.0,1992-09-12 00:00:00,0.8365
1992248N19166,SIBYL,WP,1992,1992-09-13 06:00:00,31.3,153.9,110.0,1992-09-15 18:00:00,2.7483
1992258N17249,ROSLYN,EP,1992,1992-09-27 18:00:00,18.3,209.7,85.0,,0.3243
1992259N11159,TED,WP,1992,1992-09-23 00:00:00,27.9,120.8,65.0,1992-09-24 18:00:00,4.6751
1992263N05175,VAL,WP,1992,1992-09-26 18:00:00,31.7,150.8,55.0,1992-09-27 18:00:00,3.8774
1992266N30327,CHARLEY,NA,1992,1992-09-23 18:00:00,35.2,325.4,95.0,1992-09-27 18:00:00,0.7789
1992268N11193,WARD,WP,1992,1992-10-05 06:00:00,30.5,158.8,95.0,1992-10-07 00:00:00,6.2587
1992271N26291,EARL,NA,1992,1992-09-29 00:00:00,29.2,280.6,55.0,1992-10-03 18:00:00,0.6428
1992277N16140,YVETTE,WP,1992,1992-10-10 06:00:00,15.4,125.7,155.0,1992-10-18 12:00:00,0.3185
1992281N11263,WINIFRED,EP,1992,1992-10-09 06:00:00,16.7,255.8,100.0,,1.751
1992289N09171,BRIAN,WP,1992,1992-10-23 18:00:00,23.1,138.6,95.0,,1.3019
1992298N10188,DAN,WP,1992,1992-11-02 00:00:00,22.4,148.6,110.0,1992-11-04 18:00:00,1.2981
1992300N13249,ZEKE,EP,1992,1992-10-28 00:00:00,17.4,243.2,45.0,,0.5533
1992302N06150,ELSIE,WP,1992,1992-11-05 18:00:00,20.3,133.8,145.0,1992-11-07 18:00:00,1.1866
1992318N06182,GAY,WP,1992,1992-11-29 18:00:00,24.2,130.3,160.0,1992-11-30 12:00:00,0.5971
1992318N11160,HUNT,WP,1992,1992-11-20 00:00:00,18.9,139.4,125.0,1992-11-22 00:00:00,1.4978
1993199N10156,NATHAN,WP,1993,1993-07-25 06:00:00,37.2,132.9,70.0,1993-07-25 12:00:00,2.2069
1993205N15137,OFELIA,WP,1993,1993-07-27 00:00:00,30.6,131.2,45.0,1993-07-28 00:00:00,1.16
1993207N19130,PERCY,WP,1993,1993-07-28 12:00:00,25.2,128.5,65.0,1993-07-30 12:00:00,1.2864
1993211N07161,ROBYN,WP,1993,1993-08-09 06:00:00,29.0,129.1,120.0,1993-08-11 12:00:00,0.6899
1993221N12216,KEONI,WP,1993,1993-08-27 00:00:00,35.5,158.3,115.0,,1.4415
1993229N10159,VERNON,WP,1993,1993-08-26 18:00:00,32.6,140.6,80.0,1993-08-28 12:00:00,2.359
1993235N20307,EMILY,NA,1993,1993-08-31 18:00:00,34.5,284.8,100.0,1993-09-06 12:00:00,0.8549
1993240N17142,YANCY,WP,1993,1993-09-01 12:00:00,23.4,125.4,130.0,1993-09-04 12:00:00,0.4839
1993246N16129,ZOLA,WP,1993,1993-09-06 12:00:00,21.5,128.0,55.0,1993-09-09 06:00:00,1.1125
1993251N25293,FLOYD,NA,1993,1993-09-08 06:00:00,29.4,290.6,70.0,1993-09-10 18:00:00,1.8796
1993252N11265,LIDIA,EP,1993,1993-09-12 12:00:00,20.4,250.2,130.0,,1.3197
1993261N11131,DOT,WP,1993,1993-09-26 00:00:00,21.1,112.4,80.0,,1.435
1993263N11168,CECIL,WP,1993,1993-09-25 18:00:00,22.9,144.7,100.0,1993-09-28 00:00:00,1.4518
1993270N07153,ED,WP,1993,1993-10-04 18:00:00,20.3,132.6,140.0,1993-10-08 12:00:00,1.1234
1993271N14134,FLO,WP,1993,1993-10-05 00:00:00,16.2,119.7,70.0,1993-10-08 18:00:00,0.4614
1993275N04159,GENE,WP,1993,1993-10-09 18:00:00,22.3,132.6,35.0,1993-10-10 18:00:00,0.5911
1993285N12192,HATTIE,WP,1993,1993-10-23 00:00:00,23.0,153.3,50.0,1993-10-25 18:00:00,0.9778
1993306N10168,JEANA,WP,1993,1993-11-10 00:00:00,19.6,135.8,50.0,,1.0082
1994153N19113,RUSS,WP,1994,1994-06-08 18:00:00,22.5,109.8,55.0,1994-06-09 18:00:00,0.6012
1994186N09139,TIM,WP,1994,1994-07-11 18:00:00,27.4,114.8,125.0,1994-07-13 12:00:00,1.4265
1994189N16117,VANESSA,WP,1994,1994-07-09 06:00:00,15.9,115.3,45.0,,0.7814
1994206N14131,BRENDAN,WP,1994,1994-07-27 18:00:00,16.8,125.5,50.0,,1.8361
1994215N30149,ELLIE,WP,1994,1994-08-15 00:00:00,34.0,121.9,80.0,1994-08-16 12:00:00,2.9057
1994222N11267,JOHN,WP,1994,1994-08-31 06:00:00,27.2,172.9,150.0,1994-09-10 06:00:00,1.2637
1994224N20152,FRED,WP,1994,1994-08-23 00:00:00,31.2,115.0,130.0,1994-08-25 06:00:00,0.6353
1994229N11321,CHRIS,NA,1994,1994-08-21 18:00:00,30.4,296.9,70.0,,1.5729
1994231N12157,GLADYS,WP,1994,1994-08-20 12:00:00,18.6,155.4,105.0,,1.4564
1994237N24167,IVY,WP,1994,1994-08-31 06:00:00,28.8,158.9,75.0,1994-09-04 12:00:00,0.6357
1994244N07151,KINNA,WP,1994,1994-09-10 06:00:00,30.5,139.2,85.0,1994-09-12 06:00:00,3.9627
1994251N10180,MELISSA,WP,1994,1994-09-18 18:00:00,39.2,148.6,135.0,1994-09-19 18:00:00,2.2861
1994257N13139,NAT,WP,1994,1994-09-20 12:00:00,27.9,149.1,45.0,,0.9771
1994259N12128,ORCHID,WP,1994,1994-09-27 18:00:00,26.8,132.4,135.0,1994-09-30 06:00:00,2.5228
1994265N16149,PAT:RUTH,WP,1994,1994-09-26 12:00:00,31.7,149.2,50.0,1994-09-28 18:00:00,1.4896
1994273N08176,SETH,WP,1994,1994-10-10 00:00:00,25.8,122.7,120.0,1994-10-12 06:00:00,3.6142
1994287N08176,VERNE,WP,1994,1994-10-26 06:00:00,15.2,129.1,115.0,1994-11-02 00:00:00,1.0951
1994291N12170,WILDA,WP,1994,1994-10-25 00:00:00,15.7,147.2,125.0,1994-11-01 12:00:00,1.3088
1994298N25161,ZELDA,WP,1994,1994-11-06 06:00:00,23.8,133.2,135.0,1994-11-08 12:00:00,0.7634
1994306N23313,FLORENCE,NA,1994,1994-11-06 06:00:00,32.0,303.1,95.0,,2.7318
1995148N07150,DEANNA,WP,1995,1995-06-07 00:00:00,19.2,117.7,50.0,1995-06-08 18:00:00,1.837
1995150N05156,ELI,WP,1995,1995-06-07 12:00:00,19.6,137.1,40.0,,1.0493
1995154N17276,ALLISON,NA,1995,1995-06-04 12:00:00,24.7,273.8,65.0,1995-06-06 06:00:00,7.8493
1995193N06156,FAYE,WP,1995,1995-07-21 18:00:00,26.4,126.3,105.0,,0.4898
1995193N17305,CHANTAL,NA,1995,1995-07-17 12:00:00,29.3,290.2,60.0,1995-07-20 18:00:00,2.7043
1995212N22287,ERIN,NA,1995,1995-08-05 00:00:00,34.8,269.8,80.0,,0.2376
1995220N14329,FELIX,NA,1995,1995-08-17 00:00:00,35.3,287.1,120.0,1995-08-22 18:00:00,1.6785
1995229N12144,JANIS,WP,1995,1995-08-25 06:00:00,29.7,121.0,55.0,1995-08-27 18:00:00,1.656
1995234N13327,HUMBERTO,NA,1995,1995-08-29 00:00:00,29.0,310.6,95.0,,2.9989
1995235N13311,IRIS,NA,1995,1995-08-29 00:00:00,21.3,297.5,95.0,1995-09-04 12:00:00,3.0309
1995241N11333,LUIS,NA,1995,1995-09-08 18:00:00,26.5,290.5,130.0,1995-09-10 18:00:00,2.1074
1995250N09161,OSCAR,WP,1995,1995-09-15 18:00:00,25.9,136.6,140.0,1995-09-17 18:00:00,2.0089
1995252N08142,POLLY,WP,1995,1995-09-13 00:00:00,15.1,122.6,90.0,1995-09-22 00:00:00,0.2755
1995256N12309,MARILYN,NA,1995,1995-09-18 06:00:00,25.0,290.6,100.0,1995-09-22 06:00:00,4.8405
1995258N14115,RYAN,WP,1995,1995-09-19 06:00:00,15.6,112.5,130.0,1995-09-24 12:00:00,2.3844
1995260N15255,JULIETTE,EP,1995,1995-09-23 06:00:00,20.2,240.7,130.0,,0.9675
1995270N10322,NOEL,NA,1995,1995-09-28 18:00:00,15.2,317.4,65.0,1995-10-07 06:00:00,1.9368
1995271N19273,OPAL,NA,1995,1995-10-02 12:00:00,21.0,267.7,130.0,1995-10-05 18:00:00,0.7122
1995277N07141,TED,WP,1995,1995-10-12 06:00:00,18.4,108.2,75.0,,0.9667
1995281N14278,ROXANNE,NA,1995,1995-10-14 00:00:00,21.8,266.1,100.0,,0.9567
1995287N08163,WARD,WP,1995,1995-10-20 00:00:00,22.8,134.2,140.0,1995-10-22 18:00:00,2.2258
1995302N17174,BRIAN,WP,1995,1995-11-02 00:00:00,23.0,151.3,50.0,1995-11-04 00:00:00,0.845
1996170N27282,ARTHUR,NA,1996,1996-06-18 12:00:00,29.7,281.2,45.0,1996-06-21 12:00:00,1.7225
1996186N19156,DAN,WP,1996,1996-07-08 18:00:00,24.7,140.4,75.0,1996-07-12 06:00:00,0.8476
1996187N10326,BERTHA,NA,1996,1996-07-12 06:00:00,31.2,281.4,100.0,1996-07-14 12:00:00,1.2543
1996192N19152,EVE,WP,1996,1996-07-18 00:00:00,30.5,130.4,140.0,1996-07-24 12:00:00,1.2629
1996208N20165,JOY,WP,1996,1996-08-01 18:00:00,30.5,151.8,75.0,1996-08-06 12:00:00,3.7749
1996210N05156,KIRK,WP,1996,1996-08-05 06:00:00,27.2,130.5,95.0,1996-08-16 00:00:00,2.2576
1996227N15176,ORSON,WP,1996,1996-08-23 00:00:00,23.4,142.4,115.0,1996-09-03 12:00:00,0.905
1996232N21170,PIPER,WP,1996,1996-08-21 06:00:00,28.0,157.0,65.0,,1.0586
1996233N12340,EDOUARD,NA,1996,1996-08-31 00:00:00,29.5,289.5,125.0,1996-09-03 06:00:00,2.603
1996237N14339,FRAN,NA,1996,1996-09-07 12:00:00,41.2,279.5,105.0,1996-09-09 00:00:00,6.0887
1996240N22168,RICK,WP,1996,1996-08-30 18:00:00,31.3,172.2,35.0,,1.3597
1996248N15319,HORTENSE,NA,1996,1996-09-12 18:00:00,24.7,288.2,120.0,1996-09-15 18:00:00,1.884
1996252N11162,TOM,WP,1996,1996-09-14 12:00:00,20.0,143.3,75.0,1996-09-20 12:00:00,0.7378
1996254N13138,VIOLET,WP,1996,1996-09-16 00:00:00,19.9,126.4,130.0,1996-09-23 18:00:00,0.9458
1996254N14258,FAUSTO,EP,1996,1996-09-13 06:00:00,22.1,249.3,105.0,,1.3845
1996261N08184,YATES,WP,1996,1996-09-28 12:00:00,22.0,137.8,130.0,1996-10-01 12:00:00,2.0517
1996268N15140,ZANE,WP,1996,1996-09-28 00:00:00,22.8,125.3,110.0,1996-10-03 18:00:00,0.453
1996269N09337,ISIDORE,NA,1996,1996-09-28 12:00:00,17.8,316.8,100.0,1996-10-02 00:00:00,1.3389
1996289N13280,LILI,NA,1996,1996-10-16 12:00:00,18.2,276.2,100.0,1996-10-27 06:00:00,1.7353
1996291N17168,CARLO,WP,1996,1996-10-23 18:00:00,21.5,144.8,105.0,,0.3756
1996307N09154,DALE,WP,1996,1996-11-11 00:00:00,20.6,131.3,140.0,,0.5415
1996309N21175,UNNAMED,WP,1996,1996-11-08 06:00:00,26.6,169.3,50.0,,0.7061
1996312N14125,ERNIE,WP,1996,1996-11-10 00:00:00,19.4,117.9,45.0,,1.2267
1997152N06171,NESTOR,WP,1997,1997-06-12 18:00:00,25.2,141.6,140.0,1997-06-14 12:00:00,0.5495
1997165N12139,OPAL,WP,1997,1997-06-18 18:00:00,25.6,133.7,90.0,1997-06-21 00:00:00,15.6374
1997167N06162,PETER,WP,1997,1997-06-26 12:00:00,23.5,126.5,70.0,1997-06-29 00:00:00,0.9972
1997196N08142,ROSIE,WP,1997,1997-07-27 00:00:00,35.7,132.4,140.0,,0.8852
1997201N24152,SCOTT,WP,1997,1997-07-22 00:00:00,25.4,148.4,55.0,1997-08-03 00:00:00,1.4327
1997202N04152,TINA,WP,1997,1997-08-07 18:00:00,29.2,126.3,90.0,1997-08-09 12:00:00,1.8013
1997210N15120,VICTOR,WP,1997,1997-08-03 00:00:00,25.1,113.7,65.0,,1.3989
1997212N11265,GUILLERMO,EP,1997,1997-08-16 12:00:00,44.3,197.5,140.0,1997-08-16 00:00:00,1.2226
1997217N06168,WINNIE,WP,1997,1997-08-19 12:00:00,32.2,117.9,140.0,1997-08-21 12:00:00,1.6511
1997236N10172,BING,WP,1997,1997-09-02 00:00:00,27.1,138.3,135.0,1997-09-04 18:00:00,1.6452
1997240N12193,OLIWA,WP,1997,1997-09-15 00:00:00,28.9,129.5,140.0,1997-09-17 12:00:00,1.5323
1997246N11316,ERIKA,NA,1997,1997-09-07 18:00:00,20.6,296.8,110.0,1997-09-16 00:00:00,1.4803
1997262N22184,ELLA,WP,1997,1997-09-23 00:00:00,28.5,156.3,40.0,,3.9509
1997265N10175,GINGER,WP,1997,1997-09-28 06:00:00,25.6,157.6,145.0,1997-09-30 12:00:00,0.7296
1997270N11265,OLAF,EP,1997,1997-10-05 06:00:00,16.5,243.2,60.0,,1.3822
1997283N07177,IVAN,WP,1997,1997-10-20 06:00:00,18.6,122.0,160.0,1997-10-25 12:00:00,0.8865
1997284N04179,JOAN,WP,1997,1997-10-20 12:00:00,21.5,136.7,160.0,1997-10-24 12:00:00,0.6458
1997299N07169,KEITH,WP,1997,1997-11-05 00:00:00,17.8,134.9,155.0,1997-11-08 12:00:00,0.9276
1998232N15312,BONNIE,NA,1998,1998-08-26 18:00:00,33.4,282.2,100.0,1998-08-30 18:00:00,2.2117
1998235N17131,REX,WP,1998,1998-08-23 00:00:00,17.4,128.6,115.0,1998-09-07 00:00:00,1.7394
1998236N13326,DANIELLE,NA,1998,1998-08-31 00:00:00,27.9,285.9,90.0,1998-09-04 00:00:00,2.9768
1998249N16256,JAVIER,EP,1998,1998-09-08 12:00:00,20.7,248.0,50.0,,1.5744
1998253N17150,STELLA,WP,1998,1998-09-15 00:00:00,28.2,137.0,65.0,1998-09-16 18:00:00,3.4494
1998259N10335,GEORGES,NA,1998,1998-09-28 12:00:00,30.4,271.1,135.0,,2.4254
1998262N13333,IVAN,NA,1998,1998-09-24 18:00:00,33.4,317.7,80.0,1998-09-27 06:00:00,3.0312
1998262N20137,WALDO,WP,1998,1998-09-21 00:00:00,30.1,136.0,45.0,,2.1121
1998264N10343,JEANNE,NA,1998,1998-09-27 06:00:00,24.4,318.0,90.0,1998-10-01 00:00:00,1.3849
1998267N13134,YANNI,WP,1998,1998-09-28 00:00:00,23.1,122.2,80.0,1998-10-01 00:00:00,0.84
1998278N14314,LISA,NA,1998,1998-10-06 06:00:00,17.1,310.7,65.0,1998-10-10 00:00:00,4.1058
1998281N11151,ZEB,WP,1998,1998-10-15 00:00:00,19.3,121.0,155.0,1998-10-18 00:00:00,0.458
1998285N12149,BABS,WP,1998,1998-10-25 06:00:00,19.7,115.9,135.0,1998-10-28 00:00:00,1.0084
1998295N12284,MITCH,NA,1998,1998-11-02 12:00:00,17.9,266.6,155.0,1998-11-05 18:00:00,0.3925
1998328N28332,NICOLE,NA,1998,1998-11-28 18:00:00,28.0,313.4,75.0,1998-12-01 18:00:00,0.8704
1999203N17129,NEIL,WP,1999,1999-07-23 18:00:00,17.8,124.2,50.0,,1.3465
1999204N17117,UNNAMED,WP,1999,1999-07-25 06:00:00,18.5,113.5,40.0,,0.3532
1999208N06139,OLGA,WP,1999,1999-08-02 18:00:00,31.5,125.9,80.0,1999-08-04 18:00:00,5.3178
1999230N12129,SAM,WP,1999,1999-08-23 06:00:00,23.8,112.7,75.0,1999-08-26 18:00:00,0.4938
1999231N14341,CINDY,NA,1999,1999-08-29 00:00:00,31.5,301.6,120.0,,0.3519
1999231N30181,TANYA,WP,1999,1999-08-23 06:00:00,36.5,157.9,70.0,1999-08-24 18:00:00,1.8588
1999236N22292,DENNIS,NA,1999,1999-08-29 12:00:00,29.9,281.6,90.0,1999-09-07 18:00:00,2.9488
1999241N12133,WENDY,WP,1999,1999-09-04 06:00:00,24.6,115.2,40.0,,1.4926
1999251N15314,FLOYD,NA,1999,1999-09-15 12:00:00,29.3,281.1,135.0,1999-09-17 12:00:00,5.9056
1999254N18142,ZIA,WP,1999,1999-09-14 00:00:00,30.1,131.6,45.0,1999-09-16 06:00:00,3.4609
1999255N13336,GERT,NA,1999,1999-09-21 00:00:00,29.2,297.1,130.0,1999-09-23 12:00:00,4.0413
1999258N25128,ANN,WP,1999,1999-09-19 00:00:00,32.5,122.0,50.0,1999-09-20 12:00:00,2.2012
1999260N20130,BART,WP,1999,1999-09-20 06:00:00,23.8,125.3,140.0,1999-09-25 06:00:00,0.4787
1999275N16135,DAN,WP,1999,1999-10-09 00:00:00,24.0,118.1,110.0,1999-10-10 18:00:00,0.7306
1999286N16278,IRENE,NA,1999,1999-10-13 18:00:00,19.8,276.4,95.0,1999-10-19 06:00:00,3.7541
1999291N10309,JOSE,NA,1999,1999-10-22 06:00:00,19.9,293.9,85.0,1999-10-25 12:00:00,1.1121
1999315N13127,GLORIA,WP,1999,1999-11-14 06:00:00,18.9,130.5,65.0,,0.5607
2000184N13133,KIROGI,WP,2000,2000-07-04 06:00:00,18.3,131.7,115.0,2000-07-09 06:00:00,1.1838
2000185N15117,KAI-TAK,WP,2000,2000-07-07 00:00:00,19.7,118.5,75.0,2000-07-11 18:00:00,3.3488
2000199N20145,TEMBIN,WP,2000,2000-07-20 12:00:00,31.3,141.8,45.0,,3.4223
2000202N12131,BOLAVEN,WP,2000,2000-07-23 18:00:00,18.5,123.6,50.0,2000-07-31 12:00:00,1.5422
2000217N11342,ALBERTO,NA,2000,2000-08-11 12:00:00,32.2,301.4,110.0,2000-08-23 12:00:00,0.687
2000222N14143,EWINIAR,WP,2000,2000-08-12 00:00:00,29.4,135.5,75.0,2000-08-20 00:00:00,4.2912
2000230N08139,BILIS,WP,2000,2000-08-23 18:00:00,25.4,116.3,140.0,2000-08-25 18:00:00,3.0172
2000237N08138,PRAPIROON,WP,2000,2000-08-30 12:00:00,29.9,123.1,75.0,2000-09-01 18:00:00,1.4515
2000245N14157,SAOMAI,WP,2000,2000-09-14 06:00:00,28.2,124.2,140.0,2000-09-16 18:00:00,0.9608
2000248N18126,BOPHA,WP,2000,2000-09-10 18:00:00,19.4,121.8,55.0,,1.1287
2000255N31289,FLORENCE,NA,2000,2000-09-13 06:00:00,30.7,286.0,70.0,,0.607
2000259N20273,GORDON,NA,2000,2000-09-15 06:00:00,21.0,272.0,70.0,2000-09-18 18:00:00,2.5369
2000260N15178,SHANSHAN,WP,2000,2000-09-22 00:00:00,24.2,165.3,135.0,2000-09-25 00:00:00,0.779
2000260N15308,HELENE,NA,2000,2000-09-21 18:00:00,27.1,272.9,60.0,,0.9222
2000266N12337,ISAAC,NA,2000,2000-09-29 12:00:00,31.2,303.8,120.0,2000-10-01 18:00:00,1.1672
2000295N20146,YAGI,WP,2000,2000-10-25 06:00:00,25.2,124.5,105.0,,0.6205
2000299N08139,XANGSANE,WP,2000,2000-10-29 12:00:00,16.0,118.0,90.0,2000-11-02 00:00:00,1.1242
2000299N22291,UNNAMED,NA,2000,2000-10-27 00:00:00,29.2,287.5,55.0,2000-10-25 00:00:00,2.8348
2001157N28265,ALLISON,NA,2001,2001-06-08 12:00:00,30.4,263.8,50.0,2001-06-18 00:00:00,1.4565
2001170N11138,CHEBI,WP,2001,2001-06-23 06:00:00,23.4,119.2,100.0,2001-06-24 18:00:00,1.0571
2001202N23152,KONG-REY,WP,2001,2001-07-25 06:00:00,27.5,140.5,85.0,2001-07-29 12:00:00,0.4986
2001212N10158,MAN-YI,WP,2001,2001-08-05 00:00:00,24.7,143.6,120.0,2001-08-10 06:00:00,1.124
2001225N18146,PABUK,WP,2001,2001-08-19 18:00:00,27.7,133.0,90.0,,2.5119
2001235N18296,DEAN,NA,2001,2001-08-24 06:00:00,26.6,289.3,60.0,2001-08-28 18:00:00,1.3996
2001238N18162,SEPAT,WP,2001,2001-08-29 18:00:00,34.3,159.8,45.0,2001-08-30 18:00:00,1.5641
2001239N19116,FITOW,WP,2001,2001-09-05 06:00:00,20.7,108.6,45.0,,1.9481
2001245N13326,ERIN,NA,2001,2001-09-11 00:00:00,36.4,294.3,105.0,2001-09-15 06:00:00,4.0713
2001246N19156,DANAS,WP,2001,2001-09-10 00:00:00,32.5,137.3,105.0,,1.1796
2001251N14332,FELIX,NA,2001,2001-09-12 12:00:00,22.0,311.1,100.0,,2.0708
2001255N26276,GABRIELLE,NA,2001,2001-09-12 18:00:00,25.4,274.6,70.0,2001-09-19 06:00:00,2.9585
2001259N20138,VIPA,WP,2001,2001-09-18 18:00:00,28.9,138.2,75.0,2001-09-21 18:00:00,1.696
2001260N14167,FRANCISCO,WP,2001,2001-09-23 12:00:00,26.3,147.5,100.0,2001-09-26 00:00:00,2.7486
2001264N21126,LEKIMA,WP,2001,2001-09-28 18:00:00,24.8,120.4,95.0,,1.3844
2001265N25296,HUMBERTO,NA,2001,2001-09-23 12:00:00,31.0,292.5,90.0,,1.4306
2001276N13146,KROSA,WP,2001,2001-10-06 12:00:00,23.4,135.3,105.0,2001-10-09 12:00:00,2.1267
2001284N16132,HAIYAN,WP,2001,2001-10-16 00:00:00,24.5,124.5,90.0,,0.5939
2001284N28297,KAREN,NA,2001,2001-10-12 12:00:00,32.8,294.2,70.0,2001-10-11 06:00:00,4.4565
2001291N05158,PODUL,WP,2001,2001-10-25 18:00:00,20.9,154.0,140.0,2001-10-28 06:00:00,3.8873
2001301N27325,LORENZO,NA,2001,2001-10-30 12:00:00,30.9,314.4,35.0,,2.3184
2002178N10139,RAMMASUN,WP,2002,2002-07-04 18:00:00,30.7,124.0,110.0,2002-07-06 18:00:00,5.8009
2002187N11160,HALONG,WP,2002,2002-07-14 06:00:00,25.1,127.7,135.0,2002-07-16 18:00:00,1.3352
2002200N21150,FUNG-WONG,WP,2002,2002-07-23 18:00:00,22.1,130.1,70.0,,1.2975
2002222N09163,PHANFONE,WP,2002,2002-08-18 00:00:00,30.7,136.7,135.0,2002-08-21 06:00:00,0.7517
2002234N14164,RUSA,WP,2002,2002-08-31 00:00:00,32.7,127.4,115.0,2002-09-01 18:00:00,2.4485
2002237N10202,ELE,WP,2002,2002-09-08 18:00:00,36.1,165.4,115.0,2002-09-10 18:00:00,0.3715
2002252N20121,HAGUPIT,WP,2002,2002-09-13 06:00:00,22.0,108.9,45.0,,2.4751
2002252N29289,GUSTAV,NA,2002,2002-09-10 06:00:00,33.0,284.5,85.0,2002-09-12 12:00:00,1.3238
2002255N26273,HANNA,NA,2002,2002-09-13 18:00:00,27.7,270.7,50.0,,1.2426
2002258N10300,ISIDORE,NA,2002,2002-09-25 18:00:00,26.3,269.6,110.0,2002-09-27 18:00:00,2.8267
2002263N22139,CHANGMI,WP,2002,2002-09-21 06:00:00,26.5,136.5,45.0,2002-09-23 06:00:00,1.2905
2002264N28308,KYLE,NA,2002,2002-10-05 06:00:00,31.6,288.4,75.0,,1.719
2002265N10315,LILI,NA,2002,2002-10-03 18:00:00,30.5,267.6,125.0,,3.0944
2002268N15163,HIGOS,WP,2002,2002-09-30 00:00:00,22.5,135.8,135.0,2002-10-02 12:00:00,1.6343
2002282N10156,BAVI,WP,2002,2002-10-12 12:00:00,25.8,146.8,70.0,2002-10-14 12:00:00,4.4912
2002295N11261,KENNA,EP,2002,2002-10-24 12:00:00,16.4,251.2,145.0,,0.2271
2002297N09206,HUKO,WP,2002,2002-11-05 12:00:00,23.2,163.0,75.0,2002-11-07 12:00:00,1.0086
2002298N17169,MAYSAK,WP,2002,2002-10-27 18:00:00,23.3,159.4,75.0,,4.4393
2002323N09155,HAISHEN,WP,2002,2002-11-22 18:00:00,16.4,135.3,95.0,2002-11-25 06:00:00,0.5829
2003158N08156,SOUDELOR,WP,2003,2003-06-16 18:00:00,19.1,123.1,115.0,2003-06-20 06:00:00,0.4227
2003179N20271,BILL,NA,2003,2003-06-30 00:00:00,25.9,268.7,50.0,2003-07-02 18:00:00,2.6706
2003198N31306,DANNY,NA,2003,2003-07-17 18:00:00,35.3,303.4,65.0,,0.7742
2003212N09150,ETAU,WP,2003,2003-08-06 18:00:00,25.3,128.4,110.0,2003-08-10 12:00:00,1.6136
2003240N15329,FABIAN,NA,2003,2003-09-05 12:00:00,30.1,294.7,125.0,2003-09-08 18:00:00,5.4848
2003243N24268,GRACE,NA,2003,2003-09-01 06:00:00,31.9,263.4,35.0,,1.1305
2003247N10153,MAEMI,WP,2003,2003-09-11 00:00:00,25.2,125.2,150.0,2003-09-14 00:00:00,0.8549
2003247N19249,KEVIN,EP,2003,2003-09-07 06:00:00,24.9,239.9,35.0,,0.2817
2003259N13133,CHOI-WAN,WP,2003,2003-09-18 18:00:00,23.7,127.4,100.0,2003-09-23 12:00:00,4.1355
2003267N15140,KOPPU,WP,2003,2003-09-25 06:00:00,16.1,135.9,90.0,2003-09-30 12:00:00,1.3134
2003269N12322,KATE,NA,2003,2003-09-27 18:00:00,21.0,315.8,110.0,2003-10-08 00:00:00,3.7689
2003275N16252,NORA,EP,2003,2003-10-06 06:00:00,20.1,246.1,90.0,,2.3864
2003284N19291,MINDY,NA,2003,2003-10-12 06:00:00,24.0,287.6,40.0,,3.1639
2003286N09323,NICHOLAS,NA,2003,2003-10-23 18:00:00,23.6,303.1,60.0,2003-10-24 18:00:00,1.9401
2003290N15132,KETSANA,WP,2003,2003-10-21 18:00:00,17.2,131.2,125.0,,1.2015
2003291N17147,PARMA,WP,2003,2003-10-20 06:00:00,19.8,143.2,130.0,2003-10-31 18:00:00,0.6566
2003302N11133,MELOR,WP,2003,2003-11-02 00:00:00,20.1,120.7,75.0,,0.9678
2003319N13172,LUPIT,WP,2003,2003-11-29 00:00:00,18.4,131.0,145.0,2003-12-02 12:00:00,0.1985
2004164N06139,DIANMU,WP,2004,2004-06-19 06:00:00,23.3,129.1,155.0,2004-06-21 18:00:00,1.0386
2004174N14146,MINDULLE,WP,2004,2004-07-02 12:00:00,26.2,121.0,125.0,2004-07-04 06:00:00,0.8445
2004177N12154,TINGTING,WP,2004,2004-06-30 00:00:00,23.7,142.4,80.0,2004-07-04 06:00:00,1.1554
2004206N20151,NAMTHEUN,WP,2004,2004-08-01 00:00:00,34.9,131.2,115.0,2004-08-03 18:00:00,1.4949
2004215N22148,MALOU,WP,2004,2004-08-04 18:00:00,35.7,134.4,40.0,,5.087
2004216N16166,MERANTI,WP,2004,2004-08-04 12:00:00,23.5,165.3,90.0,2004-08-09 12:00:00,5.463
2004217N13306,BONNIE,NA,2004,2004-08-10 18:00:00,24.4,269.4,55.0,,0.6595
2004223N11301,CHARLEY,NA,2004,2004-08-13 06:00:00,23.0,277.4,125.0,2004-08-15 00:00:00,2.0412
2004227N12338,DANIELLE,NA,2004,2004-08-17 18:00:00,24.6,319.7,95.0,,0.3098
2004227N15144,MEGI,WP,2004,2004-08-17 18:00:00,27.6,125.5,65.0,2004-08-20 12:00:00,1.3636
2004230N09172,CHABA,WP,2004,2004-08-29 12:00:00,29.4,130.0,155.0,2004-08-31 12:00:00,1.1481
2004238N11325,FRANCES,NA,2004,2004-09-07 12:00:00,32.0,274.8,125.0,2004-09-09 00:00:00,0.7336
2004239N11171,SONGDA,WP,2004,2004-09-06 00:00:00,28.4,127.1,125.0,2004-09-08 00:00:00,2.7809
2004241N32282,GASTON,NA,2004,2004-08-29 12:00:00,32.8,280.5,65.0,2004-09-01 12:00:00,2.2917
2004247N10332,IVAN,NA,2004,2004-09-15 18:00:00,27.9,271.8,145.0,2004-09-18 18:00:00,4.5869
2004255N11267,JAVIER,EP,2004,2004-09-18 18:00:00,23.9,246.6,130.0,,2.3732
2004258N16300,JEANNE,NA,2004,2004-09-19 06:00:00,22.8,287.7,105.0,2004-09-29 00:00:00,2.6022
2004260N11331,KARL,NA,2004,2004-09-22 06:00:00,24.9,310.6,125.0,2004-09-25 00:00:00,7.9187
2004263N13153,MEARI,WP,2004,2004-09-26 18:00:00,26.0,124.8,125.0,2004-10-02 00:00:00,0.9718
2004264N13328,LISA,NA,2004,2004-09-30 18:00:00,33.1,312.2,65.0,2004-10-03 06:00:00,9.3492
2004275N14139,MA-ON,WP,2004,2004-10-07 06:00:00,22.2,130.6,140.0,2004-10-10 00:00:00,2.2911
2004284N07157,TOKAGE,WP,2004,2004-10-18 12:00:00,23.0,126.9,125.0,2004-10-21 00:00:00,1.2388
2004288N09164,NOCK-TEN,WP,2004,2004-10-25 00:00:00,24.2,122.2,110.0,2004-10-26 06:00:00,1.1298
2005148N06156,NESAT,WP,2005,2005-06-04 18:00:00,16.5,130.4,125.0,,0.4549
2005160N17276,ARLENE,NA,2005,2005-06-12 06:00:00,32.7,272.3,60.0,2005-06-13 18:00:00,1.5155
2005185N18273,CINDY,NA,2005,2005-07-05 12:00:00,26.4,269.6,65.0,2005-07-07 12:00:00,3.1435
2005186N12299,DENNIS,NA,2005,2005-07-11 18:00:00,35.3,270.9,130.0,,5.5925
2005199N21168,NALGAE,WP,2005,2005-07-22 00:00:00,29.9,158.6,55.0,2005-07-24 12:00:00,1.2845
2005203N25285,FRANKLIN,NA,2005,2005-07-22 12:00:00,26.6,283.2,60.0,2005-07-30 00:00:00,2.2065
2005211N09141,MATSA,WP,2005,2005-08-07 06:00:00,31.8,118.6,90.0,2005-08-08 12:00:00,4.7058
2005217N13327,IRENE,NA,2005,2005-08-14 06:00:00,32.1,289.8,90.0,,1.3662
2005229N21156,GUCHOL,WP,2005,2005-08-22 12:00:00,29.1,146.4,65.0,2005-08-25 12:00:00,2.638
2005230N20144,MAWAR,WP,2005,2005-08-24 06:00:00,29.7,137.0,125.0,2005-08-28 00:00:00,0.9134
2005236N23285,KATRINA,NA,2005,2005-08-29 06:00:00,28.2,270.4,150.0,2005-08-31 00:00:00,1.0779
2005241N14315,LEE,NA,2005,2005-08-30 06:00:00,22.1,306.4,35.0,,0.5901
2005241N15155,NABI,WP,2005,2005-09-05 18:00:00,30.3,130.2,140.0,2005-09-08 06:00:00,3.8432
2005245N19315,MARIA,NA,2005,2005-09-05 12:00:00,31.5,303.2,100.0,2005-09-10 12:00:00,3.0287
2005248N08142,KHANUN,WP,2005,2005-09-12 00:00:00,31.8,119.5,115.0,2005-09-13 00:00:00,0.603
2005249N26281,OPHELIA,NA,2005,2005-09-08 12:00:00,28.6,280.4,75.0,2005-09-18 00:00:00,2.4691
2005261N21290,RITA,NA,2005,2005-09-24 18:00:00,31.6,265.9,155.0,,3.3583
2005262N20155,SAOLA,WP,2005,2005-09-24 00:00:00,29.6,137.9,100.0,2005-09-26 12:00:00,0.9971
2005271N17255,OTIS,EP,2005,2005-10-04 00:00:00,25.5,246.7,90.0,,1.2783
2005282N22138,KIROGI,WP,2005,2005-10-14 12:00:00,22.9,131.1,115.0,,0.7159
2005289N18282,WILMA,NA,2005,2005-10-22 12:00:00,21.0,272.9,160.0,2005-10-26 00:00:00,3.7254
2005296N16293,ALPHA,NA,2005,2005-10-24 00:00:00,21.6,287.1,45.0,,0.2299
2005318N13298,GAMMA,NA,2005,2005-11-20 18:00:00,16.9,274.5,45.0,,0.8449
2005324N27312,DELTA,NA,2005,2005-11-23 06:00:00,28.8,318.7,60.0,2005-11-19 12:00:00,3.4815
2005333N32311,EPSILON,NA,2005,2005-11-30 18:00:00,30.1,305.8,75.0,,1.6669
2006161N20275,ALBERTO,NA,2006,2006-06-11 18:00:00,24.3,272.2,60.0,2006-06-14 12:00:00,7.8681
2006180N06140,EWINIAR,WP,2006,2006-07-09 06:00:00,29.3,125.8,130.0,2006-07-10 18:00:00,1.0236
2006216N21152,MARIA,WP,2006,2006-08-08 00:00:00,32.6,136.5,70.0,2006-08-10 18:00:00,2.7963
2006224N21141,WUKONG,WP,2006,2006-08-19 18:00:00,37.2,129.7,55.0,,3.9806
2006228N10218,IOKE,WP,2006,2006-09-04 18:00:00,32.5,147.5,140.0,2006-09-06 18:00:00,1.4376
2006237N13298,ERNESTO,NA,2006,2006-08-30 12:00:00,26.1,279.0,65.0,2006-09-01 18:00:00,1.4435
2006247N14321,FLORENCE,NA,2006,2006-09-10 18:00:00,29.3,293.9,80.0,2006-09-13 00:00:00,2.464
2006252N13139,SHANSHAN,WP,2006,2006-09-15 12:00:00,23.1,123.8,120.0,2006-09-19 06:00:00,0.5972
2006254N20306,GORDON,NA,2006,2006-09-12 18:00:00,23.4,301.8,105.0,2006-09-21 00:00:00,2.3002
2006256N12338,HELENE,NA,2006,2006-09-21 06:00:00,27.8,303.0,105.0,2006-09-24 18:00:00,3.2499
2006259N17245,MIRIAM,EP,2006,2006-09-19 18:00:00,22.5,245.2,40.0,,0.677
2006259N19155,YAGI,WP,2006,2006-09-22 12:00:00,26.1,142.1,140.0,2006-09-25 06:00:00,1.2824
2006271N26307,ISAAC,NA,2006,2006-10-01 06:00:00,32.8,299.8,75.0,2006-10-03 00:00:00,1.8055
2006272N13144,BEBINCA,WP,2006,2006-10-03 00:00:00,15.3,130.9,50.0,,1.3051
2006282N13160,SOULIK,WP,2006,2006-10-14 06:00:00,24.8,141.0,90.0,2006-10-16 12:00:00,1.7607
2006294N16254,PAUL,EP,2006,2006-10-24 00:00:00,17.3,248.2,90.0,,0.6498
2007188N04148,MAN-YI,WP,2007,2007-07-13 00:00:00,26.1,127.4,125.0,2007-07-16 00:00:00,1.3295
2007208N20155,USAGI,WP,2007,2007-08-02 12:00:00,33.0,131.5,120.0,2007-08-04 12:00:00,1.2474
2007216N18138,PABUK,WP,2007,2007-08-09 12:00:00,21.2,112.8,70.0,2007-08-14 12:00:00,2.0959
2007227N24269,ERIN,NA,2007,2007-08-18 00:00:00,31.8,258.2,50.0,,0.6756
2007249N24161,DANAS,WP,2007,2007-09-09 12:00:00,34.2,148.5,65.0,2007-09-11 18:00:00,0.9867
2007251N30288,GABRIELLE,NA,2007,2007-09-09 12:00:00,34.3,283.6,50.0,,1.1943
2007254N18140,NARI,WP,2007,2007-09-15 06:00:00,29.1,126.0,125.0,2007-09-17 00:00:00,1.1095
2007257N16134,WIPHA,WP,2007,2007-09-19 06:00:00,29.2,119.1,135.0,2007-09-20 06:00:00,1.3816
2007272N15251,JULIETTE,EP,2007,2007-10-02 12:00:00,23.8,243.8,50.0,,0.705
2007274N18131,KROSA,WP,2007,2007-10-07 12:00:00,27.4,120.2,130.0,2007-10-08 18:00:00,0.6306
2007274N28173,HAIYAN,WP,2007,2007-10-02 06:00:00,29.0,167.6,50.0,,0.7073
2007282N19181,LINGLING,WP,2007,2007-10-13 18:00:00,30.3,170.0,45.0,2007-10-15 06:00:00,0.7565
2007291N19148,KAJIKI,WP,2007,2007-10-20 00:00:00,22.1,140.7,115.0,2007-10-22 06:00:00,0.3345
2007297N18300,NOEL,NA,2007,2007-10-31 18:00:00,22.6,281.2,75.0,2007-11-03 00:00:00,2.1874
2007298N18136,FAXAI,WP,2007,2007-10-26 00:00:00,22.9,131.5,55.0,2007-10-27 18:00:00,1.5354
2007313N16148,TAPAH,WP,2007,2007-11-11 00:00:00,19.7,140.2,35.0,,2.4037
2007324N10140,MITAG,WP,2007,2007-11-26 06:00:00,19.1,120.7,95.0,,2.2105
2008169N08135,FENGSHEN,WP,2008,2008-06-25 12:00:00,23.7,113.7,110.0,,0.4621
2008185N13337,BERTHA,NA,2008,2008-07-14 18:00:00,32.5,295.9,105.0,2008-07-20 12:00:00,1.4421
2008193N20126,KALMAEGI,WP,2008,2008-07-18 18:00:00,27.2,119.7,90.0,2008-07-21 00:00:00,1.6447
2008224N24122,UNNAMED,WP,2008,2008-08-13 18:00:00,30.8,126.5,35.0,,1.1655
2008226N22134,VONGFONG,WP,2008,2008-08-13 12:00:00,23.7,132.5,55.0,2008-08-18 00:00:00,2.0065
2008229N18293,FAY,NA,2008,2008-08-25 00:00:00,31.3,270.0,60.0,2008-08-27 06:00:00,1.2359
2008238N13293,GUSTAV,NA,2008,2008-09-03 12:00:00,33.8,265.6,125.0,2008-09-04 12:00:00,2.1618
2008241N19303,HANNA,NA,2008,2008-09-05 18:00:00,29.9,281.3,75.0,2008-09-07 06:00:00,1.3954
2008245N17323,IKE,NA,2008,2008-09-13 12:00:00,30.3,264.8,125.0,2008-09-14 12:00:00,0.5764
2008251N15256,LOWELL,EP,2008,2008-09-09 18:00:00,20.7,246.9,45.0,,0.7363
2008252N16128,SINLAKU,WP,2008,2008-09-14 12:00:00,25.4,121.1,125.0,2008-09-21 00:00:00,0.9471
2008268N12140,JANGMI,WP,2008,2008-09-28 18:00:00,24.8,121.3,140.0,2008-10-01 00:00:00,4.4476
2008269N21290,KYLE,NA,2008,2008-09-27 18:00:00,33.3,290.3,75.0,2008-09-29 06:00:00,1.1199
2008270N39325,LAURA,NA,2008,2008-09-30 06:00:00,39.6,311.2,70.0,2008-09-26 00:00:00,4.0229
2008272N08139,HIGOS,WP,2008,2008-10-04 00:00:00,20.3,110.7,40.0,,0.7526
2008275N16245,MARIE,EP,2008,2008-10-09 06:00:00,16.3,232.5,70.0,,0.7301
2008278N13261,NORBERT,EP,2008,2008-10-10 12:00:00,20.0,246.5,115.0,,1.2967
2008292N20152,BAVI,WP,2008,2008-10-19 00:00:00,25.5,148.1,45.0,2008-10-20 12:00:00,0.6972
2009164N10131,LINFA,WP,2009,2009-06-18 00:00:00,17.9,116.3,75.0,2009-06-23 06:00:00,1.8208
2009213N16130,GONI,WP,2009,2009-08-08 00:00:00,19.2,108.3,45.0,,1.125
2009215N20133,MORAKOT,WP,2009,2009-08-09 18:00:00,27.2,119.6,80.0,2009-08-12 00:00:00,2.3293
2009219N19140,ETAU,WP,2009,2009-08-09 18:00:00,29.1,134.6,40.0,2009-08-14 12:00:00,0.8262
2009222N09262,GUILLERMO,EP,2009,2009-08-20 18:00:00,34.3,202.4,110.0,2009-08-20 12:00:00,2.4331
2009227N12328,BILL,NA,2009,2009-08-22 12:00:00,34.1,291.2,115.0,2009-08-24 12:00:00,4.5635
2009228N11163,VAMCO,WP,2009,2009-08-23 12:00:00,29.3,154.6,120.0,2009-08-26 00:00:00,1.7531
2009238N20151,KROVANH,WP,2009,2009-08-30 18:00:00,32.7,140.0,65.0,2009-09-01 12:00:00,0.654
2009246N18130,DUJUAN,WP,2009,2009-09-03 12:00:00,17.3,128.1,50.0,2009-09-10 06:00:00,0.1726
2009255N13155,CHOI-WAN,WP,2009,2009-09-18 00:00:00,23.2,138.9,140.0,2009-09-20 12:00:00,1.8612
2009270N10148,PARMA,WP,2009,2009-10-04 18:00:00,20.0,119.5,135.0,,1.8267
2009271N15257,OLAF,EP,2009,2009-10-02 06:00:00,21.5,242.6,40.0,,0.2908
2009271N46317,GRACE,NA,2009,2009-10-03 12:00:00,40.8,327.5,55.0,2009-09-27 18:00:00,0.4018
2009272N07164,MELOR,WP,2009,2009-10-06 12:00:00,25.1,130.7,150.0,2009-10-08 12:00:00,0.3868
2009281N15144,NEPARTAK,WP,2009,2009-10-10 06:00:00,21.4,142.0,55.0,2009-10-14 00:00:00,3.3776
2009287N10154,LUPIT,WP,2009,2009-10-17 06:00:00,15.6,132.3,140.0,2009-10-27 00:00:00,2.2936
2009288N07267,RICK,EP,2009,2009-10-19 18:00:00,18.2,248.4,155.0,,1.9438
2009308N11279,IDA,NA,2009,2009-11-09 18:00:00,27.9,271.4,90.0,2009-11-10 12:00:00,3.4463
2010218N20127,DIANMU,WP,2010,2010-08-09 18:00:00,29.8,125.2,55.0,2010-08-12 18:00:00,0.6836
2010234N11329,DANIELLE,NA,2010,2010-08-28 06:00:00,28.3,299.0,115.0,2010-08-31 18:00:00,1.6471
2010236N12341,EARL,NA,2010,2010-09-02 12:00:00,30.1,285.2,125.0,2010-09-05 00:00:00,1.8356
2010239N15118,LIONROCK,WP,2010,2010-08-29 00:00:00,19.6,116.2,60.0,,0.5139
2010240N15142,KOMPASU,WP,2010,2010-09-01 06:00:00,32.3,124.7,105.0,2010-09-04 12:00:00,0.6624
2010242N14318,FIONA,NA,2010,2010-09-03 00:00:00,26.3,293.0,55.0,,1.239
2010243N12146,MALOU,WP,2010,2010-09-05 06:00:00,29.6,126.1,50.0,,2.0277
2010247N15266,HERMINE,NA,2010,2010-09-08 06:00:00,31.6,260.5,55.0,,1.9263
2010249N24125,MERANTI,WP,2010,2010-09-09 18:00:00,24.3,118.8,65.0,2010-09-12 00:00:00,4.5043
2010251N14337,IGOR,NA,2010,2010-09-19 18:00:00,30.8,294.1,135.0,2010-09-21 18:00:00,2.7967
2010255N13340,JULIA,NA,2010,2010-09-19 00:00:00,31.4,308.2,120.0,,1.2222
2010263N15149,MALAKAS,WP,2010,2010-09-23 12:00:00,21.6,141.0,90.0,2010-09-25 12:00:00,1.3887
2010279N22293,OTTO,NA,2010,2010-10-07 00:00:00,23.2,291.8,75.0,2010-10-10 06:00:00,1.0248
2010284N14278,PAULA,NA,2010,2010-10-13 00:00:00,19.6,274.0,90.0,,0.3822
2010293N16147,CHABA,WP,2010,2010-10-27 00:00:00,20.8,127.9,115.0,2010-10-30 18:00:00,1.8208
2010302N09306,TOMAS,NA,2010,2010-11-04 12:00:00,15.9,283.8,85.0,2010-11-08 00:00:00,0.5994
2010302N26299,SHARY,NA,2010,2010-10-29 12:00:00,29.3,294.1,65.0,2010-10-30 18:00:00,2.3864
2011172N11133,MEARI,WP,2011,2011-06-26 12:00:00,37.2,122.7,60.0,,6.89
2011192N18158,MA-ON,WP,2011,2011-07-18 18:00:00,30.8,132.8,115.0,2011-07-24 12:00:00,3.1499
2011208N09145,MUIFA,WP,2011,2011-08-07 12:00:00,34.7,123.8,140.0,2011-08-09 12:00:00,1.4676
2011214N15299,EMILY,NA,2011,2011-08-06 12:00:00,25.6,281.9,45.0,,1.0657
2011215N24164,MERBOK,WP,2011,2011-08-06 12:00:00,29.4,153.8,75.0,2011-08-09 18:00:00,3.9116
2011225N26302,GERT,NA,2011,2011-08-15 00:00:00,29.6,296.7,55.0,,1.48
2011233N15301,IRENE,NA,2011,2011-08-26 06:00:00,28.8,282.7,105.0,2011-08-29 00:00:00,5.4531
2011236N15143,TALAS,WP,2011,2011-09-03 12:00:00,34.8,134.0,55.0,2011-09-05 06:00:00,5.523
2011239N27301,JOSE,NA,2011,2011-08-28 12:00:00,30.9,294.3,40.0,,3.3136
2011240N10341,KATIA,NA,2011,2011-09-08 06:00:00,31.5,289.9,120.0,2011-09-10 12:00:00,1.3225
2011245N21150,NORU,WP,2011,2011-09-02 12:00:00,20.4,148.3,45.0,2011-09-06 18:00:00,4.1189
2011245N27269,LEE,NA,2011,2011-09-04 00:00:00,29.4,267.5,50.0,2011-09-05 06:00:00,2.51
2011250N12324,MARIA,NA,2011,2011-09-14 12:00:00,24.7,290.7,70.0,,1.8657
2011253N20145,ROKE,WP,2011,2011-09-19 00:00:00,26.7,130.4,115.0,2011-09-22 06:00:00,1.6927
2011257N19154,SONCA,WP,2011,2011-09-18 06:00:00,30.2,142.5,90.0,2011-09-20 12:00:00,1.3248
2011263N12323,OPHELIA,NA,2011,2011-10-01 00:00:00,25.9,296.7,120.0,2011-10-03 12:00:00,3.6616
2011266N08343,PHILIPPE,NA,2011,2011-10-05 18:00:00,25.5,298.9,80.0,2011-10-08 18:00:00,2.5656
2011279N10257,JOVA,EP,2011,2011-10-08 06:00:00,15.5,249.4,110.0,,0.4688
2011295N13279,RINA,NA,2011,2011-10-28 00:00:00,20.2,272.8,100.0,,1.3241
2011310N29290,SEAN,NA,2011,2011-11-10 00:00:00,29.0,289.3,55.0,2011-11-06 00:00:00,2.2733
2012152N12130,MAWAR,WP,2012,2012-06-02 06:00:00,17.2,124.3,105.0,2012-06-06 06:00:00,0.6607
2012162N06150,GUCHOL,WP,2012,2012-06-17 12:00:00,19.7,127.0,130.0,2012-06-20 00:00:00,0.5629
2012168N19112,TALIM,WP,2012,2012-06-17 00:00:00,19.4,111.3,50.0,,3.438
2012169N29291,CHRIS,NA,2012,2012-06-22 18:00:00,44.2,312.2,75.0,2012-06-22 12:00:00,0.3551
2012193N12259,FABIO,EP,2012,2012-07-18 06:00:00,24.4,239.2,95.0,,0.5021
2012196N19144,KHANUN,WP,2012,2012-07-18 06:00:00,31.9,126.2,55.0,2012-07-19 18:00:00,1.5379
2012230N21126,TEMBIN,WP,2012,2012-08-26 00:00:00,21.0,116.8,120.0,,0.4637
2012232N13141,BOLAVEN,WP,2012,2012-08-28 00:00:00,34.8,124.9,125.0,2012-08-29 06:00:00,3.3006
2012242N13333,LESLIE,NA,2012,2012-09-09 00:00:00,29.7,297.4,70.0,2012-09-11 12:00:00,1.8218
2012242N24317,KIRK,NA,2012,2012-08-31 06:00:00,29.6,309.3,90.0,2012-09-03 00:00:00,1.6766
2012246N29323,MICHAEL,NA,2012,2012-09-05 00:00:00,27.4,316.2,100.0,,3.0279
2012254N09135,SANBA,WP,2012,2012-09-16 12:00:00,30.6,127.9,155.0,2012-09-18 00:00:00,2.5295
2012255N16322,NADINE,NA,2012,2012-09-14 06:00:00,25.6,306.0,80.0,,1.6636
2012263N15141,JELAWAT,WP,2012,2012-09-27 12:00:00,20.9,124.1,140.0,2012-10-01 12:00:00,2.0122
2012266N14254,MIRIAM,EP,2012,2012-09-28 00:00:00,22.0,243.4,105.0,,2.1371
2012267N16141,EWINIAR,WP,2012,2012-09-24 18:00:00,21.1,138.5,55.0,2012-09-30 06:00:00,2.0953
2012274N13151,MALIKSI,WP,2012,2012-10-02 18:00:00,22.7,141.5,50.0,2012-10-04 06:00:00,2.2327
2012277N12322,OSCAR,NA,2012,2012-10-04 00:00:00,18.9,317.9,45.0,,1.3605
2012279N15145,PRAPIROON,WP,2012,2012-10-16 18:00:00,22.6,128.6,105.0,2012-10-19 12:00:00,0.6167
2012287N15297,RAFAEL,NA,2012,2012-10-15 18:00:00,23.6,294.2,80.0,2012-10-17 18:00:00,2.9453
2012287N16147,MARIA,WP,2012,2012-10-15 18:00:00,24.3,140.8,55.0,,0.355
2012288N14248,PAUL,EP,2012,2012-10-15 00:00:00,15.1,244.9,105.0,,0.5137
2012296N14283,SANDY,NA,2012,2012-10-26 18:00:00,27.0,282.8,100.0,2012-10-30 00:00:00,8.2207
2012296N20309,TONY,NA,2012,2012-10-22 18:00:00,21.9,308.2,45.0,2012-10-25 18:00:00,0.455
2013167N12128,LEEPI,WP,2013,2013-06-19 18:00:00,25.2,125.0,40.0,2013-06-21 00:00:00,8.6223
2013204N11340,DORIAN,NA,2013,2013-08-02 12:00:00,26.5,280.6,50.0,,2.3058
2013237N11129,KONG-REY,WP,2013,2013-08-29 00:00:00,25.1,122.5,55.0,2013-08-31 06:00:00,1.2742
2013248N16294,GABRIELLE,NA,2013,2013-09-07 18:00:00,23.6,290.8,55.0,,2.2715
2013255N20148,MAN-YI,WP,2013,2013-09-15 00:00:00,28.7,134.3,65.0,2013-09-16 12:00:00,1.3687
2013262N14149,PABUK,WP,2013,2013-09-24 18:00:00,27.5,138.7,90.0,2013-09-27 00:00:00,6.6267
2013272N26152,SEPAT,WP,2013,2013-10-01 12:00:00,31.2,141.3,40.0,2013-10-02 18:00:00,2.1074
2013274N18152,DANAS,WP,2013,2013-10-07 18:00:00,29.7,127.1,120.0,2013-10-09 00:00:00,1.086
2013282N14149,WIPHA,WP,2013,2013-10-14 18:00:00,25.6,133.9,120.0,2013-10-16 06:00:00,5.554
2013286N15251,OCTAVE,EP,2013,2013-10-14 06:00:00,21.2,246.1,55.0,,0.4099
2013289N14149,FRANCISCO,WP,2013,2013-10-23 18:00:00,24.9,129.8,140.0,2013-10-26 06:00:00,1.3347
2013292N09162,LEKIMA,WP,2013,2013-10-25 00:00:00,25.0,144.3,140.0,2013-10-26 12:00:00,0.4449
2013293N13260,RAYMOND,EP,2013,2013-10-28 18:00:00,16.4,243.0,110.0,,0.6906
2013305N16252,SONIA,EP,2013,2013-11-03 00:00:00,17.8,250.0,40.0,,0.7888
2013321N24308,MELISSA,NA,2013,2013-11-19 06:00:00,30.8,305.3,55.0,2013-11-17 00:00:00,4.7994
2014180N32282,ARTHUR,NA,2014,2014-07-02 18:00:00,29.4,280.9,85.0,2014-07-05 12:00:00,1.4754
2014184N08147,NEOGURI,WP,2014,2014-07-08 06:00:00,26.6,125.7,140.0,2014-07-11 06:00:00,4.9557
2014197N10137,MATMO,WP,2014,2014-07-24 00:00:00,27.8,117.8,85.0,2014-07-25 18:00:00,0.9292
2014204N10239,GENEVIEVE,WP,2014,2014-08-13 00:00:00,36.3,164.7,140.0,,0.9053
2014209N12152,HALONG,WP,2014,2014-08-08 00:00:00,27.3,131.6,140.0,2014-08-11 06:00:00,0.8287
2014210N10323,BERTHA,NA,2014,2014-08-04 12:00:00,26.8,286.4,70.0,2014-08-06 18:00:00,3.0969
2014225N15255,KARINA,EP,2014,2014-08-21 06:00:00,15.3,223.1,75.0,,0.4978
2014248N19129,FENGSHEN,WP,2014,2014-09-05 18:00:00,21.6,127.0,65.0,2014-09-10 18:00:00,2.2051
2014254N14327,EDOUARD,NA,2014,2014-09-16 12:00:00,30.6,302.2,105.0,,2.6244
2014260N13135,FUNG-WONG,WP,2014,2014-09-20 06:00:00,20.1,119.7,50.0,2014-09-24 06:00:00,0.8593
2014267N18150,KAMMURI,WP,2014,2014-09-27 18:00:00,28.3,143.5,55.0,2014-09-30 06:00:00,3.3659
2014271N10160,PHANFONE,WP,2014,2014-10-04 18:00:00,28.0,131.3,135.0,2014-10-06 12:00:00,1.6012
2014274N15260,SIMON,EP,2014,2014-10-06 12:00:00,24.8,242.4,115.0,,0.6638
2014275N06166,VONGFONG,WP,2014,2014-10-12 00:00:00,27.7,127.3,155.0,2014-10-14 00:00:00,2.2155
2014283N22299,FAY,NA,2014,2014-10-11 12:00:00,27.2,294.7,70.0,,3.9302
2014284N10231,ANA,EP,2014,2014-10-24 06:00:00,27.6,189.8,75.0,2014-10-26 12:00:00,3.4587
2014285N16305,GONZALO,NA,2014,2014-10-16 06:00:00,25.0,291.3,125.0,2014-10-19 18:00:00,2.1027
2014303N11261,VANCE,EP,2014,2014-11-03 18:00:00,15.9,249.1,95.0,,0.4346
2014303N13141,NURI,WP,2014,2014-11-02 12:00:00,17.2,132.5,155.0,2014-11-07 00:00:00,3.0802
2015148N11250,ANDRES,EP,2015,2015-06-03 18:00:00,19.8,234.7,125.0,,2.3187
2015167N27266,BILL,NA,2015,2015-06-17 12:00:00,31.7,262.6,50.0,,1.1003
2015180N09160,CHAN-HOM,WP,2015,2015-07-11 06:00:00,29.5,122.4,120.0,,3.6473
2015184N08172,NANGKA,WP,2015,2015-07-16 18:00:00,34.0,133.8,135.0,,3.8435
2015203N16126,UNNAMED,WP,2015,2015-07-23 06:00:00,17.5,123.2,35.0,,0.211
2015211N13162,SOUDELOR,WP,2015,2015-08-09 12:00:00,27.6,116.4,155.0,,3.0403
2015218N18149,MOLAVE,WP,2015,2015-08-09 18:00:00,29.2,140.4,45.0,2015-08-14 00:00:00,3.9577
2015226N12151,GONI,WP,2015,2015-08-21 12:00:00,19.4,122.4,120.0,2015-08-26 00:00:00,1.0897
2015226N15164,ATSANI,WP,2015,2015-08-22 06:00:00,27.6,145.0,140.0,2015-08-25 12:00:00,1.743
2015229N08212,KILO,WP,2015,2015-09-11 00:00:00,38.5,147.3,120.0,2015-09-11 18:00:00,0.9769
2015231N13183,LOKE,EP,2015,2015-08-23 12:00:00,20.0,180.4,65.0,,1.3173
2015236N12231,IGNACIO,EP,2015,2015-09-06 06:00:00,41.7,195.0,125.0,2015-09-07 06:00:00,5.6677
2015249N18142,ETAU,WP,2015,2015-09-09 18:00:00,38.9,134.5,60.0,2015-09-09 12:00:00,13.3659
2015257N14152,KROVANH,WP,2015,2015-09-18 06:00:00,24.7,142.3,100.0,2015-09-21 12:00:00,0.8446
2015259N09336,IDA,NA,2015,2015-09-21 18:00:00,20.9,311.3,45.0,,1.1534
2015260N12187,MALIA,EP,2015,2015-09-18 06:00:00,15.5,183.7,45.0,,2.2416
2015270N27291,JOAQUIN,NA,2015,2015-10-02 06:00:00,23.0,285.3,135.0,2015-10-09 00:00:00,0.8626
2015285N14151,KOPPU,WP,2015,2015-10-19 00:00:00,17.4,120.1,130.0,,0.7066
2015286N12163,CHAMPI,WP,2015,2015-10-20 18:00:00,22.3,139.9,125.0,2015-10-25 12:00:00,2.7212
2015293N13266,PATRICIA,EP,2015,2015-10-23 12:00:00,17.3,254.4,185.0,,0.401
2015293N16164,UNNAMED,WP,2015,2015-10-22 00:00:00,24.2,155.5,35.0,2015-10-23 00:00:00,0.1712
2015313N22289,KATE,NA,2015,2015-11-10 00:00:00,26.4,283.8,75.0,2015-11-12 00:00:00,1.9763
2015321N04164,IN-FA,WP,2015,2015-11-23 12:00:00,17.2,131.4,120.0,2015-11-27 00:00:00,1.1262
2016216N17149,OMAIS,WP,2016,2016-08-08 06:00:00,34.4,144.2,65.0,2016-08-09 18:00:00,2.4802
2016221N19163,CONSON,WP,2016,2016-08-10 18:00:00,19.6,153.9,55.0,2016-08-15 00:00:00,3.5764
2016225N16138,CHANTHU,WP,2016,2016-08-16 12:00:00,34.3,141.0,60.0,2016-08-17 18:00:00,1.9944
2016230N15138,MINDULLE,WP,2016,2016-08-21 12:00:00,31.5,139.6,65.0,2016-08-23 06:00:00,1.8568
2016230N25160,LIONROCK,WP,2016,2016-08-25 12:00:00,23.4,130.8,120.0,2016-08-30 18:00:00,2.9449
2016232N22153,KOMPASU,WP,2016,2016-08-20 18:00:00,37.8,142.5,35.0,2016-08-21 18:00:00,1.1685
2016235N11341,GASTON,NA,2016,2016-08-29 06:00:00,30.7,304.7,105.0,,1.2894
2016237N14253,LESTER,EP,2016,2016-09-06 18:00:00,33.6,193.5,125.0,,2.2898
2016242N24279,HERMINE,NA,2016,2016-08-31 06:00:00,24.4,272.0,70.0,2016-09-03 12:00:00,2.8898
2016244N21123,NAMTHEUN,WP,2016,2016-09-04 00:00:00,31.4,129.6,100.0,,3.3764
2016248N15255,NEWTON,EP,2016,2016-09-07 06:00:00,28.0,248.1,80.0,,3.5196
2016253N13144,MERANTI,WP,2016,2016-09-15 06:00:00,26.2,116.9,170.0,2016-09-17 12:00:00,3.7984
2016253N26152,UNNAMED,WP,2016,2016-09-10 00:00:00,30.9,150.4,35.0,2016-09-12 00:00:00,1.3638
2016256N12146,MALAKAS,WP,2016,2016-09-17 06:00:00,25.2,122.8,115.0,,1.8295
2016256N20312,IAN,NA,2016,2016-09-14 18:00:00,32.1,306.2,55.0,2016-09-16 12:00:00,5.4622
2016257N13341,KARL,NA,2016,2016-09-23 18:00:00,29.2,294.7,60.0,2016-09-25 12:00:00,0.7904
2016257N27280,JULIA,NA,2016,2016-09-14 00:00:00,29.8,278.5,45.0,2016-09-20 00:00:00,2.3532
2016263N13333,LISA,NA,2016,2016-09-25 12:00:00,27.6,317.5,45.0,,1.486
2016269N15165,CHABA,WP,2016,2016-10-04 00:00:00,27.9,126.2,150.0,2016-10-05 18:00:00,3.0191
2016273N13300,MATTHEW,NA,2016,2016-10-07 18:00:00,29.7,279.3,145.0,2016-10-09 12:00:00,2.3031
2016278N16181,SONGDA,WP,2016,2016-10-10 12:00:00,26.3,145.8,130.0,2016-10-13 06:00:00,1.9457
2016278N23300,NICOLE,NA,2016,2016-10-12 06:00:00,27.6,293.2,120.0,2016-10-18 12:00:00,0.5385
2016288N06146,HAIMA,WP,2016,2016-10-21 06:00:00,23.1,115.1,145.0,2016-10-23 00:00:00,0.3775
2017161N13119,MERBOK,WP,2017,2017-06-12 12:00:00,22.0,114.5,55.0,,1.4995
2017171N24271,CINDY,NA,2017,2017-06-22 12:00:00,30.5,266.2,50.0,,5.3431
2017182N15132,NANMADOL,WP,2017,2017-07-02 18:00:00,24.8,124.1,60.0,2017-07-05 06:00:00,0.6876
2017200N26162,NORU,WP,2017,2017-07-23 06:00:00,28.1,151.2,135.0,2017-08-08 18:00:00,1.4177
2017201N23178,KULAP,WP,2017,2017-07-27 00:00:00,28.0,147.3,50.0,,1.5583
2017209N19118,HAITANG,WP,2017,2017-07-28 12:00:00,18.6,115.8,45.0,2017-08-01 06:00:00,0.2464
2017223N16172,BANYAN,WP,2017,2017-08-15 06:00:00,27.1,162.2,100.0,2017-08-17 12:00:00,0.5062
2017224N22293,GERT,NA,2017,2017-08-14 18:00:00,30.2,287.7,95.0,2017-08-17 18:00:00,1.9362
2017228N14314,HARVEY,NA,2017,2017-08-27 00:00:00,29.2,262.6,115.0,2017-09-01 06:00:00,2.2087
2017239N18147,SANVU,WP,2017,2017-08-30 18:00:00,26.6,141.1,90.0,2017-09-03 12:00:00,5.9806
2017247N09327,JOSE,NA,2017,2017-09-11 18:00:00,26.5,290.5,135.0,,2.9877
2017252N14147,TALIM,WP,2017,2017-09-14 12:00:00,27.3,124.3,120.0,2017-09-18 12:00:00,3.0226
2017258N10337,LEE,NA,2017,2017-09-28 00:00:00,31.4,302.8,100.0,,1.8484
2017260N12310,MARIA,NA,2017,2017-09-26 06:00:00,32.6,286.9,150.0,2017-09-30 18:00:00,1.7043
2017277N11279,NATE,NA,2017,2017-10-08 00:00:00,29.1,270.8,80.0,2017-10-09 06:00:00,1.0339
2017280N32321,OPHELIA,NA,2017,2017-10-09 00:00:00,30.5,319.9,100.0,2017-10-16 00:00:00,1.3966
2017288N09138,LAN,WP,2017,2017-10-19 18:00:00,17.9,129.9,135.0,2017-10-23 06:00:00,2.5262
2017292N13151,SAOLA,WP,2017,2017-10-27 18:00:00,24.3,128.2,65.0,,0.8941
2018153N12113,EWINIAR,WP,2018,2018-06-06 00:00:00,20.5,110.5,40.0,,1.3741
2018155N10132,MALIKSI,WP,2018,2018-06-08 12:00:00,19.7,126.7,60.0,2018-06-11 18:00:00,1.6011
2018157N14255,ALETTA,EP,2018,2018-06-12 18:00:00,16.0,240.4,120.0,,1.2847
2018179N19134,PRAPIROON,WP,2018,2018-07-01 12:00:00,25.3,126.9,80.0,2018-07-04 12:00:00,1.5287
2018186N10325,BERYL,NA,2018,2018-07-11 12:00:00,23.7,286.2,70.0,,1.2802
2018186N31292,CHRIS,NA,2018,2018-07-08 00:00:00,32.9,284.7,90.0,2018-07-12 18:00:00,2.3635
2018195N19138,SON-TINH,WP,2018,2018-07-19 18:00:00,19.8,102.9,50.0,,1.8808
2018199N18128,AMPIL,WP,2018,2018-07-23 18:00:00,37.6,117.3,55.0,2018-07-25 00:00:00,2.8983
2018202N21159,WUKONG,WP,2018,2018-07-26 18:00:00,42.8,152.2,65.0,2018-07-27 06:00:00,4.2466
2018204N15137,JONGDARI,WP,2018,2018-07-30 00:00:00,31.0,129.4,90.0,,2.705
2018211N27152,UNNAMED,WP,2018,2018-08-01 00:00:00,34.8,149.5,35.0,,1.2609
2018214N19153,SHANSHAN,WP,2018,2018-08-08 12:00:00,34.5,141.2,85.0,2018-08-10 06:00:00,2.5092
2018215N41326,DEBBY,NA,2018,2018-08-06 00:00:00,31.7,309.7,45.0,2018-08-02 18:00:00,2.601
2018218N14255,JOHN,EP,2018,2018-08-12 06:00:00,28.2,236.0,95.0,,0.1382
2018218N18134,YAGI,WP,2018,2018-08-13 18:00:00,34.2,116.1,45.0,,5.8045
2018226N23128,RUMBIA,WP,2018,2018-08-18 12:00:00,32.8,114.5,50.0,2018-08-20 00:00:00,2.2784
2018227N11145,SOULIK,WP,2018,2018-08-22 18:00:00,32.6,125.6,105.0,2018-08-24 18:00:00,1.6635
2018229N11160,CIMARON,WP,2018,2018-08-23 06:00:00,31.8,134.4,115.0,2018-08-24 18:00:00,1.7227
2018239N11161,JEBI,WP,2018,2018-09-03 06:00:00,27.5,132.6,155.0,2018-09-05 00:00:00,4.8968
2018242N13343,FLORENCE,NA,2018,2018-09-17 00:00:00,35.0,277.8,130.0,2018-09-17 12:00:00,0.5578
2018251N13343,HELENE,NA,2018,2018-09-13 18:00:00,25.4,322.6,95.0,2018-09-16 12:00:00,3.952
2018255N37320,JOYCE,NA,2018,2018-09-14 06:00:00,32.5,315.2,45.0,2018-09-12 00:00:00,1.6248
2018263N12146,TRAMI,WP,2018,2018-09-28 18:00:00,24.6,126.7,140.0,2018-10-01 06:00:00,3.3651
2018265N35315,LESLIE,NA,2018,2018-09-24 06:00:00,32.9,311.5,80.0,2018-09-22 00:00:00,1.3434
2018268N14253,ROSA,EP,2018,2018-09-30 00:00:00,21.8,241.1,130.0,,2.6649
2018269N11220,WALAKA,EP,2018,2018-10-02 18:00:00,15.1,189.8,140.0,2018-10-06 12:00:00,1.1783
2018271N06154,KONG-REY,WP,2018,2018-10-05 00:00:00,27.9,125.8,150.0,2018-10-07 00:00:00,3.0724
2018273N12259,SERGIO,EP,2018,2018-10-08 18:00:00,15.5,231.4,120.0,,0.1127
2018280N18273,MICHAEL,NA,2018,2018-10-10 00:00:00,26.6,273.5,135.0,2018-10-12 00:00:00,0.6665
2018292N14261,WILLA,EP,2018,2018-10-22 18:00:00,19.4,252.8,140.0,,2.5771
2018300N25315,OSCAR,NA,2018,2018-10-29 18:00:00,26.2,301.5,95.0,2018-10-31 18:00:00,1.2196
2018324N04156,MAN-YI,WP,2018,2018-11-26 12:00:00,21.0,132.0,95.0,2018-11-28 06:00:00,0.4401
2019195N13136,DANAS,WP,2019,2019-07-18 12:00:00,26.5,123.9,45.0,2019-07-21 18:00:00,1.2412
2019205N23137,NARI,WP,2019,2019-07-26 12:00:00,32.0,135.8,35.0,2019-07-28 06:00:00,3.8211
2019213N17155,FRANCISCO,WP,2019,2019-08-06 18:00:00,36.8,128.9,80.0,2019-08-08 18:00:00,0.5888
2019216N16147,KROSA,WP,2019,2019-08-14 18:00:00,31.4,132.6,100.0,2019-08-16 18:00:00,0.3007
2019236N10314,DORIAN,NA,2019,2019-09-04 18:00:00,30.1,280.3,160.0,2019-09-08 06:00:00,2.5011
2019239N32287,ERIN,NA,2019,2019-08-28 12:00:00,33.0,287.1,35.0,2019-08-29 12:00:00,0.8352
2019242N14180,FAXAI,WP,2019,2019-09-08 06:00:00,33.0,139.0,115.0,2019-09-10 12:00:00,0.843
2019242N18126,KAJIKI,WP,2019,2019-09-03 00:00:00,15.8,107.1,35.0,,0.5437
2019243N06136,LINGLING,WP,2019,2019-09-06 18:00:00,33.5,124.9,120.0,2019-09-08 06:00:00,4.3495
2019246N16330,GABRIELLE,NA,2019,2019-09-08 18:00:00,34.5,310.7,55.0,2019-09-10 12:00:00,1.5541
2019256N23286,HUMBERTO,NA,2019,2019-09-15 12:00:00,28.6,282.1,110.0,2019-09-20 00:00:00,2.0538
2019260N13317,JERRY,NA,2019,2019-09-24 12:00:00,30.5,290.9,90.0,,8.5269
2019260N20129,TAPAH,WP,2019,2019-09-21 06:00:00,27.4,125.6,65.0,2019-09-23 06:00:00,0.6782
2019265N12301,KAREN,NA,2019,2019-09-24 06:00:00,16.4,294.2,40.0,,1.5456
2019266N11341,LORENZO,NA,2019,2019-09-28 18:00:00,22.9,315.0,130.0,2019-10-02 12:00:00,6.551
2019268N10155,MITAG,WP,2019,2019-10-01 00:00:00,27.4,122.2,90.0,2019-10-03 18:00:00,3.2907
2019278N16165,HAGIBIS,WP,2019,2019-10-11 12:00:00,29.9,137.1,160.0,2019-10-13 06:00:00,7.1648
2019282N35286,MELISSA,NA,2019,2019-10-11 12:00:00,38.6,290.6,55.0,2019-10-08 18:00:00,1.647
2019288N16136,NEOGURI,WP,2019,2019-10-19 12:00:00,21.8,127.3,95.0,,2.2381
2019290N08169,BUALOI,WP,2019,2019-10-23 12:00:00,24.0,141.9,135.0,2019-10-25 12:00:00,0.7211
2019300N41309,REBEKAH,NA,2019,2019-10-30 06:00:00,39.9,316.3,70.0,2019-10-27 00:00:00,0.7633
2019306N10162,HALONG,WP,2019,2019-11-06 00:00:00,20.8,150.5,160.0,2019-11-09 18:00:00,2.0938
2019314N12172,FENGSHEN,WP,2019,2019-11-15 12:00:00,21.1,142.2,115.0,,0.3245
2019322N11144,FUNG-WONG,WP,2019,2019-11-21 06:00:00,20.6,124.3,65.0,2019-11-24 06:00:00,1.2139
2019323N19302,SEBASTIEN,NA,2019,2019-11-20 18:00:00,21.3,298.3,60.0,2019-11-25 00:00:00,1.6494
2020154N19269,CRISTOBAL,NA,2020,2020-06-09 00:00:00,34.2,267.9,50.0,2020-06-10 00:00:00,1.3994
2020211N13306,ISAIAS,NA,2020,2020-08-03 06:00:00,29.1,280.1,80.0,2020-08-05 00:00:00,1.558
2020213N15131,HAGUPIT,WP,2020,2020-08-04 06:00:00,29.6,120.4,75.0,2020-08-06 00:00:00,1.004
2020233N14313,LAURA,NA,2020,2020-08-27 06:00:00,29.8,266.7,130.0,,1.7235
2020234N19123,BAVI,WP,2020,2020-08-26 00:00:00,32.3,124.5,100.0,2020-08-28 00:00:00,0.9098
2020239N13134,MAYSAK,WP,2020,2020-09-01 00:00:00,26.9,126.0,120.0,2020-09-04 00:00:00,1.2053
2020251N17319,PAULETTE,NA,2020,2020-09-14 06:00:00,31.8,295.6,90.0,2020-09-16 12:00:00,1.3667
2020256N11329,TEDDY,NA,2020,2020-09-21 00:00:00,29.0,296.3,120.0,2020-09-23 06:00:00,0.7035
2020256N25281,SALLY,NA,2020,2020-09-15 12:00:00,29.0,271.9,95.0,2020-09-17 12:00:00,1.7662
2020261N21265,BETA,NA,2020,2020-09-22 06:00:00,28.6,263.4,55.0,2020-09-23 00:00:00,0.2371
2020263N21136,DOLPHIN,WP,2020,2020-09-20 06:00:00,23.7,134.0,60.0,2020-09-24 12:00:00,2.7957
2020270N17159,KUJIRA,WP,2020,2020-09-28 06:00:00,27.8,153.1,65.0,2020-09-30 06:00:00,0.9117
2020277N21141,CHAN-HOM,WP,2020,2020-10-08 00:00:00,27.9,132.8,80.0,2020-10-17 00:00:00,0.6969
2020279N16284,DELTA,NA,2020,2020-10-09 06:00:00,26.3,266.3,120.0,2020-10-10 18:00:00,1.779
2020291N32305,EPSILON,NA,2020,2020-10-23 18:00:00,34.9,298.3,100.0,2020-10-26 06:00:00,3.5219
2020299N18277,ZETA,NA,2020,2020-10-28 06:00:00,24.4,268.5,95.0,2020-10-29 18:00:00,0.5014
2020303N05149,ATSANI,WP,2020,2020-11-02 12:00:00,19.6,127.2,50.0,,2.5924
2020306N15288,ETA,NA,2020,2020-11-05 18:00:00,15.3,272.2,130.0,2020-11-13 12:00:00,0.8592
