date,padd1a,padd1b
1983-01-15,8966.085714285715,20422.504761904762
1983-02-15,8687.533333333333,18851.066666666666
1983-03-15,7368.4047619047615,17724.545238095237
1983-04-15,6170.142857142858,13285.92857142857
1983-05-15,2961.459523809524,6944.295238095237
1983-06-15,2295.0714285714284,7724.214285714285
1983-07-15,2438.592857142857,5899.890476190476
1983-08-15,2439.995238095238,7329.8761904761905
1983-09-15,2625.9285714285716,6502.857142857143
1983-10-15,3140.152380952381,7810.966666666667
1983-11-15,5790.0,13403.857142857143
1983-12-15,10648.278571428571,22515.152380952382
1984-01-15,12748.89761904762,27452.345238095237
1984-02-15,6755.135714285713,19512.65
1984-03-15,9030.447619047618,22166.697619047616
1984-04-15,4917.0,14723.0
1984-05-15,3472.295238095238,9716.654761904761
1984-06-15,2175.5,6499.428571428572
1984-07-15,1514.2761904761905,8133.145238095239
1984-08-15,2492.3261904761903,9673.845238095239
1984-09-15,3050.7857142857147,9182.142857142857
1984-10-15,2858.6428571428573,9217.85
1984-11-15,4677.785714285715,15220.57142857143
1984-12-15,7163.804761904762,22171.052380952384
1985-01-15,9967.82857142857,28812.654761904763
1985-02-15,7642.666666666667,22658.333333333332
1985-03-15,5941.297619047619,19828.780952380952
1985-04-15,3542.0714285714284,13064.214285714286
1985-05-15,2328.8380952380953,9233.57142857143
1985-06-15,1777.4285714285713,7652.928571428572
1985-07-15,1876.7547619047618,7912.011904761905
1985-08-15,2257.1690476190474,9706.39523809524
1985-09-15,2525.785714285714,9615.42857142857
1985-10-15,3191.8190476190475,12499.716666666665
1985-11-15,3841.785714285714,14088.714285714286
1985-12-15,7671.319047619047,23927.792857142857
1986-01-15,7926.183333333333,20283.742857142857
1986-02-15,9265.666666666666,21162.73333333333
1986-03-15,5623.547619047619,15135.307142857144
1986-04-15,3722.5714285714284,11691.42857142857
1986-05-15,3086.5666666666666,8395.759523809524
1986-06-15,1932.857142857143,6896.285714285715
1986-07-15,1723.6738095238095,7137.82380952381
1986-08-15,3273.0095238095237,9177.771428571428
1986-09-15,3496.3571428571427,8719.857142857143
1986-10-15,4448.721428571429,11419.14523809524
1986-11-15,6315.785714285715,13807.785714285714
1986-12-15,9531.245238095238,20999.399999999998
1987-01-15,9841.614285714286,23544.57380952381
1987-02-15,9590.800000000001,19559.399999999998
1987-03-15,7717.302380952381,18499.25
1987-04-15,5040.428571428572,10502.92857142857
1987-05-15,3349.6976190476194,8638.888095238095
1987-06-15,2768.285714285714,7363.571428571428
1987-07-15,3443.2880952380956,7991.800000000001
1987-08-15,3071.804761904762,7331.795238095237
1987-09-15,3179.214285714286,8307.214285714286
1987-10-15,4835.778571428571,12772.664285714287
1987-11-15,6473.142857142857,13810.357142857143
1987-12-15,9755.035714285714,19051.861904761907
1988-01-15,14076.214285714286,25294.080952380955
1988-02-15,11761.916666666666,23377.45238095238
1988-03-15,9352.552380952382,18437.988095238095
1988-04-15,5617.857142857143,12833.92857142857
1988-05-15,4696.573809523809,10589.304761904761
1988-06-15,3247.8571428571427,9320.714285714286
1988-07-15,3417.307142857143,10548.045238095237
1988-08-15,3912.4214285714284,10429.433333333334
1988-09-15,4448.285714285715,8974.214285714286
1988-10-15,5936.647619047619,14182.869047619048
1988-11-15,7344.714285714285,16921.928571428572
1988-12-15,11848.34761904762,23405.885714285716
1989-01-15,12002.388095238095,22542.904761904763
1989-02-15,11089.333333333334,20130.066666666666
1989-03-15,10041.269047619047,20212.221428571425
1989-04-15,6596.142857142857,12796.214285714286
1989-05-15,4207.733333333334,9580.919047619049
1989-06-15,3116.285714285714,9432.642857142857
1989-07-15,2783.504761904762,8405.945238095239
1989-08-15,3187.316666666667,10576.314285714287
1989-09-15,3953.0,10723.857142857143
1989-10-15,5510.25,12142.92142857143
1989-11-15,7663.285714285715,15512.357142857143
1989-12-15,13844.083333333334,27615.90714285714
1990-01-15,11902.892857142857,19809.442857142858
1990-02-15,11531.866666666665,17574.2
1990-03-15,8733.880952380952,16887.545238095237
1990-04-15,6174.142857142857,13031.357142857143
1990-05-15,4323.392857142857,10562.511904761905
1990-06-15,3340.714285714286,8260.857142857143
1990-07-15,3246.8809523809523,8725.614285714286
1990-08-15,4711.557142857143,11275.290476190476
1990-09-15,3805.3571428571427,11399.857142857143
1990-10-15,4100.045238095238,11243.109523809524
1990-11-15,6634.142857142857,13599.42857142857
1990-12-15,7961.390476190475,17312.614285714284
1991-01-15,11304.814285714287,22545.340476190475
1991-02-15,7682.6,15870.8
1991-03-15,7894.814285714286,15518.157142857142
1991-04-15,5787.142857142857,11340.857142857143
1991-05-15,3416.2,9207.664285714285
1991-06-15,2615.9285714285716,7465.142857142857
1991-07-15,2887.7976190476193,8681.107142857143
1991-08-15,3163.3285714285716,9794.745238095238
1991-09-15,3315.9285714285716,9569.714285714286
1991-10-15,4899.476190476191,11527.054761904761
1991-11-15,6212.214285714285,13885.714285714286
1991-12-15,9520.911904761904,18409.350000000002
1992-01-15,11586.028571428571,21654.82857142857
1992-02-15,9062.016666666666,17689.102380952383
1992-03-15,9511.464285714286,17064.466666666667
1992-04-15,5983.857142857143,13307.785714285714
1992-05-15,3888.285714285714,9449.833333333334
1992-06-15,2932.2142857142862,8975.857142857143
1992-07-15,2931.4190476190474,8436.059523809523
1992-08-15,3454.359523809524,8720.669047619049
1992-09-15,4600.357142857143,10647.0
1992-10-15,4869.804761904762,12565.923809523807
1992-11-15,6410.285714285715,14175.357142857143
1992-12-15,9471.90238095238,19583.216666666667
1993-01-15,9408.204761904763,18784.819047619047
1993-02-15,10023.0,19259.0
1993-03-15,9329.966666666667,20279.019047619047
1993-04-15,5137.857142857143,11793.714285714286
1993-05-15,2898.942857142857,8169.533333333333
1993-06-15,2860.714285714286,8311.57142857143
1993-07-15,2472.102380952381,8299.880952380952
1993-08-15,2602.5238095238096,7580.385714285714
1993-09-15,3309.8571428571427,8423.714285714286
1993-10-15,3900.6857142857148,8062.730952380953
1993-11-15,5833.0,10490.0
1993-12-15,9003.359523809524,16635.190476190477
1994-01-15,12547.323809523808,23027.759523809524
1994-02-15,10093.666666666666,19313.666666666668
1994-03-15,8534.300000000001,15839.745238095236
1994-04-15,4342.857142857143,7781.785714285715
1994-05-15,3066.4904761904763,5659.3452380952385
1994-06-15,2164.0714285714284,4837.142857142857
1994-07-15,1786.2642857142855,4556.778571428571
1994-08-15,2415.5642857142857,6004.773809523809
1994-09-15,3011.5714285714284,6646.857142857143
1994-10-15,3921.5,7847.354761904761
1994-11-15,4721.428571428572,8271.07142857143
1994-12-15,8476.359523809524,13318.78095238095
1995-01-15,8524.704761904763,14586.902380952382
1995-02-15,8944.333333333334,16129.466666666665
1995-03-15,7308.619047619048,11907.173809523809
1995-04-15,4598.357142857143,7756.285714285715
1995-05-15,3340.8404761904767,5312.957142857143
1995-06-15,1912.4285714285713,4143.285714285715
1995-07-15,1691.0499999999997,3980.1785714285716
1995-08-15,1973.5928571428574,4656.938095238095
1995-09-15,2914.285714285714,5499.928571428572
1995-10-15,3462.5523809523806,6604.180952380953
1995-11-15,6279.357142857143,10878.5
1995-12-15,10184.607142857143,16945.11666666667
1996-01-15,10406.92142857143,19384.595238095237
1996-02-15,9185.47380952381,17005.4619047619
1996-03-15,7181.592857142857,13291.471428571427
1996-04-15,4626.071428571428,8652.5
1996-05-15,3110.1857142857143,5620.078571428572
1996-06-15,1992.357142857143,4263.428571428572
1996-07-15,1826.7857142857142,4262.204761904762
1996-08-15,2043.195238095238,5293.471428571429
1996-09-15,2978.3571428571427,5927.285714285715
1996-10-15,4037.0857142857144,7850.75
1996-11-15,5970.071428571428,10432.642857142857
1996-12-15,7915.85,13903.278571428573
1997-01-15,10354.516666666666,16445.35238095238
1997-02-15,8279.133333333335,12454.133333333335
1997-03-15,7723.354761904761,11254.033333333333
1997-04-15,4826.071428571428,8000.071428571428
1997-05-15,3058.592857142857,5180.099999999999
1997-06-15,2304.1428571428573,4316.571428571428
1997-07-15,2075.819047619048,4708.752380952381
1997-08-15,2316.069047619048,5237.30238095238
1997-09-15,3045.3571428571427,6133.642857142857
1997-10-15,3932.8666666666663,6950.199999999999
1997-11-15,5899.4285714285725,9297.92857142857
1997-12-15,9329.007142857143,13070.411904761902
1998-01-15,7912.528571428572,13054.100000000002
1998-02-15,7562.933333333333,11471.133333333335
1998-03-15,6917.059523809524,11199.783333333333
1998-04-15,3890.285714285714,6923.5
1998-05-15,2393.2738095238096,5419.169047619048
1998-06-15,2144.714285714286,5026.5
1998-07-15,1740.7238095238097,5461.092857142857
1998-08-15,1869.595238095238,4605.271428571428
1998-09-15,2414.9285714285716,5010.857142857143
1998-10-15,3438.342857142857,6711.42619047619
1998-11-15,4395.0,8628.42857142857
1998-12-15,6108.402380952381,11147.526190476192
1999-01-15,9478.25,14698.871428571429
1999-02-15,8291.133333333335,11910.266666666668
1999-03-15,8136.5404761904765,12584.302380952382
1999-04-15,3096.5714285714284,6737.071428571428
1999-05-15,2253.552380952381,4717.314285714286
1999-06-15,1350.4285714285713,4830.785714285715
1999-07-15,1153.495238095238,4613.0952380952385
1999-08-15,1351.009523809524,4628.3738095238095
1999-09-15,1592.142857142857,4701.785714285715
1999-10-15,2675.2999999999997,7460.666666666667
1999-11-15,3586.0,9248.142857142857
1999-12-15,6655.035714285715,12595.152380952382
2000-01-15,9273.280952380952,14771.869047619048
2000-02-15,8093.00238095238,14192.530952380954
2000-03-15,5793.900000000001,9531.688095238094
2000-04-15,4038.714285714286,6847.285714285715
2000-05-15,2823.878571428572,5515.121428571429
2000-06-15,2084.285714285714,4923.857142857143
2000-07-15,1620.0452380952383,4035.9785714285717
2000-08-15,2247.1309523809523,5793.309523809524
2000-09-15,3007.0,6402.071428571428
2000-10-15,3769.969047619047,7731.473809523809
2000-11-15,5282.5,9470.07142857143
2000-12-15,8470.380952380952,15940.347619047618
2001-01-15,9927.897619047619,18100.604761904764
2001-02-15,8843.0,14409.066666666666
2001-03-15,7751.180952380953,13852.128571428571
2001-04-15,4803.0,9021.785714285714
2001-05-15,2686.445238095238,5579.040476190476
2001-06-15,2004.5,4868.428571428572
2001-07-15,1838.0047619047618,5156.407142857143
2001-08-15,2011.9738095238097,5413.928571428572
2001-09-15,2734.8571428571427,6005.071428571428
2001-10-15,3503.295238095238,7280.645238095239
2001-11-15,5133.785714285715,8169.785714285715
2001-12-15,6782.504761904762,11084.345238095239
2002-01-15,9063.14523809524,13058.75
2002-02-15,7391.199999999999,10570.066666666666
2002-03-15,6663.597619047619,9702.630952380952
2002-04-15,4453.928571428572,6491.5
2002-05-15,3251.6785714285716,4966.642857142857
2002-06-15,2038.642857142857,3855.0
2002-07-15,1838.742857142857,4345.535714285715
2002-08-15,1921.6309523809523,4183.8190476190475
2002-09-15,2461.785714285714,4605.642857142857
2002-10-15,4579.733333333334,6540.261904761905
2002-11-15,6365.5,8726.785714285714
2002-12-15,9700.933333333334,13880.39761904762
2003-01-15,11020.721428571429,16121.623809523811
2003-02-15,9148.199999999999,13391.2
2003-03-15,7239.902380952381,10620.89523809524
2003-04-15,5013.928571428572,7040.928571428572
2003-05-15,2974.154761904762,4562.166666666667
2003-06-15,1943.357142857143,3599.9285714285716
2003-07-15,1791.209523809524,3780.597619047619
2003-08-15,1921.5571428571432,4280.657142857143
2003-09-15,2994.2142857142853,4880.142857142857
2003-10-15,4129.938095238095,6539.302380952381
2003-11-15,4698.142857142857,6956.428571428572
2003-12-15,8351.473809523808,11815.059523809523
2004-01-15,11720.804761904761,15369.72619047619
2004-02-15,8571.709523809524,12558.17380952381
2004-03-15,7030.061904761906,8874.488095238095
2004-04-15,4546.357142857143,6090.285714285715
2004-05-15,2102.907142857143,4064.247619047619
2004-06-15,1917.2142857142858,3279.714285714286
2004-07-15,1554.354761904762,3020.0642857142857
2004-08-15,2015.8857142857141,3603.528571428571
2004-09-15,2604.6428571428573,3708.5714285714284
2004-10-15,3455.3190476190475,5346.835714285715
2004-11-15,5192.357142857143,6704.571428571428
2004-12-15,8169.311904761906,10449.361904761905
2005-01-15,9297.047619047618,12279.690476190477
2005-02-15,7635.533333333333,11016.866666666665
2005-03-15,7273.338095238096,9911.511904761905
2005-04-15,3396.214285714286,5394.642857142857
2005-05-15,3071.214285714286,4321.547619047619
2005-06-15,2288.8571428571427,3719.0
2005-07-15,1729.6523809523812,3656.2285714285717
2005-08-15,2281.378571428572,4392.035714285715
2005-09-15,2419.1428571428573,4570.857142857143
2005-10-15,3295.669047619048,5257.452380952381
2005-11-15,5024.0,7129.0
2005-12-15,7949.8761904761905,11336.183333333334
2006-01-15,7418.004761904762,9782.640476190476
2006-02-15,7170.800000000001,9576.066666666666
2006-03-15,6924.219047619048,8646.711904761903
2006-04-15,3226.8571428571427,4696.285714285715
2006-05-15,2644.8166666666666,3553.0428571428574
2006-06-15,1916.857142857143,3186.714285714286
2006-07-15,1597.2380952380952,3221.0476190476193
2006-08-15,1876.459523809524,3671.654761904762
2006-09-15,2289.1428571428573,4124.642857142857
2006-10-15,3429.411904761905,5063.849999999999
2006-11-15,4293.857142857143,6046.9285714285725
2006-12-15,5778.990476190476,6943.0404761904765
2007-01-15,7934.745238095238,9199.32380952381
2007-02-15,8578.800000000001,11690.600000000002
2007-03-15,6869.6,8942.02380952381
2007-04-15,4532.428571428572,5965.500000000001
2007-05-15,2711.540476190476,3801.8547619047617
2007-06-15,1579.5,2924.785714285714
2007-07-15,1402.8976190476192,3191.154761904762
2007-08-15,1589.0452380952383,3537.838095238095
2007-09-15,1860.7857142857142,3444.5
2007-10-15,2690.504761904762,4212.0142857142855
2007-11-15,4507.357142857143,5756.714285714285
2007-12-15,7365.083333333333,8336.121428571429
2008-01-15,7936.738095238095,9239.845238095239
2008-02-15,7161.619047619048,8854.528571428571
2008-03-15,5981.745238095238,6940.088095238096
2008-04-15,3567.5,4035.0
2008-05-15,1975.8809523809523,2252.445238095238
2008-06-15,,2006.5714285714287
2008-07-15,1056.509523809524,1894.7642857142855
2008-08-15,1195.345238095238,2469.592857142857
2008-09-15,2006.642857142857,2737.8571428571427
2008-10-15,3182.2976190476193,4454.847619047619
2008-11-15,3934.214285714286,5674.857142857143
2008-12-15,7013.011904761905,8801.121428571429
2009-01-15,8779.790476190476,11257.133333333335
2009-02-15,6494.800000000001,8603.333333333334
2009-03-15,5588.045238095238,7200.045238095237
2009-04-15,3053.4999999999995,4304.142857142857
2009-05-15,,2499.190476190476
2009-06-15,,2007.142857142857
2009-07-15,,1671.1214285714284
2009-08-15,,1671.5642857142857
2009-09-15,,2376.6428571428573
2009-10-15,2630.27619047619,4157.838095238095
2009-11-15,2947.3571428571427,4258.214285714285
2009-12-15,6292.85238095238,7691.026190476191
2010-01-15,6801.104761904761,10053.890476190476
2010-02-15,5905.666666666667,8872.4
2010-03-15,4008.890476190476,5684.809523809524
2010-04-15,2233.214285714286,2497.5714285714284
2010-05-15,1467.702380952381,2164.907142857143
2010-06-15,985.9285714285714,1987.7857142857142
2010-07-15,772.8595238095238,
2010-08-15,984.1023809523808,
2010-09-15,,2239.785714285714
2010-11-15,3349.8571428571427,4651.071428571428
2010-12-15,6384.819047619047,8776.32142857143
2011-01-15,6969.833333333333,10269.414285714285
2011-02-15,5924.0,7886.199999999999
2011-03-15,4800.42380952381,5955.247619047619
2011-04-15,2713.4285714285716,3475.1428571428573
2011-05-15,1449.6190476190477,1583.804761904762
2011-06-15,915.1428571428571,1304.7857142857142
2011-07-15,715.952380952381,1312.111904761905
2011-08-15,1089.797619047619,1492.6499999999999
2011-09-15,1657.4285714285713,2289.3571428571427
2011-10-15,2100.7666666666664,3735.1309523809523
2011-11-15,3188.1428571428573,5094.857142857143
2011-12-15,4644.390476190476,6426.890476190475
2012-01-15,5836.488095238095,6939.202380952381
2012-02-15,4741.430952380952,5398.833333333333
2012-03-15,3272.9357142857148,3635.8571428571427
2012-04-15,1962.857142857143,2170.214285714286
2012-05-15,1543.5047619047618,1609.4166666666667
2012-06-15,988.7857142857143,1200.7142857142858
2012-07-15,828.1428571428571,1121.5357142857142
2012-08-15,968.6761904761905,1324.2166666666667
2012-09-15,1224.7857142857142,1298.857142857143
2012-10-15,2111.02619047619,2391.7976190476193
2012-11-15,3350.0,4478.571428571428
2012-12-15,4671.847619047619,5483.604761904762
2013-01-15,6403.197619047619,7317.8452380952385
2013-02-15,5350.2,6252.666666666667
2013-03-15,4259.769047619048,5221.064285714286
2013-04-15,2679.0,2971.785714285714
2013-05-15,1448.9547619047619,1429.3214285714287
2013-06-15,899.7857142857143,1089.0714285714287
2013-07-15,876.1190476190476,1315.7285714285713
2013-08-15,968.1595238095239,1293.8809523809523
2013-09-15,1433.7142857142858,1700.142857142857
2013-10-15,2252.002380952381,2713.0904761904762
2013-11-15,3591.6428571428573,3849.9285714285716
2013-12-15,5924.099999999999,5329.490476190476
2014-01-15,7052.795238095237,7592.638095238095
2014-02-15,5805.466666666667,6090.666666666667
2014-03-15,5333.402380952381,5349.271428571428
2014-04-15,2648.6428571428573,2453.8571428571427
2014-05-15,1353.2238095238095,1376.104761904762
2014-06-15,974.0714285714286,1005.3571428571429
2014-07-15,862.2428571428572,1147.1476190476192
2014-08-15,954.7261904761905,1218.5214285714287
2014-09-15,1674.857142857143,1674.2142857142858
2014-10-15,2003.7809523809524,2635.442857142857
2014-11-15,3132.285714285714,3769.785714285714
2014-12-15,4837.55,5349.935714285714
2015-01-15,6586.245238095238,6504.833333333333
2015-02-15,7132.6,6857.133333333334
2015-03-15,5127.252380952381,4320.366666666667
2015-04-15,2808.4285714285716,2179.0714285714284
2015-05-15,1127.6619047619047,1233.947619047619
2015-06-15,893.5714285714286,881.8571428571429
2015-07-15,761.3452380952381,931.1071428571429
2015-08-15,955.1690476190475,1345.547619047619
2015-09-15,1348.642857142857,1810.5
2015-10-15,2299.8309523809526,3001.980952380952
2015-11-15,2630.5,3035.8571428571427
2015-12-15,3957.0761904761903,4001.7309523809517
2016-01-15,5654.842857142857,5994.809523809524
2016-02-15,5210.1261904761905,5811.738095238095
2016-03-15,3864.9619047619044,3833.8880952380955
2016-04-15,2603.714285714286,2691.8571428571427
2016-05-15,1560.0380952380951,1799.5499999999997
2016-06-15,806.0714285714286,1099.357142857143
2016-07-15,588.1142857142856,846.7428571428572
2016-08-15,769.6119047619047,1123.6023809523808
2016-09-15,1163.7857142857142,1600.5714285714287
2016-10-15,1949.4571428571428,2459.554761904762
2016-11-15,3047.0,2983.6428571428573
2016-12-15,5419.3166666666675,5165.854761904762
2017-01-15,5169.692857142857,5561.842857142857
2017-02-15,4596.666666666667,4312.866666666667
2017-03-15,4931.361904761904,4658.783333333333
2017-04-15,2247.0,2308.1428571428573
2017-05-15,1523.4285714285713,1783.3857142857141
2017-06-15,1043.857142857143,1295.5
2017-07-15,715.2142857142857,1216.5285714285715
2017-08-15,952.7333333333332,1518.6309523809523
2017-09-15,1145.7142857142858,1492.0714285714287
2017-10-15,1512.5047619047618,1951.154761904762
2017-11-15,3355.3571428571427,3772.5714285714284
2017-12-15,5776.038095238096,5706.0666666666675
2018-01-15,7468.1214285714295,8561.314285714287
2018-02-15,4761.666666666667,5120.133333333333
2018-03-15,4372.6238095238095,4114.142857142857
2018-04-15,2968.785714285714,3446.5714285714284
2018-05-15,1260.814285714286,1497.004761904762
2018-06-15,839.9285714285714,999.8571428571429
2018-07-15,603.6142857142856,1010.6738095238094
2018-08-15,761.9357142857143,1112.752380952381
2018-09-15,1214.357142857143,1401.4285714285713
2018-10-15,2306.695238095238,2695.4500000000003
2018-11-15,3662.0,4214.357142857143
2018-12-15,4913.130952380952,5111.678571428572
2019-01-15,5864.6833333333325,6852.919047619049
2019-02-15,4880.0666666666675,5496.0666666666675
2019-03-15,4225.004761904762,4590.583333333333
2019-04-15,2226.1428571428573,1955.0
2019-05-15,1453.3833333333332,1306.502380952381
2019-06-15,802.0714285714286,959.9285714285714
2019-07-15,644.7261904761905,897.8190476190476
2019-08-15,767.3238095238095,964.9857142857143
2019-09-15,1317.357142857143,1574.5714285714287
2019-10-15,1920.4500000000003,2244.990476190476
2019-11-15,3306.214285714286,4113.285714285715
2019-12-15,4883.902380952381,5434.890476190476
2020-01-15,4932.7642857142855,5754.190476190476
2020-02-15,4267.142857142857,4806.47380952381
2020-03-15,3694.830952380952,4046.6071428571427
2020-04-15,2966.7142857142853,3154.4285714285716
2020-05-15,1794.3095238095239,2078.402380952381
2020-06-15,807.2857142857143,981.0714285714286
2020-07-15,546.2642857142857,870.1404761904762
2020-08-15,589.5904761904761,853.3857142857144
2020-09-15,1208.5714285714287,1504.8571428571431
2020-10-15,1702.2690476190478,1810.695238095238
2020-11-15,2578.4285714285716,2955.7857142857147
2020-12-15,4494.040476190476,5252.728571428572
2021-01-15,4960.738095238095,5514.82619047619
2021-02-15,4890.2,5587.599999999999
2021-03-15,3926.3714285714286,4591.616666666667
2021-04-15,2001.0,2240.0
2021-05-15,1205.0142857142857,1516.6380952380953
2021-06-15,742.2857142857143,1108.5714285714287
2021-07-15,586.047619047619,934.2071428571429
2021-08-15,682.295238095238,1183.6095238095238
2021-09-15,981.0,1472.7857142857142
2021-10-15,1636.8738095238095,2376.15
2021-11-15,2558.785714285714,3474.785714285714
2021-12-15,4278.073809523809,4882.795238095238
2022-01-15,5551.730952380952,6647.6547619047615
2022-02-15,5001.533333333333,5800.533333333333
2022-03-15,3688.2619047619046,3971.690476190476
