iso,valid_time,MW
APS,2026-05-31 18:00:00,0.0
APS,2026-05-31 19:00:00,0.4364584397730872
APS,2026-05-31 20:00:00,13.091202040084195
APS,2026-05-31 21:00:00,20.24076551076257
APS,2026-05-31 22:00:00,16.07458940398854
APS,2026-05-31 23:00:00,124.71573098392768
APS,2026-06-01 00:00:00,215.0595819330289
APS,2026-06-01 01:00:00,253.8283947837003
APS,2026-06-01 02:00:00,326.3449028254871
APS,2026-06-01 03:00:00,385.11484551447074
APS,2026-06-01 04:00:00,431.1674406730874
APS,2026-06-01 05:00:00,355.25304161490334
APS,2026-06-01 06:00:00,305.7580194312038
APS,2026-06-01 07:00:00,345.7240816158481
APS,2026-06-01 08:00:00,320.3575570891008
APS,2026-06-01 09:00:00,308.4963874788662
APS,2026-06-01 10:00:00,312.51837562675763
APS,2026-06-01 11:00:00,289.88449703752656
APS,2026-06-01 12:00:00,248.72993709971217
APS,2026-06-01 13:00:00,208.36884650542106
APS,2026-06-01 14:00:00,126.86344541582868
APS,2026-06-01 15:00:00,84.49211902790618
APS,2026-06-01 16:00:00,77.67334085123763
APS,2026-06-01 17:00:00,97.8516218802219
APS,2026-06-01 18:00:00,108.38003072875382
APS,2026-06-01 19:00:00,159.365050953139
APS,2026-06-01 20:00:00,188.21812188303116
APS,2026-06-01 21:00:00,149.60571345557415
APS,2026-06-01 22:00:00,240.11134579910222
APS,2026-06-01 23:00:00,320.8921248390446
APS,2026-06-02 00:00:00,319.5165180605206
APS,2026-06-02 01:00:00,241.38519983451116
APS,2026-06-02 02:00:00,241.49412735216782
APS,2026-06-02 03:00:00,299.6262815900244
APS,2026-06-02 04:00:00,367.14476492889435
APS,2026-06-02 05:00:00,403.3505872079758
APS,2026-06-02 06:00:00,409.3290218324505
APS,2026-06-02 07:00:00,393.81702794349394
APS,2026-06-02 08:00:00,350.347278923276
APS,2026-06-02 09:00:00,293.5763586114822
APS,2026-06-02 10:00:00,201.79168399252742
APS,2026-06-02 11:00:00,100.52054342386168
APS,2026-06-02 12:00:00,50.48095345508106
APS,2026-06-02 13:00:00,24.8010922957027
APS,2026-06-02 14:00:00,0.0
APS,2026-06-02 15:00:00,0.0
APS,2026-06-02 16:00:00,10.011607066633605
APS,2026-06-02 17:00:00,25.845597406231285
APS,2026-06-02 18:00:00,47.41801897370206
Associated Electric,2026-05-31 18:00:00,99.46176839351084
Associated Electric,2026-05-31 19:00:00,88.62455048852127
Associated Electric,2026-05-31 20:00:00,65.40704396418167
Associated Electric,2026-05-31 21:00:00,66.98577186575224
Associated Electric,2026-05-31 22:00:00,81.97727297726307
Associated Electric,2026-05-31 23:00:00,142.66412003241172
Associated Electric,2026-06-01 00:00:00,157.79237260603128
Associated Electric,2026-06-01 01:00:00,149.91785392721292
Associated Electric,2026-06-01 02:00:00,222.81779274766242
Associated Electric,2026-06-01 03:00:00,237.7314410401672
Associated Electric,2026-06-01 04:00:00,307.79313669458895
Associated Electric,2026-06-01 05:00:00,440.9319772654093
Associated Electric,2026-06-01 06:00:00,399.30830534284854
Associated Electric,2026-06-01 07:00:00,261.5206698325459
Associated Electric,2026-06-01 08:00:00,83.50157302742149
Associated Electric,2026-06-01 09:00:00,154.43525423617675
Associated Electric,2026-06-01 10:00:00,313.7325497724638
Associated Electric,2026-06-01 11:00:00,236.90590176724785
Associated Electric,2026-06-01 12:00:00,122.6732663719879
Associated Electric,2026-06-01 13:00:00,54.831319776657466
Associated Electric,2026-06-01 14:00:00,51.78585110944938
Associated Electric,2026-06-01 15:00:00,202.3207057135009
Associated Electric,2026-06-01 16:00:00,206.34213778521743
Associated Electric,2026-06-01 17:00:00,84.1015777162702
Associated Electric,2026-06-01 18:00:00,64.52567438333118
Associated Electric,2026-06-01 19:00:00,43.449416542593504
Associated Electric,2026-06-01 20:00:00,48.8362399493437
Associated Electric,2026-06-01 21:00:00,78.69743251479292
Associated Electric,2026-06-01 22:00:00,225.83975912240214
Associated Electric,2026-06-01 23:00:00,239.59850321694924
Associated Electric,2026-06-02 00:00:00,208.72977827244446
Associated Electric,2026-06-02 01:00:00,96.52751738387379
Associated Electric,2026-06-02 02:00:00,141.92346297606863
Associated Electric,2026-06-02 03:00:00,182.57031408034464
Associated Electric,2026-06-02 04:00:00,160.24856672438509
Associated Electric,2026-06-02 05:00:00,341.6336660697669
Associated Electric,2026-06-02 06:00:00,521.2943404139313
Associated Electric,2026-06-02 07:00:00,558.7923186830153
Associated Electric,2026-06-02 08:00:00,400.71969355082024
Associated Electric,2026-06-02 09:00:00,654.922845028108
Associated Electric,2026-06-02 10:00:00,588.0560342205291
Associated Electric,2026-06-02 11:00:00,648.916634275593
Associated Electric,2026-06-02 12:00:00,542.2832829601526
Associated Electric,2026-06-02 13:00:00,331.2981968854564
Associated Electric,2026-06-02 14:00:00,359.03792272242237
Associated Electric,2026-06-02 15:00:00,413.1003274488774
Associated Electric,2026-06-02 16:00:00,451.299558188413
Associated Electric,2026-06-02 17:00:00,439.6992765264207
Associated Electric,2026-06-02 18:00:00,357.5647317906863
Avista,2026-05-31 18:00:00,126.23545797360781
Avista,2026-05-31 19:00:00,112.41906235242728
Avista,2026-05-31 20:00:00,104.46172835223453
Avista,2026-05-31 21:00:00,90.71723219098035
Avista,2026-05-31 22:00:00,84.7835630535774
Avista,2026-05-31 23:00:00,90.86299005902683
Avista,2026-06-01 00:00:00,94.91648786971827
Avista,2026-06-01 01:00:00,97.86985165839897
Avista,2026-06-01 02:00:00,117.71142299045101
Avista,2026-06-01 03:00:00,140.7183895007174
Avista,2026-06-01 04:00:00,209.02822061498836
Avista,2026-06-01 05:00:00,213.74896542719503
Avista,2026-06-01 06:00:00,225.17826057038477
Avista,2026-06-01 07:00:00,229.86551047134137
Avista,2026-06-01 08:00:00,185.44278456956107
Avista,2026-06-01 09:00:00,141.5669479258972
Avista,2026-06-01 10:00:00,116.12218358959296
Avista,2026-06-01 11:00:00,110.21337372538721
Avista,2026-06-01 12:00:00,99.91033626971162
Avista,2026-06-01 13:00:00,107.02877385641038
Avista,2026-06-01 14:00:00,82.3871567474089
Avista,2026-06-01 15:00:00,58.36382694842777
Avista,2026-06-01 16:00:00,25.041557447336384
Avista,2026-06-01 17:00:00,6.481088931744706
Avista,2026-06-01 18:00:00,30.66335779343198
Avista,2026-06-01 19:00:00,29.724041901519417
Avista,2026-06-01 20:00:00,19.147923763397962
Avista,2026-06-01 21:00:00,10.389392911949164
Avista,2026-06-01 22:00:00,3.941274832072089
Avista,2026-06-01 23:00:00,2.8500865425657014
Avista,2026-06-02 00:00:00,9.386090925418205
Avista,2026-06-02 01:00:00,9.336994050205183
Avista,2026-06-02 02:00:00,13.73929453841749
Avista,2026-06-02 03:00:00,72.36848713089609
Avista,2026-06-02 04:00:00,109.60945066004454
Avista,2026-06-02 05:00:00,130.8358283168199
Avista,2026-06-02 06:00:00,89.65474471987082
Avista,2026-06-02 07:00:00,71.43687536563925
Avista,2026-06-02 08:00:00,82.43669543196053
Avista,2026-06-02 09:00:00,66.04636413213176
Avista,2026-06-02 10:00:00,39.639322547472595
Avista,2026-06-02 11:00:00,30.017677204483892
Avista,2026-06-02 12:00:00,31.136946032360235
Avista,2026-06-02 13:00:00,25.08103837998262
Avista,2026-06-02 14:00:00,10.707065125528795
Avista,2026-06-02 15:00:00,1.0080907138318917
Avista,2026-06-02 16:00:00,0.0
Avista,2026-06-02 17:00:00,0.0
Avista,2026-06-02 18:00:00,0.0
BPA,2026-05-31 18:00:00,257.26536809735825
BPA,2026-05-31 19:00:00,106.24286507278835
BPA,2026-05-31 20:00:00,57.30672105561304
BPA,2026-05-31 21:00:00,60.79755173567415
BPA,2026-05-31 22:00:00,60.65218730347346
BPA,2026-05-31 23:00:00,76.79995005016724
BPA,2026-06-01 00:00:00,94.25855902464615
BPA,2026-06-01 01:00:00,130.36184962983577
BPA,2026-06-01 02:00:00,190.31326522670986
BPA,2026-06-01 03:00:00,316.42908073237425
BPA,2026-06-01 04:00:00,560.3671836184379
BPA,2026-06-01 05:00:00,951.3568042983047
BPA,2026-06-01 06:00:00,912.9354034677741
BPA,2026-06-01 07:00:00,788.6864645715987
BPA,2026-06-01 08:00:00,597.7409947864426
BPA,2026-06-01 09:00:00,484.3057125190294
BPA,2026-06-01 10:00:00,570.6186701818295
BPA,2026-06-01 11:00:00,676.0554103163013
BPA,2026-06-01 12:00:00,659.3941781493493
BPA,2026-06-01 13:00:00,738.4595218357945
BPA,2026-06-01 14:00:00,475.50909782450583
BPA,2026-06-01 15:00:00,334.3378697146211
BPA,2026-06-01 16:00:00,166.17627408682563
BPA,2026-06-01 17:00:00,102.45416609134521
BPA,2026-06-01 18:00:00,96.38729572385719
BPA,2026-06-01 19:00:00,51.34442495557722
BPA,2026-06-01 20:00:00,45.209690652048955
BPA,2026-06-01 21:00:00,45.56141732023215
BPA,2026-06-01 22:00:00,46.89927192644824
BPA,2026-06-01 23:00:00,52.92250879932123
BPA,2026-06-02 00:00:00,72.12424028792574
BPA,2026-06-02 01:00:00,95.10769142732532
BPA,2026-06-02 02:00:00,82.53843148699674
BPA,2026-06-02 03:00:00,161.50098130560775
BPA,2026-06-02 04:00:00,134.31634612852596
BPA,2026-06-02 05:00:00,53.22726439456163
BPA,2026-06-02 06:00:00,38.86091656548819
BPA,2026-06-02 07:00:00,64.79069469440624
BPA,2026-06-02 08:00:00,126.96844867636753
BPA,2026-06-02 09:00:00,384.603844854125
BPA,2026-06-02 10:00:00,525.495827882866
BPA,2026-06-02 11:00:00,574.7535598229256
BPA,2026-06-02 12:00:00,547.2342260919575
BPA,2026-06-02 13:00:00,490.2517533036182
BPA,2026-06-02 14:00:00,269.04611434788256
BPA,2026-06-02 15:00:00,60.930350271131466
BPA,2026-06-02 16:00:00,81.20346743819385
BPA,2026-06-02 17:00:00,145.10831154879094
BPA,2026-06-02 18:00:00,129.44299900902405
CAISO,2026-05-31 18:00:00,237.25704530799376
CAISO,2026-05-31 19:00:00,364.9207259135659
CAISO,2026-05-31 20:00:00,936.6912516708081
CAISO,2026-05-31 21:00:00,2214.3121551054346
CAISO,2026-05-31 22:00:00,2353.1560650035217
CAISO,2026-05-31 23:00:00,2566.610327265071
CAISO,2026-06-01 00:00:00,2829.783780386671
CAISO,2026-06-01 01:00:00,4201.209602869419
CAISO,2026-06-01 02:00:00,4740.329854221351
CAISO,2026-06-01 03:00:00,5297.862725562402
CAISO,2026-06-01 04:00:00,5431.763528862279
CAISO,2026-06-01 05:00:00,6002.68522808768
CAISO,2026-06-01 06:00:00,6269.984084470258
CAISO,2026-06-01 07:00:00,6570.918021831699
CAISO,2026-06-01 08:00:00,6284.152007427439
CAISO,2026-06-01 09:00:00,5377.825706229458
CAISO,2026-06-01 10:00:00,4596.154249383113
CAISO,2026-06-01 11:00:00,4884.621226237235
CAISO,2026-06-01 12:00:00,5777.8089204106145
CAISO,2026-06-01 13:00:00,5292.70199073366
CAISO,2026-06-01 14:00:00,3888.383621215438
CAISO,2026-06-01 15:00:00,3138.9610283955863
CAISO,2026-06-01 16:00:00,1705.820141808631
CAISO,2026-06-01 17:00:00,1220.4028880068515
CAISO,2026-06-01 18:00:00,1240.2412866101913
CAISO,2026-06-01 19:00:00,1636.4676759879308
CAISO,2026-06-01 20:00:00,2327.2431941351715
CAISO,2026-06-01 21:00:00,2963.7570328424085
CAISO,2026-06-01 22:00:00,3546.613548016349
CAISO,2026-06-01 23:00:00,3792.054413325861
CAISO,2026-06-02 00:00:00,4626.5905847461245
CAISO,2026-06-02 01:00:00,5451.606744064672
CAISO,2026-06-02 02:00:00,5568.792932852406
CAISO,2026-06-02 03:00:00,5750.439333887264
CAISO,2026-06-02 04:00:00,5678.275115414617
CAISO,2026-06-02 05:00:00,5545.188396194199
CAISO,2026-06-02 06:00:00,5094.780926066811
CAISO,2026-06-02 07:00:00,4780.61680427598
CAISO,2026-06-02 08:00:00,4396.43602578261
CAISO,2026-06-02 09:00:00,4392.083253890737
CAISO,2026-06-02 10:00:00,6216.0380357565755
CAISO,2026-06-02 11:00:00,6733.837778345564
CAISO,2026-06-02 12:00:00,6641.514393440229
CAISO,2026-06-02 13:00:00,6546.567420883265
CAISO,2026-06-02 14:00:00,6127.710014939262
CAISO,2026-06-02 15:00:00,5800.582729873419
CAISO,2026-06-02 16:00:00,4448.933090683706
CAISO,2026-06-02 17:00:00,3310.2528242709295
CAISO,2026-06-02 18:00:00,2754.831230173315
ERCOT,2026-05-31 18:00:00,4773.121720946638
ERCOT,2026-05-31 19:00:00,5495.175244281076
ERCOT,2026-05-31 20:00:00,7621.839177333116
ERCOT,2026-05-31 21:00:00,10112.917010920526
ERCOT,2026-05-31 22:00:00,12506.742903077466
ERCOT,2026-05-31 23:00:00,16102.769488256152
ERCOT,2026-06-01 00:00:00,20604.568334626285
ERCOT,2026-06-01 01:00:00,24039.128158224965
ERCOT,2026-06-01 02:00:00,26087.651113932963
ERCOT,2026-06-01 03:00:00,25793.20780003466
ERCOT,2026-06-01 04:00:00,22702.151420396687
ERCOT,2026-06-01 05:00:00,17987.20931508112
ERCOT,2026-06-01 06:00:00,15781.709861387046
ERCOT,2026-06-01 07:00:00,17937.000416310188
ERCOT,2026-06-01 08:00:00,18899.28425976292
ERCOT,2026-06-01 09:00:00,19124.81534681778
ERCOT,2026-06-01 10:00:00,18710.730629391965
ERCOT,2026-06-01 11:00:00,17484.355317236485
ERCOT,2026-06-01 12:00:00,17208.42944614351
ERCOT,2026-06-01 13:00:00,13934.567811568862
ERCOT,2026-06-01 14:00:00,11590.445198986003
ERCOT,2026-06-01 15:00:00,7510.0526427184695
ERCOT,2026-06-01 16:00:00,3658.3539676730547
ERCOT,2026-06-01 17:00:00,2395.9565534877693
ERCOT,2026-06-01 18:00:00,2600.217714879114
ERCOT,2026-06-01 19:00:00,3784.476084874809
ERCOT,2026-06-01 20:00:00,5300.937422103401
ERCOT,2026-06-01 21:00:00,7406.8829638051075
ERCOT,2026-06-01 22:00:00,10327.18064661273
ERCOT,2026-06-01 23:00:00,13827.21550234239
ERCOT,2026-06-02 00:00:00,17030.689134477918
ERCOT,2026-06-02 01:00:00,19172.524349315692
ERCOT,2026-06-02 02:00:00,21628.794868169403
ERCOT,2026-06-02 03:00:00,24160.04011753638
ERCOT,2026-06-02 04:00:00,24758.986724187096
ERCOT,2026-06-02 05:00:00,23534.59315597929
ERCOT,2026-06-02 06:00:00,21338.9613406281
ERCOT,2026-06-02 07:00:00,20113.87367551522
ERCOT,2026-06-02 08:00:00,17996.281432974025
ERCOT,2026-06-02 09:00:00,16409.184751736724
ERCOT,2026-06-02 10:00:00,15916.200687993834
ERCOT,2026-06-02 11:00:00,14463.707238175692
ERCOT,2026-06-02 12:00:00,12698.071877349914
ERCOT,2026-06-02 13:00:00,7941.4139183560255
ERCOT,2026-06-02 14:00:00,5531.004505318343
ERCOT,2026-06-02 15:00:00,2941.9109916948014
ERCOT,2026-06-02 16:00:00,1988.985477876738
ERCOT,2026-06-02 17:00:00,2168.5989350810814
ERCOT,2026-06-02 18:00:00,3303.7545440606686
El Paso Electric,2026-05-31 18:00:00,0.0
El Paso Electric,2026-05-31 19:00:00,1.0500880625097513
El Paso Electric,2026-05-31 20:00:00,6.9348185086767336
El Paso Electric,2026-05-31 21:00:00,6.152294921343446
El Paso Electric,2026-05-31 22:00:00,27.911812480973676
El Paso Electric,2026-05-31 23:00:00,3.6047976273093214
El Paso Electric,2026-06-01 00:00:00,7.827873393916409
El Paso Electric,2026-06-01 01:00:00,12.19200558950843
El Paso Electric,2026-06-01 02:00:00,5.06685563393433
El Paso Electric,2026-06-01 03:00:00,1.4438266255347567
El Paso Electric,2026-06-01 04:00:00,11.154999237259995
El Paso Electric,2026-06-01 05:00:00,11.120935152899897
El Paso Electric,2026-06-01 06:00:00,6.307635578944612
El Paso Electric,2026-06-01 07:00:00,0.0
El Paso Electric,2026-06-01 08:00:00,1.8016442948436098
El Paso Electric,2026-06-01 09:00:00,0.7799829359404081
El Paso Electric,2026-06-01 10:00:00,0.6314192982103423
El Paso Electric,2026-06-01 11:00:00,0.35840740766242113
El Paso Electric,2026-06-01 12:00:00,2.4317822940218883
El Paso Electric,2026-06-01 13:00:00,1.8839217919572526
El Paso Electric,2026-06-01 14:00:00,0.0
El Paso Electric,2026-06-01 15:00:00,0.0
El Paso Electric,2026-06-01 16:00:00,0.0
El Paso Electric,2026-06-01 17:00:00,0.0
El Paso Electric,2026-06-01 18:00:00,0.0
El Paso Electric,2026-06-01 19:00:00,0.0
El Paso Electric,2026-06-01 20:00:00,0.576946739720368
El Paso Electric,2026-06-01 21:00:00,10.393080734882835
El Paso Electric,2026-06-01 22:00:00,6.2625437435269316
El Paso Electric,2026-06-01 23:00:00,0.5946897972071816
El Paso Electric,2026-06-02 00:00:00,7.1516527559664915
El Paso Electric,2026-06-02 01:00:00,4.845879934801353
El Paso Electric,2026-06-02 02:00:00,4.753950111339147
El Paso Electric,2026-06-02 03:00:00,12.423481721117444
El Paso Electric,2026-06-02 04:00:00,19.941573549226145
El Paso Electric,2026-06-02 05:00:00,38.90753431416638
El Paso Electric,2026-06-02 06:00:00,36.53016940796895
El Paso Electric,2026-06-02 07:00:00,42.12027957044946
El Paso Electric,2026-06-02 08:00:00,8.974737248455488
El Paso Electric,2026-06-02 09:00:00,0.0
El Paso Electric,2026-06-02 10:00:00,1.4599846496594224
El Paso Electric,2026-06-02 11:00:00,0.39055653930675943
El Paso Electric,2026-06-02 12:00:00,3.292056347234167
El Paso Electric,2026-06-02 13:00:00,10.7965864429936
El Paso Electric,2026-06-02 14:00:00,19.48424504462074
El Paso Electric,2026-06-02 15:00:00,14.75546440851398
El Paso Electric,2026-06-02 16:00:00,4.6256511253165975
El Paso Electric,2026-06-02 17:00:00,1.0527868065849697
El Paso Electric,2026-06-02 18:00:00,5.987690147310331
ISO-NE,2026-05-31 18:00:00,298.64581924487015
ISO-NE,2026-05-31 19:00:00,430.14621885076656
ISO-NE,2026-05-31 20:00:00,550.4125857141017
ISO-NE,2026-05-31 21:00:00,561.7855563026421
ISO-NE,2026-05-31 22:00:00,637.9070683667097
ISO-NE,2026-05-31 23:00:00,702.0846169395569
ISO-NE,2026-06-01 00:00:00,695.0269807379455
ISO-NE,2026-06-01 01:00:00,545.8217474725756
ISO-NE,2026-06-01 02:00:00,449.2332341348864
ISO-NE,2026-06-01 03:00:00,140.49781441926984
ISO-NE,2026-06-01 04:00:00,128.44751022347032
ISO-NE,2026-06-01 05:00:00,175.26512132219713
ISO-NE,2026-06-01 06:00:00,271.5476166001348
ISO-NE,2026-06-01 07:00:00,168.09409827708296
ISO-NE,2026-06-01 08:00:00,431.39666764471
ISO-NE,2026-06-01 09:00:00,599.090173293246
ISO-NE,2026-06-01 10:00:00,315.4189057895729
ISO-NE,2026-06-01 11:00:00,215.11933514925545
ISO-NE,2026-06-01 12:00:00,245.98419943321363
ISO-NE,2026-06-01 13:00:00,166.77816697723998
ISO-NE,2026-06-01 14:00:00,319.9159349093932
ISO-NE,2026-06-01 15:00:00,412.1545550452941
ISO-NE,2026-06-01 16:00:00,573.8439601554823
ISO-NE,2026-06-01 17:00:00,620.2505601670844
ISO-NE,2026-06-01 18:00:00,570.820178058219
ISO-NE,2026-06-01 19:00:00,486.19546355094366
ISO-NE,2026-06-01 20:00:00,439.7529190180787
ISO-NE,2026-06-01 21:00:00,336.4530456718744
ISO-NE,2026-06-01 22:00:00,363.32413281400164
ISO-NE,2026-06-01 23:00:00,360.8722973568604
ISO-NE,2026-06-02 00:00:00,425.1311899606766
ISO-NE,2026-06-02 01:00:00,480.2882141179934
ISO-NE,2026-06-02 02:00:00,449.5299738226964
ISO-NE,2026-06-02 03:00:00,429.8086159965167
ISO-NE,2026-06-02 04:00:00,449.9041274495778
ISO-NE,2026-06-02 05:00:00,428.6065150455678
ISO-NE,2026-06-02 06:00:00,377.36283603046735
ISO-NE,2026-06-02 07:00:00,395.2300170885172
ISO-NE,2026-06-02 08:00:00,370.56204160848364
ISO-NE,2026-06-02 09:00:00,390.59284120041735
ISO-NE,2026-06-02 10:00:00,378.68336076368405
ISO-NE,2026-06-02 11:00:00,259.64269027144246
ISO-NE,2026-06-02 12:00:00,163.57516624237877
ISO-NE,2026-06-02 13:00:00,121.41111738342278
ISO-NE,2026-06-02 14:00:00,115.33943105950155
ISO-NE,2026-06-02 15:00:00,105.94569035535744
ISO-NE,2026-06-02 16:00:00,120.28135836930893
ISO-NE,2026-06-02 17:00:00,281.1851385223184
ISO-NE,2026-06-02 18:00:00,380.29429596444174
Idaho Power,2026-05-31 18:00:00,361.8072164486431
Idaho Power,2026-05-31 19:00:00,317.9050726220401
Idaho Power,2026-05-31 20:00:00,304.56089024066216
Idaho Power,2026-05-31 21:00:00,269.5817074462241
Idaho Power,2026-05-31 22:00:00,263.6722297699795
Idaho Power,2026-05-31 23:00:00,259.88129842211816
Idaho Power,2026-06-01 00:00:00,274.4086429539911
Idaho Power,2026-06-01 01:00:00,299.37169174318063
Idaho Power,2026-06-01 02:00:00,282.39575914862263
Idaho Power,2026-06-01 03:00:00,299.98305314053346
Idaho Power,2026-06-01 04:00:00,349.2430508616198
Idaho Power,2026-06-01 05:00:00,279.7998579627594
Idaho Power,2026-06-01 06:00:00,158.26811518645852
Idaho Power,2026-06-01 07:00:00,143.56662644996288
Idaho Power,2026-06-01 08:00:00,167.6341287941508
Idaho Power,2026-06-01 09:00:00,149.6926148832039
Idaho Power,2026-06-01 10:00:00,119.52104789094592
Idaho Power,2026-06-01 11:00:00,66.15535593503347
Idaho Power,2026-06-01 12:00:00,65.3805605015434
Idaho Power,2026-06-01 13:00:00,68.1461175846758
Idaho Power,2026-06-01 14:00:00,59.905588593112974
Idaho Power,2026-06-01 15:00:00,56.09951638077912
Idaho Power,2026-06-01 16:00:00,35.73767944254601
Idaho Power,2026-06-01 17:00:00,18.470863950567818
Idaho Power,2026-06-01 18:00:00,29.292308650753064
Idaho Power,2026-06-01 19:00:00,37.841401754134324
Idaho Power,2026-06-01 20:00:00,45.94281302537811
Idaho Power,2026-06-01 21:00:00,96.91538156929954
Idaho Power,2026-06-01 22:00:00,164.4243721527141
Idaho Power,2026-06-01 23:00:00,221.52732879954198
Idaho Power,2026-06-02 00:00:00,251.95695119310815
Idaho Power,2026-06-02 01:00:00,223.30284824363684
Idaho Power,2026-06-02 02:00:00,191.14666059283118
Idaho Power,2026-06-02 03:00:00,202.50987294797645
Idaho Power,2026-06-02 04:00:00,165.61905102190778
Idaho Power,2026-06-02 05:00:00,77.40290438812588
Idaho Power,2026-06-02 06:00:00,50.27490730769195
Idaho Power,2026-06-02 07:00:00,42.172939060322435
Idaho Power,2026-06-02 08:00:00,43.85833967853838
Idaho Power,2026-06-02 09:00:00,30.138165467633346
Idaho Power,2026-06-02 10:00:00,32.15246947933903
Idaho Power,2026-06-02 11:00:00,34.48928860035695
Idaho Power,2026-06-02 12:00:00,30.10071368739802
Idaho Power,2026-06-02 13:00:00,34.960762033882595
Idaho Power,2026-06-02 14:00:00,35.775620759230826
Idaho Power,2026-06-02 15:00:00,20.262805471879002
Idaho Power,2026-06-02 16:00:00,6.567621137145827
Idaho Power,2026-06-02 17:00:00,1.3415576536782674
Idaho Power,2026-06-02 18:00:00,0.0
MISO,2026-05-31 18:00:00,7896.051757305559
MISO,2026-05-31 19:00:00,6617.692563731274
MISO,2026-05-31 20:00:00,5212.272479828741
MISO,2026-05-31 21:00:00,4294.440539874702
MISO,2026-05-31 22:00:00,3782.0331090346376
MISO,2026-05-31 23:00:00,3401.025784845332
MISO,2026-06-01 00:00:00,3687.3718254817295
MISO,2026-06-01 01:00:00,5014.690293467
MISO,2026-06-01 02:00:00,7437.582698647339
MISO,2026-06-01 03:00:00,10372.146713167516
MISO,2026-06-01 04:00:00,11877.255892574964
MISO,2026-06-01 05:00:00,11527.710761920713
MISO,2026-06-01 06:00:00,10804.782718307664
MISO,2026-06-01 07:00:00,10646.663004680368
MISO,2026-06-01 08:00:00,10990.121041479604
MISO,2026-06-01 09:00:00,10681.033474180733
MISO,2026-06-01 10:00:00,10464.88206330926
MISO,2026-06-01 11:00:00,10603.673861397165
MISO,2026-06-01 12:00:00,8346.589544318085
MISO,2026-06-01 13:00:00,4735.901353508011
MISO,2026-06-01 14:00:00,2679.7667642624306
MISO,2026-06-01 15:00:00,1872.172876681356
MISO,2026-06-01 16:00:00,2051.5696784221013
MISO,2026-06-01 17:00:00,2476.7634449628817
MISO,2026-06-01 18:00:00,2349.8318805495987
MISO,2026-06-01 19:00:00,3084.517721987803
MISO,2026-06-01 20:00:00,4166.749073269117
MISO,2026-06-01 21:00:00,4716.938243141929
MISO,2026-06-01 22:00:00,5430.3024609341755
MISO,2026-06-01 23:00:00,6854.622440586867
MISO,2026-06-02 00:00:00,7458.416630607677
MISO,2026-06-02 01:00:00,8980.079731410535
MISO,2026-06-02 02:00:00,10936.320221168824
MISO,2026-06-02 03:00:00,13020.836263706005
MISO,2026-06-02 04:00:00,13760.607455573194
MISO,2026-06-02 05:00:00,13284.267775728598
MISO,2026-06-02 06:00:00,12514.703805629588
MISO,2026-06-02 07:00:00,13482.372809484046
MISO,2026-06-02 08:00:00,14810.715082903203
MISO,2026-06-02 09:00:00,16245.7417032866
MISO,2026-06-02 10:00:00,16823.53540574393
MISO,2026-06-02 11:00:00,17380.797729367605
MISO,2026-06-02 12:00:00,14651.113134370207
MISO,2026-06-02 13:00:00,9125.882436820673
MISO,2026-06-02 14:00:00,7584.673093546167
MISO,2026-06-02 15:00:00,8002.414591342635
MISO,2026-06-02 16:00:00,8102.872202116879
MISO,2026-06-02 17:00:00,8203.008750327052
MISO,2026-06-02 18:00:00,7479.937845450306
NON-ISO,2026-05-31 18:00:00,557.8159389562078
NON-ISO,2026-05-31 19:00:00,593.5279655317711
NON-ISO,2026-05-31 20:00:00,657.1782837817194
NON-ISO,2026-05-31 21:00:00,697.1501312354147
NON-ISO,2026-05-31 22:00:00,753.6634642548496
NON-ISO,2026-05-31 23:00:00,812.7367406045263
NON-ISO,2026-06-01 00:00:00,845.7728178896616
NON-ISO,2026-06-01 01:00:00,845.1077914360686
NON-ISO,2026-06-01 02:00:00,925.4608761644142
NON-ISO,2026-06-01 03:00:00,1197.251457341385
NON-ISO,2026-06-01 04:00:00,1500.939778065418
NON-ISO,2026-06-01 05:00:00,1956.4666627855433
NON-ISO,2026-06-01 06:00:00,2057.9101457927254
NON-ISO,2026-06-01 07:00:00,2042.4097601057579
NON-ISO,2026-06-01 08:00:00,1849.3008998565272
NON-ISO,2026-06-01 09:00:00,1672.5338320677677
NON-ISO,2026-06-01 10:00:00,1412.6333126555353
NON-ISO,2026-06-01 11:00:00,1427.4572658680618
NON-ISO,2026-06-01 12:00:00,1402.9453393420758
NON-ISO,2026-06-01 13:00:00,1211.258778792424
NON-ISO,2026-06-01 14:00:00,917.0945804012367
NON-ISO,2026-06-01 15:00:00,654.8515203126959
NON-ISO,2026-06-01 16:00:00,609.9021212515495
NON-ISO,2026-06-01 17:00:00,827.1893742286062
NON-ISO,2026-06-01 18:00:00,830.0080462941962
NON-ISO,2026-06-01 19:00:00,915.7842860472638
NON-ISO,2026-06-01 20:00:00,959.9835447449846
NON-ISO,2026-06-01 21:00:00,983.3873363185353
NON-ISO,2026-06-01 22:00:00,1076.5221685959514
NON-ISO,2026-06-01 23:00:00,1156.2428388833307
NON-ISO,2026-06-02 00:00:00,1230.2441480593614
NON-ISO,2026-06-02 01:00:00,1581.1650214361873
NON-ISO,2026-06-02 02:00:00,1420.5258804017349
NON-ISO,2026-06-02 03:00:00,1418.727928888213
NON-ISO,2026-06-02 04:00:00,1319.1209860989525
NON-ISO,2026-06-02 05:00:00,1509.8152352974073
NON-ISO,2026-06-02 06:00:00,1549.7076670336746
NON-ISO,2026-06-02 07:00:00,1501.7399779659886
NON-ISO,2026-06-02 08:00:00,1531.1186653745306
NON-ISO,2026-06-02 09:00:00,1598.6378144689374
NON-ISO,2026-06-02 10:00:00,1573.151968332616
NON-ISO,2026-06-02 11:00:00,1500.9424907974806
NON-ISO,2026-06-02 12:00:00,1390.7082859951836
NON-ISO,2026-06-02 13:00:00,1123.1814536508941
NON-ISO,2026-06-02 14:00:00,1012.5807249011849
NON-ISO,2026-06-02 15:00:00,713.7132047902769
NON-ISO,2026-06-02 16:00:00,614.1581729508877
NON-ISO,2026-06-02 17:00:00,646.2977031783803
NON-ISO,2026-06-02 18:00:00,641.9502046344187
NYISO,2026-05-31 18:00:00,1098.1525455445096
NYISO,2026-05-31 19:00:00,1352.234631159747
NYISO,2026-05-31 20:00:00,1377.9519808899142
NYISO,2026-05-31 21:00:00,1635.6192808861276
NYISO,2026-05-31 22:00:00,1681.373916621275
NYISO,2026-05-31 23:00:00,1155.328123205261
NYISO,2026-06-01 00:00:00,766.6672024159429
NYISO,2026-06-01 01:00:00,785.4223240216254
NYISO,2026-06-01 02:00:00,717.8675109263286
NYISO,2026-06-01 03:00:00,805.6282744391285
NYISO,2026-06-01 04:00:00,736.8127655453515
NYISO,2026-06-01 05:00:00,345.8442664039177
NYISO,2026-06-01 06:00:00,163.32455495839167
NYISO,2026-06-01 07:00:00,111.36175063116765
NYISO,2026-06-01 08:00:00,93.27950946691307
NYISO,2026-06-01 09:00:00,163.19947052926065
NYISO,2026-06-01 10:00:00,121.7965152405578
NYISO,2026-06-01 11:00:00,135.94861352197472
NYISO,2026-06-01 12:00:00,77.79090517833677
NYISO,2026-06-01 13:00:00,147.04149344959532
NYISO,2026-06-01 14:00:00,248.98849513266384
NYISO,2026-06-01 15:00:00,280.28495844685875
NYISO,2026-06-01 16:00:00,288.6967184980764
NYISO,2026-06-01 17:00:00,326.5291135260797
NYISO,2026-06-01 18:00:00,369.7064963322365
NYISO,2026-06-01 19:00:00,347.1382271411735
NYISO,2026-06-01 20:00:00,304.82210232333256
NYISO,2026-06-01 21:00:00,270.45714949996295
NYISO,2026-06-01 22:00:00,274.9145222387429
NYISO,2026-06-01 23:00:00,323.2463178767761
NYISO,2026-06-02 00:00:00,318.18401786082313
NYISO,2026-06-02 01:00:00,438.42156323717563
NYISO,2026-06-02 02:00:00,590.4245599906061
NYISO,2026-06-02 03:00:00,555.1135066701302
NYISO,2026-06-02 04:00:00,636.9513091910854
NYISO,2026-06-02 05:00:00,355.7358296210155
NYISO,2026-06-02 06:00:00,343.9881316546073
NYISO,2026-06-02 07:00:00,357.2993096455632
NYISO,2026-06-02 08:00:00,432.1009467335464
NYISO,2026-06-02 09:00:00,235.43782589434568
NYISO,2026-06-02 10:00:00,253.12033682125417
NYISO,2026-06-02 11:00:00,432.1461899914875
NYISO,2026-06-02 12:00:00,374.7277453560363
NYISO,2026-06-02 13:00:00,323.7180559502999
NYISO,2026-06-02 14:00:00,315.24985603843567
NYISO,2026-06-02 15:00:00,292.23495314543896
NYISO,2026-06-02 16:00:00,334.71532690223773
NYISO,2026-06-02 17:00:00,427.3291271346465
NYISO,2026-06-02 18:00:00,685.0937180742231
NorthWestern,2026-05-31 18:00:00,735.7583599419944
NorthWestern,2026-05-31 19:00:00,807.3084297681081
NorthWestern,2026-05-31 20:00:00,770.2150484969579
NorthWestern,2026-05-31 21:00:00,788.5530231962682
NorthWestern,2026-05-31 22:00:00,721.0233431710157
NorthWestern,2026-05-31 23:00:00,674.4067050007241
NorthWestern,2026-06-01 00:00:00,657.0145769181946
NorthWestern,2026-06-01 01:00:00,645.1747831439658
NorthWestern,2026-06-01 02:00:00,721.0816858798568
NorthWestern,2026-06-01 03:00:00,692.3821585942968
NorthWestern,2026-06-01 04:00:00,544.7541144357972
NorthWestern,2026-06-01 05:00:00,511.1088238793135
NorthWestern,2026-06-01 06:00:00,543.5532764159043
NorthWestern,2026-06-01 07:00:00,658.2537665912994
NorthWestern,2026-06-01 08:00:00,675.2187109179042
NorthWestern,2026-06-01 09:00:00,686.4506685220953
NorthWestern,2026-06-01 10:00:00,631.7565480542842
NorthWestern,2026-06-01 11:00:00,663.3813938844811
NorthWestern,2026-06-01 12:00:00,683.5799014390905
NorthWestern,2026-06-01 13:00:00,620.9783395289803
NorthWestern,2026-06-01 14:00:00,610.0860275187765
NorthWestern,2026-06-01 15:00:00,602.2156946618629
NorthWestern,2026-06-01 16:00:00,577.4665625616716
NorthWestern,2026-06-01 17:00:00,547.2281308466104
NorthWestern,2026-06-01 18:00:00,649.4554304323468
NorthWestern,2026-06-01 19:00:00,695.3261140537053
NorthWestern,2026-06-01 20:00:00,643.1324630591668
NorthWestern,2026-06-01 21:00:00,579.3637265275411
NorthWestern,2026-06-01 22:00:00,508.1582231969607
NorthWestern,2026-06-01 23:00:00,441.7623943799247
NorthWestern,2026-06-02 00:00:00,314.1354087628444
NorthWestern,2026-06-02 01:00:00,516.9263672435376
NorthWestern,2026-06-02 02:00:00,376.53644351543835
NorthWestern,2026-06-02 03:00:00,404.27066854154697
NorthWestern,2026-06-02 04:00:00,269.561996239589
NorthWestern,2026-06-02 05:00:00,276.1456576083142
NorthWestern,2026-06-02 06:00:00,194.5000463678778
NorthWestern,2026-06-02 07:00:00,240.17992557305072
NorthWestern,2026-06-02 08:00:00,259.60949342893235
NorthWestern,2026-06-02 09:00:00,279.4824946339055
NorthWestern,2026-06-02 10:00:00,312.90118190564647
NorthWestern,2026-06-02 11:00:00,310.70373589632925
NorthWestern,2026-06-02 12:00:00,353.9870056828868
NorthWestern,2026-06-02 13:00:00,290.2084759903803
NorthWestern,2026-06-02 14:00:00,149.24254949879077
NorthWestern,2026-06-02 15:00:00,142.1874546956284
NorthWestern,2026-06-02 16:00:00,202.54543857347096
NorthWestern,2026-06-02 17:00:00,386.5531600277511
NorthWestern,2026-06-02 18:00:00,470.2214052549064
PJM,2026-05-31 18:00:00,132.34052829332347
PJM,2026-05-31 19:00:00,186.6653345557914
PJM,2026-05-31 20:00:00,297.8962324446453
PJM,2026-05-31 21:00:00,280.24472189019826
PJM,2026-05-31 22:00:00,312.8232689275799
PJM,2026-05-31 23:00:00,327.71953139058024
PJM,2026-06-01 00:00:00,328.74056449438086
PJM,2026-06-01 01:00:00,596.8853480223431
PJM,2026-06-01 02:00:00,1333.892266120859
PJM,2026-06-01 03:00:00,1773.2784340680414
PJM,2026-06-01 04:00:00,2365.1451764970166
PJM,2026-06-01 05:00:00,3004.7175743765
PJM,2026-06-01 06:00:00,2735.0007580786323
PJM,2026-06-01 07:00:00,3003.1035007164883
PJM,2026-06-01 08:00:00,3014.301389368699
PJM,2026-06-01 09:00:00,2479.804625090713
PJM,2026-06-01 10:00:00,2319.8763451905497
PJM,2026-06-01 11:00:00,2129.301465614546
PJM,2026-06-01 12:00:00,1349.1374789237068
PJM,2026-06-01 13:00:00,987.1781226441516
PJM,2026-06-01 14:00:00,581.4529741917735
PJM,2026-06-01 15:00:00,567.923505077748
PJM,2026-06-01 16:00:00,458.8085487929254
PJM,2026-06-01 17:00:00,487.3896425648543
PJM,2026-06-01 18:00:00,820.5978937179658
PJM,2026-06-01 19:00:00,1352.429251319264
PJM,2026-06-01 20:00:00,2401.713521714942
PJM,2026-06-01 21:00:00,2347.8391659244985
PJM,2026-06-01 22:00:00,2676.787364694793
PJM,2026-06-01 23:00:00,3179.6923695235396
PJM,2026-06-02 00:00:00,2843.299368343752
PJM,2026-06-02 01:00:00,3090.4788055269423
PJM,2026-06-02 02:00:00,4930.196125366843
PJM,2026-06-02 03:00:00,5947.422691309897
PJM,2026-06-02 04:00:00,6245.592481029752
PJM,2026-06-02 05:00:00,5880.692826996829
PJM,2026-06-02 06:00:00,6032.7551701373595
PJM,2026-06-02 07:00:00,5366.000327117297
PJM,2026-06-02 08:00:00,4933.907286260064
PJM,2026-06-02 09:00:00,4650.123879487165
PJM,2026-06-02 10:00:00,4361.376891339693
PJM,2026-06-02 11:00:00,4158.96776563141
PJM,2026-06-02 12:00:00,2889.379429532648
PJM,2026-06-02 13:00:00,2113.375003140311
PJM,2026-06-02 14:00:00,2336.088037810808
PJM,2026-06-02 15:00:00,2978.6387260988727
PJM,2026-06-02 16:00:00,3596.6984210252685
PJM,2026-06-02 17:00:00,3384.000397943802
PJM,2026-06-02 18:00:00,3546.0819522478514
PNM,2026-05-31 18:00:00,12.082974343410555
PNM,2026-05-31 19:00:00,41.43048637914069
PNM,2026-05-31 20:00:00,444.81169292412045
PNM,2026-05-31 21:00:00,737.8559343535984
PNM,2026-05-31 22:00:00,1026.9858029261334
PNM,2026-05-31 23:00:00,1210.5125287986543
PNM,2026-06-01 00:00:00,1078.4577712764506
PNM,2026-06-01 01:00:00,824.359225971488
PNM,2026-06-01 02:00:00,459.6787329984726
PNM,2026-06-01 03:00:00,550.4031811452317
PNM,2026-06-01 04:00:00,624.0391718523989
PNM,2026-06-01 05:00:00,1178.7952989628093
PNM,2026-06-01 06:00:00,1287.08552141248
PNM,2026-06-01 07:00:00,1588.9125791251086
PNM,2026-06-01 08:00:00,1693.3987317987885
PNM,2026-06-01 09:00:00,1248.258121350824
PNM,2026-06-01 10:00:00,897.502527716936
PNM,2026-06-01 11:00:00,1243.9358710691931
PNM,2026-06-01 12:00:00,2006.9736392528669
PNM,2026-06-01 13:00:00,1921.2055232011994
PNM,2026-06-01 14:00:00,1636.9395923349102
PNM,2026-06-01 15:00:00,1132.5906869729372
PNM,2026-06-01 16:00:00,504.66493164638416
PNM,2026-06-01 17:00:00,214.19881190746798
PNM,2026-06-01 18:00:00,172.37614602359056
PNM,2026-06-01 19:00:00,237.43797612846626
PNM,2026-06-01 20:00:00,411.16451887590244
PNM,2026-06-01 21:00:00,460.74322168740264
PNM,2026-06-01 22:00:00,822.6878247826021
PNM,2026-06-01 23:00:00,1166.8489925224162
PNM,2026-06-02 00:00:00,1741.1376387183786
PNM,2026-06-02 01:00:00,1376.779031133946
PNM,2026-06-02 02:00:00,1322.7760563998038
PNM,2026-06-02 03:00:00,1641.7898266889044
PNM,2026-06-02 04:00:00,1670.2506086682224
PNM,2026-06-02 05:00:00,1786.9824440222362
PNM,2026-06-02 06:00:00,1602.0586494864206
PNM,2026-06-02 07:00:00,1564.7323253937027
PNM,2026-06-02 08:00:00,1504.5465985214826
PNM,2026-06-02 09:00:00,1826.1835312944643
PNM,2026-06-02 10:00:00,1479.2797517963613
PNM,2026-06-02 11:00:00,936.8085209078376
PNM,2026-06-02 12:00:00,1370.9148009963794
PNM,2026-06-02 13:00:00,993.1805924556634
PNM,2026-06-02 14:00:00,452.02112365275013
PNM,2026-06-02 15:00:00,274.3617089994
PNM,2026-06-02 16:00:00,273.40728193008755
PNM,2026-06-02 17:00:00,260.1523152041025
PNM,2026-06-02 18:00:00,326.7213435774411
PSCo,2026-05-31 18:00:00,816.6618655388247
PSCo,2026-05-31 19:00:00,871.5549846492877
PSCo,2026-05-31 20:00:00,1045.6908474182724
PSCo,2026-05-31 21:00:00,1104.5914649743397
PSCo,2026-05-31 22:00:00,993.1311890417505
PSCo,2026-05-31 23:00:00,836.3601898542067
PSCo,2026-06-01 00:00:00,704.7403860599845
PSCo,2026-06-01 01:00:00,616.7814440157193
PSCo,2026-06-01 02:00:00,610.7967175282321
PSCo,2026-06-01 03:00:00,1273.8081964607422
PSCo,2026-06-01 04:00:00,1795.3648189192038
PSCo,2026-06-01 05:00:00,1980.422394840686
PSCo,2026-06-01 06:00:00,2037.9095336635826
PSCo,2026-06-01 07:00:00,2721.3167071136754
PSCo,2026-06-01 08:00:00,2125.3448325827144
PSCo,2026-06-01 09:00:00,1987.9700644950615
PSCo,2026-06-01 10:00:00,1951.9162778717355
PSCo,2026-06-01 11:00:00,2158.0071531928875
PSCo,2026-06-01 12:00:00,2079.9413063424104
PSCo,2026-06-01 13:00:00,1541.567811427316
PSCo,2026-06-01 14:00:00,1209.8060504933944
PSCo,2026-06-01 15:00:00,1187.3651209977534
PSCo,2026-06-01 16:00:00,1343.7480943800367
PSCo,2026-06-01 17:00:00,1339.8124700990206
PSCo,2026-06-01 18:00:00,1219.5142031706846
PSCo,2026-06-01 19:00:00,1172.1704101122205
PSCo,2026-06-01 20:00:00,1330.810555197003
PSCo,2026-06-01 21:00:00,1706.9473393875119
PSCo,2026-06-01 22:00:00,2025.4495919215626
PSCo,2026-06-01 23:00:00,1977.7106956314294
PSCo,2026-06-02 00:00:00,1794.7913516063595
PSCo,2026-06-02 01:00:00,2627.1317915986406
PSCo,2026-06-02 02:00:00,3398.4229620615783
PSCo,2026-06-02 03:00:00,3798.981974327824
PSCo,2026-06-02 04:00:00,3738.5196238482904
PSCo,2026-06-02 05:00:00,3574.205548221909
PSCo,2026-06-02 06:00:00,3772.4063604072567
PSCo,2026-06-02 07:00:00,3438.240088019823
PSCo,2026-06-02 08:00:00,3347.1250747200747
PSCo,2026-06-02 09:00:00,2866.803979842883
PSCo,2026-06-02 10:00:00,3133.484994940199
PSCo,2026-06-02 11:00:00,3194.924496384721
PSCo,2026-06-02 12:00:00,3076.379437984394
PSCo,2026-06-02 13:00:00,3497.039325723131
PSCo,2026-06-02 14:00:00,3372.004510628315
PSCo,2026-06-02 15:00:00,3438.7822137855824
PSCo,2026-06-02 16:00:00,3238.886373663728
PSCo,2026-06-02 17:00:00,3110.8525709020164
PSCo,2026-06-02 18:00:00,3089.36370766455
PacifiCorp-East,2026-05-31 18:00:00,2875.569772176765
PacifiCorp-East,2026-05-31 19:00:00,2561.284805224669
PacifiCorp-East,2026-05-31 20:00:00,2478.38689724762
PacifiCorp-East,2026-05-31 21:00:00,2272.7354695740787
PacifiCorp-East,2026-05-31 22:00:00,2341.413495608839
PacifiCorp-East,2026-05-31 23:00:00,2328.8610417205837
PacifiCorp-East,2026-06-01 00:00:00,2139.165265436188
PacifiCorp-East,2026-06-01 01:00:00,2347.730655138758
PacifiCorp-East,2026-06-01 02:00:00,1495.608445119792
PacifiCorp-East,2026-06-01 03:00:00,867.0911493727991
PacifiCorp-East,2026-06-01 04:00:00,577.6454358973483
PacifiCorp-East,2026-06-01 05:00:00,452.2450100438271
PacifiCorp-East,2026-06-01 06:00:00,277.5574426095574
PacifiCorp-East,2026-06-01 07:00:00,370.4731979475324
PacifiCorp-East,2026-06-01 08:00:00,215.65350159008258
PacifiCorp-East,2026-06-01 09:00:00,123.10872451624401
PacifiCorp-East,2026-06-01 10:00:00,101.25732027800336
PacifiCorp-East,2026-06-01 11:00:00,217.53985287790908
PacifiCorp-East,2026-06-01 12:00:00,499.8533482611661
PacifiCorp-East,2026-06-01 13:00:00,435.70288094998455
PacifiCorp-East,2026-06-01 14:00:00,605.2508966243873
PacifiCorp-East,2026-06-01 15:00:00,509.7304227187204
PacifiCorp-East,2026-06-01 16:00:00,356.0815760954747
PacifiCorp-East,2026-06-01 17:00:00,265.6025290823988
PacifiCorp-East,2026-06-01 18:00:00,296.4864552511799
PacifiCorp-East,2026-06-01 19:00:00,520.1807842286026
PacifiCorp-East,2026-06-01 20:00:00,877.3822481979993
PacifiCorp-East,2026-06-01 21:00:00,1262.1454027334403
PacifiCorp-East,2026-06-01 22:00:00,1262.1204189722368
PacifiCorp-East,2026-06-01 23:00:00,1054.9457127522724
PacifiCorp-East,2026-06-02 00:00:00,1124.1677849510277
PacifiCorp-East,2026-06-02 01:00:00,1575.5458079637833
PacifiCorp-East,2026-06-02 02:00:00,1971.5284579074764
PacifiCorp-East,2026-06-02 03:00:00,1765.2438419386451
PacifiCorp-East,2026-06-02 04:00:00,1718.9208861621273
PacifiCorp-East,2026-06-02 05:00:00,1469.4290081138033
PacifiCorp-East,2026-06-02 06:00:00,1394.6263089388171
PacifiCorp-East,2026-06-02 07:00:00,1814.5602375047188
PacifiCorp-East,2026-06-02 08:00:00,1753.4445359422864
PacifiCorp-East,2026-06-02 09:00:00,1515.7338062160686
PacifiCorp-East,2026-06-02 10:00:00,1624.1659791093648
PacifiCorp-East,2026-06-02 11:00:00,1420.0385404118792
PacifiCorp-East,2026-06-02 12:00:00,1035.607334722015
PacifiCorp-East,2026-06-02 13:00:00,892.8020613307577
PacifiCorp-East,2026-06-02 14:00:00,746.4209548641556
PacifiCorp-East,2026-06-02 15:00:00,569.8530579357064
PacifiCorp-East,2026-06-02 16:00:00,331.16046315076494
PacifiCorp-East,2026-06-02 17:00:00,138.0521276206117
PacifiCorp-East,2026-06-02 18:00:00,136.29178926011346
PacifiCorp-West,2026-05-31 18:00:00,78.9286596766116
PacifiCorp-West,2026-05-31 19:00:00,34.44237518454976
PacifiCorp-West,2026-05-31 20:00:00,10.946344460525491
PacifiCorp-West,2026-05-31 21:00:00,6.80544773351992
PacifiCorp-West,2026-05-31 22:00:00,2.351251388999715
PacifiCorp-West,2026-05-31 23:00:00,0.5193117302832996
PacifiCorp-West,2026-06-01 00:00:00,0.0
PacifiCorp-West,2026-06-01 01:00:00,0.0
PacifiCorp-West,2026-06-01 02:00:00,0.0
PacifiCorp-West,2026-06-01 03:00:00,2.374715561112277
PacifiCorp-West,2026-06-01 04:00:00,10.171747777888251
PacifiCorp-West,2026-06-01 05:00:00,14.104041681361092
PacifiCorp-West,2026-06-01 06:00:00,16.884204100000684
PacifiCorp-West,2026-06-01 07:00:00,46.88562838195417
PacifiCorp-West,2026-06-01 08:00:00,61.659275022879726
PacifiCorp-West,2026-06-01 09:00:00,55.742772324521155
PacifiCorp-West,2026-06-01 10:00:00,96.3718140188416
PacifiCorp-West,2026-06-01 11:00:00,133.5431475223327
PacifiCorp-West,2026-06-01 12:00:00,159.176799545527
PacifiCorp-West,2026-06-01 13:00:00,161.24461761173077
PacifiCorp-West,2026-06-01 14:00:00,146.93190943490703
PacifiCorp-West,2026-06-01 15:00:00,134.4870101227136
PacifiCorp-West,2026-06-01 16:00:00,115.92105428978154
PacifiCorp-West,2026-06-01 17:00:00,74.9459903301378
PacifiCorp-West,2026-06-01 18:00:00,53.279759663382386
PacifiCorp-West,2026-06-01 19:00:00,31.93281051025413
PacifiCorp-West,2026-06-01 20:00:00,25.709797185027796
PacifiCorp-West,2026-06-01 21:00:00,17.718853668234317
PacifiCorp-West,2026-06-01 22:00:00,13.076850823944588
PacifiCorp-West,2026-06-01 23:00:00,8.73511791742236
PacifiCorp-West,2026-06-02 00:00:00,9.460447851659216
PacifiCorp-West,2026-06-02 01:00:00,17.995947429626966
PacifiCorp-West,2026-06-02 02:00:00,18.37298408347799
PacifiCorp-West,2026-06-02 03:00:00,5.046048999178357
PacifiCorp-West,2026-06-02 04:00:00,6.531376416447486
PacifiCorp-West,2026-06-02 05:00:00,14.38964378919629
PacifiCorp-West,2026-06-02 06:00:00,23.55178622232588
PacifiCorp-West,2026-06-02 07:00:00,13.094433492519626
PacifiCorp-West,2026-06-02 08:00:00,10.103142692838635
PacifiCorp-West,2026-06-02 09:00:00,11.268337164205617
PacifiCorp-West,2026-06-02 10:00:00,2.6241447206779642
PacifiCorp-West,2026-06-02 11:00:00,6.951848742261718
PacifiCorp-West,2026-06-02 12:00:00,5.682628789847955
PacifiCorp-West,2026-06-02 13:00:00,2.320273307584009
PacifiCorp-West,2026-06-02 14:00:00,0.7997482858139375
PacifiCorp-West,2026-06-02 15:00:00,0.21384325218869885
PacifiCorp-West,2026-06-02 16:00:00,0.3920094203481029
PacifiCorp-West,2026-06-02 17:00:00,1.4683726103279746
PacifiCorp-West,2026-06-02 18:00:00,5.79142420325665
Portland GE,2026-05-31 18:00:00,84.45137269607763
Portland GE,2026-05-31 19:00:00,39.91462504729857
Portland GE,2026-05-31 20:00:00,13.484068237851126
Portland GE,2026-05-31 21:00:00,0.24040775263264438
Portland GE,2026-05-31 22:00:00,0.0
Portland GE,2026-05-31 23:00:00,0.0
Portland GE,2026-06-01 00:00:00,2.5639620621920076
Portland GE,2026-06-01 01:00:00,22.1839823321555
Portland GE,2026-06-01 02:00:00,103.82273353219581
Portland GE,2026-06-01 03:00:00,152.1910351330641
Portland GE,2026-06-01 04:00:00,205.87344085799515
Portland GE,2026-06-01 05:00:00,270.5533867650921
Portland GE,2026-06-01 06:00:00,245.10788331804005
Portland GE,2026-06-01 07:00:00,229.97436317470684
Portland GE,2026-06-01 08:00:00,160.44843334449604
Portland GE,2026-06-01 09:00:00,148.0234834946359
Portland GE,2026-06-01 10:00:00,159.79494990834212
Portland GE,2026-06-01 11:00:00,156.83331459111653
Portland GE,2026-06-01 12:00:00,190.04624598020587
Portland GE,2026-06-01 13:00:00,129.88283340844092
Portland GE,2026-06-01 14:00:00,178.1930602908919
Portland GE,2026-06-01 15:00:00,147.9562929118404
Portland GE,2026-06-01 16:00:00,100.57906906735519
Portland GE,2026-06-01 17:00:00,65.2503014368943
Portland GE,2026-06-01 18:00:00,44.70087998197458
Portland GE,2026-06-01 19:00:00,23.934957961315547
Portland GE,2026-06-01 20:00:00,14.422750114434889
Portland GE,2026-06-01 21:00:00,8.054543847299886
Portland GE,2026-06-01 22:00:00,11.541125337053154
Portland GE,2026-06-01 23:00:00,32.93313484032685
Portland GE,2026-06-02 00:00:00,33.5051410178025
Portland GE,2026-06-02 01:00:00,13.694183980011546
Portland GE,2026-06-02 02:00:00,8.246125355480704
Portland GE,2026-06-02 03:00:00,10.308956432658588
Portland GE,2026-06-02 04:00:00,107.39469711798368
Portland GE,2026-06-02 05:00:00,72.22173056759193
Portland GE,2026-06-02 06:00:00,37.35264423690357
Portland GE,2026-06-02 07:00:00,8.356112840084553
Portland GE,2026-06-02 08:00:00,0.0
Portland GE,2026-06-02 09:00:00,0.8475840568645453
Portland GE,2026-06-02 10:00:00,7.455585090848353
Portland GE,2026-06-02 11:00:00,8.977112179669692
Portland GE,2026-06-02 12:00:00,7.2858080847207285
Portland GE,2026-06-02 13:00:00,4.458826853682458
Portland GE,2026-06-02 14:00:00,9.1920708552194
Portland GE,2026-06-02 15:00:00,8.067279438900265
Portland GE,2026-06-02 16:00:00,10.514446743200253
Portland GE,2026-06-02 17:00:00,20.548962043826076
Portland GE,2026-06-02 18:00:00,14.272855862502507
Puget Sound,2026-05-31 18:00:00,354.75566236189104
Puget Sound,2026-05-31 19:00:00,374.89730802532256
Puget Sound,2026-05-31 20:00:00,380.43972752420757
Puget Sound,2026-05-31 21:00:00,376.8039607679287
Puget Sound,2026-05-31 22:00:00,392.14370388951954
Puget Sound,2026-05-31 23:00:00,412.04373749173664
Puget Sound,2026-06-01 00:00:00,438.67259320103415
Puget Sound,2026-06-01 01:00:00,491.18294300565174
Puget Sound,2026-06-01 02:00:00,549.6958822307944
Puget Sound,2026-06-01 03:00:00,540.0290383400569
Puget Sound,2026-06-01 04:00:00,481.02041197852037
Puget Sound,2026-06-01 05:00:00,446.98329751998256
Puget Sound,2026-06-01 06:00:00,438.4204367056693
Puget Sound,2026-06-01 07:00:00,424.534684374643
Puget Sound,2026-06-01 08:00:00,420.7259921545193
Puget Sound,2026-06-01 09:00:00,452.36032732979976
Puget Sound,2026-06-01 10:00:00,538.1978897313712
Puget Sound,2026-06-01 11:00:00,594.7093881785487
Puget Sound,2026-06-01 12:00:00,591.4705344051426
Puget Sound,2026-06-01 13:00:00,533.7022857248822
Puget Sound,2026-06-01 14:00:00,438.6957639301719
Puget Sound,2026-06-01 15:00:00,402.5151406313684
Puget Sound,2026-06-01 16:00:00,243.09008229930774
Puget Sound,2026-06-01 17:00:00,114.62292050782328
Puget Sound,2026-06-01 18:00:00,166.02834451130295
Puget Sound,2026-06-01 19:00:00,159.96102896071062
Puget Sound,2026-06-01 20:00:00,106.81127254426046
Puget Sound,2026-06-01 21:00:00,50.21524458636032
Puget Sound,2026-06-01 22:00:00,65.00120181888428
Puget Sound,2026-06-01 23:00:00,61.533064950808864
Puget Sound,2026-06-02 00:00:00,72.09838015505038
Puget Sound,2026-06-02 01:00:00,80.61463020129794
Puget Sound,2026-06-02 02:00:00,116.35792310210604
Puget Sound,2026-06-02 03:00:00,227.87024413799705
Puget Sound,2026-06-02 04:00:00,270.3922284134705
Puget Sound,2026-06-02 05:00:00,363.8857847731897
Puget Sound,2026-06-02 06:00:00,365.0652902488772
Puget Sound,2026-06-02 07:00:00,450.9337942221181
Puget Sound,2026-06-02 08:00:00,450.92179035877155
Puget Sound,2026-06-02 09:00:00,364.4949032894242
Puget Sound,2026-06-02 10:00:00,237.16856272938702
Puget Sound,2026-06-02 11:00:00,157.53733618770116
Puget Sound,2026-06-02 12:00:00,145.73694630304828
Puget Sound,2026-06-02 13:00:00,96.33709604551261
Puget Sound,2026-06-02 14:00:00,43.46428322815148
Puget Sound,2026-06-02 15:00:00,17.49099844884609
Puget Sound,2026-06-02 16:00:00,2.8993730123360018
Puget Sound,2026-06-02 17:00:00,0.5546086894012283
Puget Sound,2026-06-02 18:00:00,1.1880529349971491
SPP,2026-05-31 18:00:00,6546.815204247095
SPP,2026-05-31 19:00:00,5874.7761799777245
SPP,2026-05-31 20:00:00,6399.449352492839
SPP,2026-05-31 21:00:00,7016.262896853983
SPP,2026-05-31 22:00:00,7288.959130037389
SPP,2026-05-31 23:00:00,7760.930128390885
SPP,2026-06-01 00:00:00,7645.580665493488
SPP,2026-06-01 01:00:00,7862.383203010459
SPP,2026-06-01 02:00:00,12023.403057110572
SPP,2026-06-01 03:00:00,17732.344807758975
SPP,2026-06-01 04:00:00,20735.090399386998
SPP,2026-06-01 05:00:00,20267.350521129476
SPP,2026-06-01 06:00:00,18649.217216944417
SPP,2026-06-01 07:00:00,16688.15265825609
SPP,2026-06-01 08:00:00,14568.857310137602
SPP,2026-06-01 09:00:00,13950.30727390586
SPP,2026-06-01 10:00:00,13921.55351743921
SPP,2026-06-01 11:00:00,13018.30231269105
SPP,2026-06-01 12:00:00,12112.793427730663
SPP,2026-06-01 13:00:00,8663.264841396585
SPP,2026-06-01 14:00:00,5702.655129659978
SPP,2026-06-01 15:00:00,4994.8326546387925
SPP,2026-06-01 16:00:00,4793.438058932791
SPP,2026-06-01 17:00:00,4474.29701001303
SPP,2026-06-01 18:00:00,4698.01840722376
SPP,2026-06-01 19:00:00,5940.178354843226
SPP,2026-06-01 20:00:00,7829.816614940139
SPP,2026-06-01 21:00:00,9743.914414127094
SPP,2026-06-01 22:00:00,12277.826262865909
SPP,2026-06-01 23:00:00,15991.086342919523
SPP,2026-06-02 00:00:00,17245.330258882077
SPP,2026-06-02 01:00:00,18232.085889352576
SPP,2026-06-02 02:00:00,17947.327872257967
SPP,2026-06-02 03:00:00,18672.826643315857
SPP,2026-06-02 04:00:00,19893.88161752282
SPP,2026-06-02 05:00:00,21297.619776135045
SPP,2026-06-02 06:00:00,21880.805201039875
SPP,2026-06-02 07:00:00,22361.727604280717
SPP,2026-06-02 08:00:00,21575.014864469584
SPP,2026-06-02 09:00:00,20896.902936515744
SPP,2026-06-02 10:00:00,18182.470024334685
SPP,2026-06-02 11:00:00,16622.82403153665
SPP,2026-06-02 12:00:00,19100.03291970009
SPP,2026-06-02 13:00:00,17698.698177996004
SPP,2026-06-02 14:00:00,15083.418628488093
SPP,2026-06-02 15:00:00,15055.021609483738
SPP,2026-06-02 16:00:00,15067.219999122599
SPP,2026-06-02 17:00:00,14379.05237657341
SPP,2026-06-02 18:00:00,12882.497330997532
Southwestern Power Admin,2026-05-31 18:00:00,114.43947932202153
Southwestern Power Admin,2026-05-31 19:00:00,116.53486548577939
Southwestern Power Admin,2026-05-31 20:00:00,128.63992452281542
Southwestern Power Admin,2026-05-31 21:00:00,128.45270931221253
Southwestern Power Admin,2026-05-31 22:00:00,82.45526255804214
Southwestern Power Admin,2026-05-31 23:00:00,283.53402950175996
Southwestern Power Admin,2026-06-01 00:00:00,239.15042019766557
Southwestern Power Admin,2026-06-01 01:00:00,116.63983093183118
Southwestern Power Admin,2026-06-01 02:00:00,130.70224449656297
Southwestern Power Admin,2026-06-01 03:00:00,179.23746815340198
Southwestern Power Admin,2026-06-01 04:00:00,363.02956956319593
Southwestern Power Admin,2026-06-01 05:00:00,257.8974936627656
Southwestern Power Admin,2026-06-01 06:00:00,41.42603455049936
Southwestern Power Admin,2026-06-01 07:00:00,28.028619621195325
Southwestern Power Admin,2026-06-01 08:00:00,81.74141297635204
Southwestern Power Admin,2026-06-01 09:00:00,157.39739973860648
Southwestern Power Admin,2026-06-01 10:00:00,81.88243097103707
Southwestern Power Admin,2026-06-01 11:00:00,9.114126488001332
Southwestern Power Admin,2026-06-01 12:00:00,18.235643751195006
Southwestern Power Admin,2026-06-01 13:00:00,24.620222350851474
Southwestern Power Admin,2026-06-01 14:00:00,1.6708764557755638
Southwestern Power Admin,2026-06-01 15:00:00,0.0
Southwestern Power Admin,2026-06-01 16:00:00,0.0
Southwestern Power Admin,2026-06-01 17:00:00,9.311949929633672
Southwestern Power Admin,2026-06-01 18:00:00,35.89236216350894
Southwestern Power Admin,2026-06-01 19:00:00,77.1177332449152
Southwestern Power Admin,2026-06-01 20:00:00,82.66686624958322
Southwestern Power Admin,2026-06-01 21:00:00,80.70557956300553
Southwestern Power Admin,2026-06-01 22:00:00,124.67726462736985
Southwestern Power Admin,2026-06-01 23:00:00,210.7029902900831
Southwestern Power Admin,2026-06-02 00:00:00,230.45221512809232
Southwestern Power Admin,2026-06-02 01:00:00,395.5773609617042
Southwestern Power Admin,2026-06-02 02:00:00,155.24710443343406
Southwestern Power Admin,2026-06-02 03:00:00,343.5324335232832
Southwestern Power Admin,2026-06-02 04:00:00,70.58687231741092
Southwestern Power Admin,2026-06-02 05:00:00,181.51547879845572
Southwestern Power Admin,2026-06-02 06:00:00,397.67257229229216
Southwestern Power Admin,2026-06-02 07:00:00,407.41773629023675
Southwestern Power Admin,2026-06-02 08:00:00,418.2559191992605
Southwestern Power Admin,2026-06-02 09:00:00,418.8991786009647
Southwestern Power Admin,2026-06-02 10:00:00,298.8411650122285
Southwestern Power Admin,2026-06-02 11:00:00,322.43397541098886
Southwestern Power Admin,2026-06-02 12:00:00,410.3183952684031
Southwestern Power Admin,2026-06-02 13:00:00,418.9145446353732
Southwestern Power Admin,2026-06-02 14:00:00,418.992
Southwestern Power Admin,2026-06-02 15:00:00,418.1342793535334
Southwestern Power Admin,2026-06-02 16:00:00,396.9352607401198
Southwestern Power Admin,2026-06-02 17:00:00,292.7077867772088
Southwestern Power Admin,2026-06-02 18:00:00,321.3790396084546
TVA,2026-05-31 18:00:00,0.0
TVA,2026-05-31 19:00:00,0.0
TVA,2026-05-31 20:00:00,0.0
TVA,2026-05-31 21:00:00,0.0
TVA,2026-05-31 22:00:00,6.979613610320727
TVA,2026-05-31 23:00:00,0.0
TVA,2026-06-01 00:00:00,0.0
TVA,2026-06-01 01:00:00,1.9403544141458016
TVA,2026-06-01 02:00:00,10.444189451410846
TVA,2026-06-01 03:00:00,4.789841659913412
TVA,2026-06-01 04:00:00,7.896888339489691
TVA,2026-06-01 05:00:00,7.162540165079511
TVA,2026-06-01 06:00:00,8.404565108306064
TVA,2026-06-01 07:00:00,5.904781464547085
TVA,2026-06-01 08:00:00,1.7651183595636188
TVA,2026-06-01 09:00:00,1.4041783688529448
TVA,2026-06-01 10:00:00,1.4945015401043449
TVA,2026-06-01 11:00:00,1.0429812484106564
TVA,2026-06-01 12:00:00,1.5691375713254032
TVA,2026-06-01 13:00:00,0.5856561517097231
TVA,2026-06-01 14:00:00,0.6485657631117634
TVA,2026-06-01 15:00:00,0.5745856214047396
TVA,2026-06-01 16:00:00,0.7720889274446989
TVA,2026-06-01 17:00:00,0.4309027564872142
TVA,2026-06-01 18:00:00,0.7415272800827838
TVA,2026-06-01 19:00:00,0.5594303412450231
TVA,2026-06-01 20:00:00,0.20296784189494077
TVA,2026-06-01 21:00:00,0.0
TVA,2026-06-01 22:00:00,0.556313628798491
TVA,2026-06-01 23:00:00,0.2234533862688046
TVA,2026-06-02 00:00:00,0.22379514543517254
TVA,2026-06-02 01:00:00,0.611489102567374
TVA,2026-06-02 02:00:00,1.2080402883867838
TVA,2026-06-02 03:00:00,0.4330624817830863
TVA,2026-06-02 04:00:00,0.31539728381038934
TVA,2026-06-02 05:00:00,0.531228880350668
TVA,2026-06-02 06:00:00,0.8484732640910975
TVA,2026-06-02 07:00:00,0.4861208488222031
TVA,2026-06-02 08:00:00,0.6596176269985796
TVA,2026-06-02 09:00:00,0.23066273583466645
TVA,2026-06-02 10:00:00,0.0
TVA,2026-06-02 11:00:00,0.36795910864316395
TVA,2026-06-02 12:00:00,0.31535182532756834
TVA,2026-06-02 13:00:00,0.23452524516260215
TVA,2026-06-02 14:00:00,0.24529666330009905
TVA,2026-06-02 15:00:00,0.39128367993007074
TVA,2026-06-02 16:00:00,1.1923880131116744
TVA,2026-06-02 17:00:00,0.8948562841448184
TVA,2026-06-02 18:00:00,0.7451522596217982
WAPA-RM,2026-05-31 18:00:00,886.5675086342876
WAPA-RM,2026-05-31 19:00:00,803.5733043960228
WAPA-RM,2026-05-31 20:00:00,731.6884482134908
WAPA-RM,2026-05-31 21:00:00,709.0706759938668
WAPA-RM,2026-05-31 22:00:00,756.865208966452
WAPA-RM,2026-05-31 23:00:00,650.4460610349153
WAPA-RM,2026-06-01 00:00:00,601.7545927431322
WAPA-RM,2026-06-01 01:00:00,738.2514915298926
WAPA-RM,2026-06-01 02:00:00,478.8022003213152
WAPA-RM,2026-06-01 03:00:00,380.2671084316958
WAPA-RM,2026-06-01 04:00:00,448.479513429635
WAPA-RM,2026-06-01 05:00:00,479.85290890547293
WAPA-RM,2026-06-01 06:00:00,480.8505939873967
WAPA-RM,2026-06-01 07:00:00,594.9747750141753
WAPA-RM,2026-06-01 08:00:00,425.7676338783284
WAPA-RM,2026-06-01 09:00:00,434.1182947929987
WAPA-RM,2026-06-01 10:00:00,392.9383879353307
WAPA-RM,2026-06-01 11:00:00,530.5961024818139
WAPA-RM,2026-06-01 12:00:00,554.1937435653139
WAPA-RM,2026-06-01 13:00:00,488.29433696608277
WAPA-RM,2026-06-01 14:00:00,384.31947139956725
WAPA-RM,2026-06-01 15:00:00,305.02572380760216
WAPA-RM,2026-06-01 16:00:00,289.7584792000415
WAPA-RM,2026-06-01 17:00:00,232.77634615469682
WAPA-RM,2026-06-01 18:00:00,378.49103169644087
WAPA-RM,2026-06-01 19:00:00,546.2894504762179
WAPA-RM,2026-06-01 20:00:00,674.8440019418366
WAPA-RM,2026-06-01 21:00:00,755.2498874256992
WAPA-RM,2026-06-01 22:00:00,851.493441494435
WAPA-RM,2026-06-01 23:00:00,790.8599293141015
WAPA-RM,2026-06-02 00:00:00,560.784996852194
WAPA-RM,2026-06-02 01:00:00,711.3478095406928
WAPA-RM,2026-06-02 02:00:00,1020.5447446558935
WAPA-RM,2026-06-02 03:00:00,912.8698689021049
WAPA-RM,2026-06-02 04:00:00,1137.0763671048987
WAPA-RM,2026-06-02 05:00:00,1143.9098911016358
WAPA-RM,2026-06-02 06:00:00,1244.7412717871719
WAPA-RM,2026-06-02 07:00:00,1223.7290024035751
WAPA-RM,2026-06-02 08:00:00,1227.5353251982983
WAPA-RM,2026-06-02 09:00:00,1194.9939558678939
WAPA-RM,2026-06-02 10:00:00,1143.6393858515398
WAPA-RM,2026-06-02 11:00:00,1105.7027613832415
WAPA-RM,2026-06-02 12:00:00,1288.791823231639
WAPA-RM,2026-06-02 13:00:00,1236.506337398976
WAPA-RM,2026-06-02 14:00:00,1151.6046571617728
WAPA-RM,2026-06-02 15:00:00,985.9333421385558
WAPA-RM,2026-06-02 16:00:00,922.96587384432
WAPA-RM,2026-06-02 17:00:00,910.1454533906211
WAPA-RM,2026-06-02 18:00:00,863.3495597937157
WAPA-UM,2026-05-31 18:00:00,65.21630014278342
WAPA-UM,2026-05-31 19:00:00,63.33334415325714
WAPA-UM,2026-05-31 20:00:00,60.44671049142052
WAPA-UM,2026-05-31 21:00:00,60.75345858350943
WAPA-UM,2026-05-31 22:00:00,50.46504154302031
WAPA-UM,2026-05-31 23:00:00,52.51476833467758
WAPA-UM,2026-06-01 00:00:00,38.32800638026677
WAPA-UM,2026-06-01 01:00:00,16.033002094192337
WAPA-UM,2026-06-01 02:00:00,15.00191762061468
WAPA-UM,2026-06-01 03:00:00,4.963986741822678
WAPA-UM,2026-06-01 04:00:00,2.110606189839951
WAPA-UM,2026-06-01 05:00:00,1.3283284664432415
WAPA-UM,2026-06-01 06:00:00,0.06693522877805361
WAPA-UM,2026-06-01 07:00:00,12.495104416023839
WAPA-UM,2026-06-01 08:00:00,0.0
WAPA-UM,2026-06-01 09:00:00,0.0
WAPA-UM,2026-06-01 10:00:00,2.8469361641961495
WAPA-UM,2026-06-01 11:00:00,0.0
WAPA-UM,2026-06-01 12:00:00,0.5162083960016514
WAPA-UM,2026-06-01 13:00:00,1.7692531228323993
WAPA-UM,2026-06-01 14:00:00,1.6301969188981147
WAPA-UM,2026-06-01 15:00:00,0.0
WAPA-UM,2026-06-01 16:00:00,0.0
WAPA-UM,2026-06-01 17:00:00,4.211558793593767
WAPA-UM,2026-06-01 18:00:00,19.012731680695953
WAPA-UM,2026-06-01 19:00:00,30.366826896981316
WAPA-UM,2026-06-01 20:00:00,47.17949852001738
WAPA-UM,2026-06-01 21:00:00,46.42163767453572
WAPA-UM,2026-06-01 22:00:00,49.08496737831902
WAPA-UM,2026-06-01 23:00:00,49.30296530294961
WAPA-UM,2026-06-02 00:00:00,3.2881204524748866
WAPA-UM,2026-06-02 01:00:00,11.167699643277352
WAPA-UM,2026-06-02 02:00:00,1.8639030422346579
WAPA-UM,2026-06-02 03:00:00,4.618882076754196
WAPA-UM,2026-06-02 04:00:00,1.5619878611280673
WAPA-UM,2026-06-02 05:00:00,1.8888077400873262
WAPA-UM,2026-06-02 06:00:00,9.265309224616193
WAPA-UM,2026-06-02 07:00:00,9.003517274739368
WAPA-UM,2026-06-02 08:00:00,18.479123609549667
WAPA-UM,2026-06-02 09:00:00,25.637227438468614
WAPA-UM,2026-06-02 10:00:00,14.657656522472585
WAPA-UM,2026-06-02 11:00:00,10.05032629924215
WAPA-UM,2026-06-02 12:00:00,28.88722232990806
WAPA-UM,2026-06-02 13:00:00,30.393001226932736
WAPA-UM,2026-06-02 14:00:00,24.62854183908532
WAPA-UM,2026-06-02 15:00:00,35.67121133894695
WAPA-UM,2026-06-02 16:00:00,42.097006000488825
WAPA-UM,2026-06-02 17:00:00,43.83724038522878
WAPA-UM,2026-06-02 18:00:00,32.67517187242528
SunZia (CAISO),2026-05-31 18:00:00,87.11520069301353
SunZia (CAISO),2026-05-31 19:00:00,92.33202659502754
SunZia (CAISO),2026-05-31 20:00:00,710.7434647364676
SunZia (CAISO),2026-05-31 21:00:00,2038.721746827007
SunZia (CAISO),2026-05-31 22:00:00,2091.261445832979
SunZia (CAISO),2026-05-31 23:00:00,2021.2280135663755
SunZia (CAISO),2026-06-01 00:00:00,1456.8267266233092
SunZia (CAISO),2026-06-01 01:00:00,1425.0699275041954
SunZia (CAISO),2026-06-01 02:00:00,1193.7435909461958
SunZia (CAISO),2026-06-01 03:00:00,1339.9427049004253
SunZia (CAISO),2026-06-01 04:00:00,1311.1622705493385
SunZia (CAISO),2026-06-01 05:00:00,1835.7285952393593
SunZia (CAISO),2026-06-01 06:00:00,2187.989180841959
SunZia (CAISO),2026-06-01 07:00:00,2505.2439772389953
SunZia (CAISO),2026-06-01 08:00:00,2207.0784343069704
SunZia (CAISO),2026-06-01 09:00:00,1427.382804418446
SunZia (CAISO),2026-06-01 10:00:00,800.0763867310293
SunZia (CAISO),2026-06-01 11:00:00,1288.3650070461115
SunZia (CAISO),2026-06-01 12:00:00,2655.43940871967
SunZia (CAISO),2026-06-01 13:00:00,2585.513236381102
SunZia (CAISO),2026-06-01 14:00:00,1999.7790511585795
SunZia (CAISO),2026-06-01 15:00:00,2085.268327956681
SunZia (CAISO),2026-06-01 16:00:00,1053.1507510622744
SunZia (CAISO),2026-06-01 17:00:00,753.0657571085852
SunZia (CAISO),2026-06-01 18:00:00,812.9628848992545
SunZia (CAISO),2026-06-01 19:00:00,1064.6121160769987
SunZia (CAISO),2026-06-01 20:00:00,1566.2788310564872
SunZia (CAISO),2026-06-01 21:00:00,1861.9192895210792
SunZia (CAISO),2026-06-01 22:00:00,1750.10361304413
SunZia (CAISO),2026-06-01 23:00:00,1535.4815208238701
SunZia (CAISO),2026-06-02 00:00:00,2131.9256754086064
SunZia (CAISO),2026-06-02 01:00:00,2652.2394454056544
SunZia (CAISO),2026-06-02 02:00:00,2659.960271376742
SunZia (CAISO),2026-06-02 03:00:00,2621.8492131704097
SunZia (CAISO),2026-06-02 04:00:00,2184.901484211175
SunZia (CAISO),2026-06-02 05:00:00,1848.579123165184
SunZia (CAISO),2026-06-02 06:00:00,1285.7175473559498
SunZia (CAISO),2026-06-02 07:00:00,854.186962280431
SunZia (CAISO),2026-06-02 08:00:00,438.2028579803172
SunZia (CAISO),2026-06-02 09:00:00,316.145905808196
SunZia (CAISO),2026-06-02 10:00:00,2046.9818851510508
SunZia (CAISO),2026-06-02 11:00:00,2423.0067314656358
SunZia (CAISO),2026-06-02 12:00:00,2249.697961061294
SunZia (CAISO),2026-06-02 13:00:00,2164.9931998956877
SunZia (CAISO),2026-06-02 14:00:00,1824.190441306124
SunZia (CAISO),2026-06-02 15:00:00,1808.2824121843446
SunZia (CAISO),2026-06-02 16:00:00,1235.42582918922
SunZia (CAISO),2026-06-02 17:00:00,922.4137205097944
SunZia (CAISO),2026-06-02 18:00:00,771.2896459107135
