ba_code,valid_time,MW
AECI,2026-05-05 06:00:00,720.1421989289913
AECI,2026-05-05 07:00:00,608.7198766822899
AECI,2026-05-05 08:00:00,430.76179265054236
AECI,2026-05-05 09:00:00,418.96045691255193
AECI,2026-05-05 10:00:00,299.6406249941135
AECI,2026-05-05 11:00:00,258.8117879260461
AECI,2026-05-05 12:00:00,192.8011018491572
AECI,2026-05-05 13:00:00,133.97431123631657
AECI,2026-05-05 14:00:00,126.3640772988468
AECI,2026-05-05 15:00:00,121.00747237913784
AECI,2026-05-05 16:00:00,155.48294077137845
AECI,2026-05-05 17:00:00,182.0113251811711
AECI,2026-05-05 18:00:00,279.2807385814498
AECI,2026-05-05 19:00:00,346.9689077536495
AECI,2026-05-05 20:00:00,378.49389819450425
AECI,2026-05-05 21:00:00,348.4539037824269
AECI,2026-05-05 22:00:00,339.9232831544806
AECI,2026-05-05 23:00:00,387.2131290317551
AECI,2026-05-06 00:00:00,401.38144518409604
AECI,2026-05-06 01:00:00,334.8584260316617
AECI,2026-05-06 02:00:00,519.819650351498
AECI,2026-05-06 03:00:00,594.7387157033795
AECI,2026-05-06 04:00:00,617.915199007847
AECI,2026-05-06 05:00:00,549.9046024273151
AECI,2026-05-06 06:00:00,442.8428158719679
AECI,2026-05-06 07:00:00,332.288124908233
AECI,2026-05-06 08:00:00,420.7813001767316
AECI,2026-05-06 09:00:00,510.7358169678965
AECI,2026-05-06 10:00:00,180.25345844955564
AECI,2026-05-06 11:00:00,177.38025191226973
AECI,2026-05-06 12:00:00,212.0958920737333
AECI,2026-05-06 13:00:00,180.76728692196065
AECI,2026-05-06 14:00:00,133.84762912245438
AECI,2026-05-06 15:00:00,170.2516254460136
AECI,2026-05-06 16:00:00,273.53266794683213
AECI,2026-05-06 17:00:00,280.95938767272855
AECI,2026-05-06 18:00:00,300.59957355164
AECI,2026-05-06 19:00:00,312.7283629938737
AECI,2026-05-06 20:00:00,395.9137804671589
AECI,2026-05-06 21:00:00,367.0815378674286
AECI,2026-05-06 22:00:00,311.16122311894986
AECI,2026-05-06 23:00:00,281.48403877051067
AECI,2026-05-07 00:00:00,276.48765023289184
AECI,2026-05-07 01:00:00,322.0573697532902
AECI,2026-05-07 02:00:00,329.2234879105032
AECI,2026-05-07 03:00:00,318.7939413709392
AECI,2026-05-07 04:00:00,354.4389855363511
AECI,2026-05-07 05:00:00,354.6615200298092
AECI,2026-05-07 06:00:00,305.1282129504624
AVA,2026-05-05 06:00:00,151.69748398639928
AVA,2026-05-05 07:00:00,133.5210211434115
AVA,2026-05-05 08:00:00,169.80962422099253
AVA,2026-05-05 09:00:00,195.08296771517314
AVA,2026-05-05 10:00:00,225.04090656885253
AVA,2026-05-05 11:00:00,238.03713129920345
AVA,2026-05-05 12:00:00,234.92977649081737
AVA,2026-05-05 13:00:00,219.46622616008537
AVA,2026-05-05 14:00:00,195.31715164314545
AVA,2026-05-05 15:00:00,155.03812496348192
AVA,2026-05-05 16:00:00,152.2467301157061
AVA,2026-05-05 17:00:00,147.12236545192195
AVA,2026-05-05 18:00:00,106.38998095159133
AVA,2026-05-05 19:00:00,104.69103699549936
AVA,2026-05-05 20:00:00,103.40046575883329
AVA,2026-05-05 21:00:00,87.35859700006692
AVA,2026-05-05 22:00:00,69.65521044802549
AVA,2026-05-05 23:00:00,59.02467001859744
AVA,2026-05-06 00:00:00,54.35691588794995
AVA,2026-05-06 01:00:00,43.58962371974799
AVA,2026-05-06 02:00:00,39.69195692774409
AVA,2026-05-06 03:00:00,58.68890538493308
AVA,2026-05-06 04:00:00,98.22261336499166
AVA,2026-05-06 05:00:00,140.93636373850623
AVA,2026-05-06 06:00:00,192.35783423831722
AVA,2026-05-06 07:00:00,183.59596039298734
AVA,2026-05-06 08:00:00,229.87067717384937
AVA,2026-05-06 09:00:00,230.00814649186236
AVA,2026-05-06 10:00:00,214.0572847357252
AVA,2026-05-06 11:00:00,202.11831943900634
AVA,2026-05-06 12:00:00,192.30197978402427
AVA,2026-05-06 13:00:00,176.04721443763864
AVA,2026-05-06 14:00:00,144.09699446071204
AVA,2026-05-06 15:00:00,58.387178067350355
AVA,2026-05-06 16:00:00,28.413710865877682
AVA,2026-05-06 17:00:00,11.937776042620225
AVA,2026-05-06 18:00:00,4.2547329937869005
AVA,2026-05-06 19:00:00,5.179657330155552
AVA,2026-05-06 20:00:00,12.82767725995523
AVA,2026-05-06 21:00:00,21.722398414858187
AVA,2026-05-06 22:00:00,36.00010614018023
AVA,2026-05-06 23:00:00,43.27180516604275
AVA,2026-05-07 00:00:00,58.4052550297808
AVA,2026-05-07 01:00:00,43.780957683279226
AVA,2026-05-07 02:00:00,33.15935040619738
AVA,2026-05-07 03:00:00,49.832759402083646
AVA,2026-05-07 04:00:00,104.85387223470151
AVA,2026-05-07 05:00:00,162.57091186001801
AVA,2026-05-07 06:00:00,190.23863643618608
AVRN,2026-05-05 06:00:00,1409.8973147530926
AVRN,2026-05-05 07:00:00,1412.3479422497094
AVRN,2026-05-05 08:00:00,1396.821948149775
AVRN,2026-05-05 09:00:00,1385.7409351700474
AVRN,2026-05-05 10:00:00,1380.5345870627555
AVRN,2026-05-05 11:00:00,1360.66120739472
AVRN,2026-05-05 12:00:00,1313.046435273969
AVRN,2026-05-05 13:00:00,1263.2003095796929
AVRN,2026-05-05 14:00:00,1144.90085684753
AVRN,2026-05-05 15:00:00,872.0535526942995
AVRN,2026-05-05 16:00:00,529.0976439283971
AVRN,2026-05-05 17:00:00,307.5332126349272
AVRN,2026-05-05 18:00:00,152.30120562298984
AVRN,2026-05-05 19:00:00,92.54385583423941
AVRN,2026-05-05 20:00:00,79.46192825327962
AVRN,2026-05-05 21:00:00,108.79853791475526
AVRN,2026-05-05 22:00:00,169.57197514265044
AVRN,2026-05-05 23:00:00,261.22784642413353
AVRN,2026-05-06 00:00:00,371.2550682016461
AVRN,2026-05-06 01:00:00,444.0306220099991
AVRN,2026-05-06 02:00:00,560.9178338882339
AVRN,2026-05-06 03:00:00,788.6164237897777
AVRN,2026-05-06 04:00:00,869.1013507499051
AVRN,2026-05-06 05:00:00,899.1282678309356
AVRN,2026-05-06 06:00:00,1128.6557351930303
AVRN,2026-05-06 07:00:00,1222.1018084121993
AVRN,2026-05-06 08:00:00,1146.5471354084261
AVRN,2026-05-06 09:00:00,1128.4390746268432
AVRN,2026-05-06 10:00:00,1128.1138449225425
AVRN,2026-05-06 11:00:00,1079.7272253511178
AVRN,2026-05-06 12:00:00,1057.6818258175656
AVRN,2026-05-06 13:00:00,942.4678133591154
AVRN,2026-05-06 14:00:00,773.2188363627678
AVRN,2026-05-06 15:00:00,704.2126054591339
AVRN,2026-05-06 16:00:00,522.060291770808
AVRN,2026-05-06 17:00:00,353.61925993832574
AVRN,2026-05-06 18:00:00,283.2517155013761
AVRN,2026-05-06 19:00:00,230.6763342920778
AVRN,2026-05-06 20:00:00,249.00179124562015
AVRN,2026-05-06 21:00:00,298.91710471684905
AVRN,2026-05-06 22:00:00,589.9127416641581
AVRN,2026-05-06 23:00:00,1091.702622586971
AVRN,2026-05-07 00:00:00,1353.0618334853164
AVRN,2026-05-07 01:00:00,1389.969616926088
AVRN,2026-05-07 02:00:00,1343.4979333671915
AVRN,2026-05-07 03:00:00,1325.593733294669
AVRN,2026-05-07 04:00:00,1257.1389934941622
AVRN,2026-05-07 05:00:00,1218.339455366905
AVRN,2026-05-07 06:00:00,1166.3934910603034
AZPS,2026-05-05 06:00:00,328.0457550854434
AZPS,2026-05-05 07:00:00,125.83530261479626
AZPS,2026-05-05 08:00:00,93.67807243474238
AZPS,2026-05-05 09:00:00,109.9625970886256
AZPS,2026-05-05 10:00:00,96.90234826476177
AZPS,2026-05-05 11:00:00,28.16519450591858
AZPS,2026-05-05 12:00:00,9.845817225372747
AZPS,2026-05-05 13:00:00,5.958190604444934
AZPS,2026-05-05 14:00:00,3.902207359012644
AZPS,2026-05-05 15:00:00,19.893225631718146
AZPS,2026-05-05 16:00:00,69.38184299657608
AZPS,2026-05-05 17:00:00,78.1697369452982
AZPS,2026-05-05 18:00:00,168.38535825647577
AZPS,2026-05-05 19:00:00,486.315196207557
AZPS,2026-05-05 20:00:00,506.9235775690613
AZPS,2026-05-05 21:00:00,516.4571093690456
AZPS,2026-05-05 22:00:00,517.6358083317543
AZPS,2026-05-05 23:00:00,520.5322002283634
AZPS,2026-05-06 00:00:00,469.4229018243882
AZPS,2026-05-06 01:00:00,438.12180595389185
AZPS,2026-05-06 02:00:00,391.3382234709077
AZPS,2026-05-06 03:00:00,315.7807499510434
AZPS,2026-05-06 04:00:00,342.08985738990907
AZPS,2026-05-06 05:00:00,275.3580319683074
AZPS,2026-05-06 06:00:00,266.26263044904476
AZPS,2026-05-06 07:00:00,335.30569325907896
AZPS,2026-05-06 08:00:00,352.18989210665296
AZPS,2026-05-06 09:00:00,338.4915139198245
AZPS,2026-05-06 10:00:00,299.0505934314423
AZPS,2026-05-06 11:00:00,379.3002190992543
AZPS,2026-05-06 12:00:00,403.08910105513365
AZPS,2026-05-06 13:00:00,402.75432536202936
AZPS,2026-05-06 14:00:00,360.67468720550727
AZPS,2026-05-06 15:00:00,325.79927637064486
AZPS,2026-05-06 16:00:00,168.884829003766
AZPS,2026-05-06 17:00:00,87.75020872468566
AZPS,2026-05-06 18:00:00,54.793912444610214
AZPS,2026-05-06 19:00:00,65.68306530486757
AZPS,2026-05-06 20:00:00,170.97982258072486
AZPS,2026-05-06 21:00:00,266.2025829743512
AZPS,2026-05-06 22:00:00,353.16977745530073
AZPS,2026-05-06 23:00:00,351.36882877167415
AZPS,2026-05-07 00:00:00,391.48434124585594
AZPS,2026-05-07 01:00:00,204.2227842063652
AZPS,2026-05-07 02:00:00,429.3746283126337
AZPS,2026-05-07 03:00:00,431.93760536313016
AZPS,2026-05-07 04:00:00,383.07364856448265
AZPS,2026-05-07 05:00:00,214.37035149240862
AZPS,2026-05-07 06:00:00,144.16413406796437
BPAT,2026-05-05 06:00:00,2144.513046676446
BPAT,2026-05-05 07:00:00,2170.50906368682
BPAT,2026-05-05 08:00:00,2141.5964869812183
BPAT,2026-05-05 09:00:00,2204.002226793764
BPAT,2026-05-05 10:00:00,2195.3567241163937
BPAT,2026-05-05 11:00:00,1997.4345178721933
BPAT,2026-05-05 12:00:00,1827.4958264256206
BPAT,2026-05-05 13:00:00,1723.4313498643905
BPAT,2026-05-05 14:00:00,1448.0271344062453
BPAT,2026-05-05 15:00:00,808.1446338285272
BPAT,2026-05-05 16:00:00,293.48154550982605
BPAT,2026-05-05 17:00:00,92.334804391785
BPAT,2026-05-05 18:00:00,75.98935223227815
BPAT,2026-05-05 19:00:00,124.22972597833002
BPAT,2026-05-05 20:00:00,170.13399941860968
BPAT,2026-05-05 21:00:00,243.18662781426232
BPAT,2026-05-05 22:00:00,383.53681160988776
BPAT,2026-05-05 23:00:00,559.3089720647258
BPAT,2026-05-06 00:00:00,662.9194146072434
BPAT,2026-05-06 01:00:00,598.9646308728138
BPAT,2026-05-06 02:00:00,584.1959830852408
BPAT,2026-05-06 03:00:00,688.9838815771045
BPAT,2026-05-06 04:00:00,1291.2874683714892
BPAT,2026-05-06 05:00:00,1390.659529867074
BPAT,2026-05-06 06:00:00,1591.9045845361943
BPAT,2026-05-06 07:00:00,1885.7506706362376
BPAT,2026-05-06 08:00:00,1970.9790380481165
BPAT,2026-05-06 09:00:00,2081.30056962562
BPAT,2026-05-06 10:00:00,2064.141087989432
BPAT,2026-05-06 11:00:00,1910.1646185031634
BPAT,2026-05-06 12:00:00,1876.4084557116519
BPAT,2026-05-06 13:00:00,1778.2363822974576
BPAT,2026-05-06 14:00:00,1469.5470741865806
BPAT,2026-05-06 15:00:00,1085.2168845732483
BPAT,2026-05-06 16:00:00,682.7501971184731
BPAT,2026-05-06 17:00:00,343.6072731144902
BPAT,2026-05-06 18:00:00,204.5494344668663
BPAT,2026-05-06 19:00:00,172.41872920460267
BPAT,2026-05-06 20:00:00,225.59298104057018
BPAT,2026-05-06 21:00:00,366.75032020064435
BPAT,2026-05-06 22:00:00,798.6296392771516
BPAT,2026-05-06 23:00:00,1575.7808533611963
BPAT,2026-05-07 00:00:00,2123.873398870901
BPAT,2026-05-07 01:00:00,2357.6352682997085
BPAT,2026-05-07 02:00:00,2360.785628388922
BPAT,2026-05-07 03:00:00,2442.6298997371796
BPAT,2026-05-07 04:00:00,2696.1068150895867
BPAT,2026-05-07 05:00:00,2576.112539594235
BPAT,2026-05-07 06:00:00,2731.0805493130247
CISO,2026-05-05 06:00:00,4161.109308488686
CISO,2026-05-05 07:00:00,4230.8461880722725
CISO,2026-05-05 08:00:00,4245.707603611431
CISO,2026-05-05 09:00:00,4372.841140551791
CISO,2026-05-05 10:00:00,4244.407775946377
CISO,2026-05-05 11:00:00,4238.997022053908
CISO,2026-05-05 12:00:00,4019.1905827404253
CISO,2026-05-05 13:00:00,4416.105208238853
CISO,2026-05-05 14:00:00,4531.867972592365
CISO,2026-05-05 15:00:00,4610.333781420508
CISO,2026-05-05 16:00:00,4076.342392453904
CISO,2026-05-05 17:00:00,4378.23260852698
CISO,2026-05-05 18:00:00,4570.184479261902
CISO,2026-05-05 19:00:00,4565.98734278463
CISO,2026-05-05 20:00:00,4574.298225006862
CISO,2026-05-05 21:00:00,4573.911410578643
CISO,2026-05-05 22:00:00,4651.808999442828
CISO,2026-05-05 23:00:00,4706.935890955118
CISO,2026-05-06 00:00:00,4793.233675664579
CISO,2026-05-06 01:00:00,4931.053465366304
CISO,2026-05-06 02:00:00,5225.256882313086
CISO,2026-05-06 03:00:00,5190.212266813354
CISO,2026-05-06 04:00:00,5338.507874312658
CISO,2026-05-06 05:00:00,5316.181399893242
CISO,2026-05-06 06:00:00,5325.212940838765
CISO,2026-05-06 07:00:00,5228.632046492983
CISO,2026-05-06 08:00:00,5358.821094118132
CISO,2026-05-06 09:00:00,5328.738631281807
CISO,2026-05-06 10:00:00,5146.702195946979
CISO,2026-05-06 11:00:00,4814.9925394423135
CISO,2026-05-06 12:00:00,4669.561033032181
CISO,2026-05-06 13:00:00,4502.397229261887
CISO,2026-05-06 14:00:00,4386.968351907387
CISO,2026-05-06 15:00:00,4066.1654663394293
CISO,2026-05-06 16:00:00,3475.42617972206
CISO,2026-05-06 17:00:00,2576.143768056997
CISO,2026-05-06 18:00:00,1703.7751453325275
CISO,2026-05-06 19:00:00,1536.186319714827
CISO,2026-05-06 20:00:00,1767.2140764368369
CISO,2026-05-06 21:00:00,2158.9263264184856
CISO,2026-05-06 22:00:00,2718.78119666723
CISO,2026-05-06 23:00:00,3596.5256854041695
CISO,2026-05-07 00:00:00,4395.779072510139
CISO,2026-05-07 01:00:00,4827.182355928956
CISO,2026-05-07 02:00:00,5117.575214092619
CISO,2026-05-07 03:00:00,5365.215573437275
CISO,2026-05-07 04:00:00,5229.080218512224
CISO,2026-05-07 05:00:00,4803.310030022186
CISO,2026-05-07 06:00:00,4844.070362345589
EPE,2026-05-05 06:00:00,40.973665256082526
EPE,2026-05-05 07:00:00,36.920522812762016
EPE,2026-05-05 08:00:00,14.205411181840828
EPE,2026-05-05 09:00:00,8.715145290342134
EPE,2026-05-05 10:00:00,5.413937411264532
EPE,2026-05-05 11:00:00,3.5047894496454837
EPE,2026-05-05 12:00:00,6.513719069167876
EPE,2026-05-05 13:00:00,2.425045854584946
EPE,2026-05-05 14:00:00,6.9648992651636155
EPE,2026-05-05 15:00:00,23.720498490911407
EPE,2026-05-05 16:00:00,26.935743641585105
EPE,2026-05-05 17:00:00,39.82470126549712
EPE,2026-05-05 18:00:00,42.19603848929645
EPE,2026-05-05 19:00:00,42.00122569097091
EPE,2026-05-05 20:00:00,41.63546967806015
EPE,2026-05-05 21:00:00,40.299149411921505
EPE,2026-05-05 22:00:00,42.336
EPE,2026-05-05 23:00:00,42.329236656903134
EPE,2026-05-06 00:00:00,42.159001805788485
EPE,2026-05-06 01:00:00,42.336
EPE,2026-05-06 02:00:00,40.292708724096066
EPE,2026-05-06 03:00:00,38.89155105553844
EPE,2026-05-06 04:00:00,37.13996243677218
EPE,2026-05-06 05:00:00,39.318947057529044
EPE,2026-05-06 06:00:00,38.44553101558078
EPE,2026-05-06 07:00:00,28.236743850994376
EPE,2026-05-06 08:00:00,14.200196661968288
EPE,2026-05-06 09:00:00,7.340289116661226
EPE,2026-05-06 10:00:00,2.6271601184753717
EPE,2026-05-06 11:00:00,3.64149831940982
EPE,2026-05-06 12:00:00,3.9809577914873726
EPE,2026-05-06 13:00:00,3.22591653729521
EPE,2026-05-06 14:00:00,1.056525466704431
EPE,2026-05-06 15:00:00,6.37808112661163
EPE,2026-05-06 16:00:00,7.533786824471457
EPE,2026-05-06 17:00:00,19.837182791009976
EPE,2026-05-06 18:00:00,13.214136564720121
EPE,2026-05-06 19:00:00,26.964822206124143
EPE,2026-05-06 20:00:00,37.63195652603422
EPE,2026-05-06 21:00:00,40.45506242716765
EPE,2026-05-06 22:00:00,40.797070283389445
EPE,2026-05-06 23:00:00,41.313306107935034
EPE,2026-05-07 00:00:00,39.4006651078482
EPE,2026-05-07 01:00:00,37.2694593959427
EPE,2026-05-07 02:00:00,16.726242106120427
EPE,2026-05-07 03:00:00,32.619281245013575
EPE,2026-05-07 04:00:00,42.14713544079892
EPE,2026-05-07 05:00:00,42.32194318916647
EPE,2026-05-07 06:00:00,20.218621988908097
ERCO,2026-05-05 06:00:00,31294.312454001727
ERCO,2026-05-05 07:00:00,31677.10551856165
ERCO,2026-05-05 08:00:00,31563.723754875457
ERCO,2026-05-05 09:00:00,31002.34922503117
ERCO,2026-05-05 10:00:00,30869.392714806738
ERCO,2026-05-05 11:00:00,29927.362176028877
ERCO,2026-05-05 12:00:00,28374.246071189773
ERCO,2026-05-05 13:00:00,27085.400532129494
ERCO,2026-05-05 14:00:00,24573.272887995685
ERCO,2026-05-05 15:00:00,21472.67666363634
ERCO,2026-05-05 16:00:00,18430.79873941304
ERCO,2026-05-05 17:00:00,17428.232107827727
ERCO,2026-05-05 18:00:00,17590.809640672254
ERCO,2026-05-05 19:00:00,18485.343803616022
ERCO,2026-05-05 20:00:00,19515.507254886412
ERCO,2026-05-05 21:00:00,20487.70208930028
ERCO,2026-05-05 22:00:00,23324.77480338681
ERCO,2026-05-05 23:00:00,25408.306755585243
ERCO,2026-05-06 00:00:00,26373.01967329753
ERCO,2026-05-06 01:00:00,28769.61420715937
ERCO,2026-05-06 02:00:00,26904.774168932792
ERCO,2026-05-06 03:00:00,23295.164766639864
ERCO,2026-05-06 04:00:00,18697.58932732163
ERCO,2026-05-06 05:00:00,16002.427845161092
ERCO,2026-05-06 06:00:00,14601.328141417169
ERCO,2026-05-06 07:00:00,15737.277305829071
ERCO,2026-05-06 08:00:00,15942.840229070802
ERCO,2026-05-06 09:00:00,14279.399331009632
ERCO,2026-05-06 10:00:00,12186.987670139906
ERCO,2026-05-06 11:00:00,11434.602147839463
ERCO,2026-05-06 12:00:00,11421.15493540718
ERCO,2026-05-06 13:00:00,10395.301121941437
ERCO,2026-05-06 14:00:00,8936.701559265131
ERCO,2026-05-06 15:00:00,8413.345651135789
ERCO,2026-05-06 16:00:00,7351.873630244656
ERCO,2026-05-06 17:00:00,6473.542744270775
ERCO,2026-05-06 18:00:00,6714.653885612409
ERCO,2026-05-06 19:00:00,7412.540800961217
ERCO,2026-05-06 20:00:00,8804.292256287325
ERCO,2026-05-06 21:00:00,10944.256384419854
ERCO,2026-05-06 22:00:00,12773.415451405564
ERCO,2026-05-06 23:00:00,15256.43848521723
ERCO,2026-05-07 00:00:00,18747.38854664533
ERCO,2026-05-07 01:00:00,20022.2838246573
ERCO,2026-05-07 02:00:00,22476.265759428017
ERCO,2026-05-07 03:00:00,24611.609779876737
ERCO,2026-05-07 04:00:00,25387.554447553495
ERCO,2026-05-07 05:00:00,24853.287075325643
ERCO,2026-05-07 06:00:00,23485.608772236857
GRIS,2026-05-05 06:00:00,270.7953069472663
GRIS,2026-05-05 07:00:00,272.1968441146524
GRIS,2026-05-05 08:00:00,272.23392543263043
GRIS,2026-05-05 09:00:00,272.3573060869831
GRIS,2026-05-05 10:00:00,272.3311226487572
GRIS,2026-05-05 11:00:00,163.67202182686339
GRIS,2026-05-05 12:00:00,63.555304617072196
GRIS,2026-05-05 13:00:00,132.99263360174226
GRIS,2026-05-05 14:00:00,93.71715125988392
GRIS,2026-05-05 15:00:00,54.579122951289705
GRIS,2026-05-05 16:00:00,8.77417936129399
GRIS,2026-05-05 17:00:00,0.0
GRIS,2026-05-05 18:00:00,20.861413621731725
GRIS,2026-05-05 19:00:00,173.57302145566413
GRIS,2026-05-05 20:00:00,216.70557037516573
GRIS,2026-05-05 21:00:00,272.1602444836463
GRIS,2026-05-05 22:00:00,272.2724912427771
GRIS,2026-05-05 23:00:00,272.412
GRIS,2026-05-06 00:00:00,272.412
GRIS,2026-05-06 01:00:00,272.3926439086609
GRIS,2026-05-06 02:00:00,272.2136113842587
GRIS,2026-05-06 03:00:00,268.92722896400505
GRIS,2026-05-06 04:00:00,272.40202114842987
GRIS,2026-05-06 05:00:00,272.0752598470024
GRIS,2026-05-06 06:00:00,191.54399175246354
GRIS,2026-05-06 07:00:00,190.14543673290925
GRIS,2026-05-06 08:00:00,204.6947507482549
GRIS,2026-05-06 09:00:00,198.2477235601374
GRIS,2026-05-06 10:00:00,200.91152848168102
GRIS,2026-05-06 11:00:00,191.00315120287655
GRIS,2026-05-06 12:00:00,259.31518714510156
GRIS,2026-05-06 13:00:00,254.76303549917822
GRIS,2026-05-06 14:00:00,127.72354514566459
GRIS,2026-05-06 15:00:00,119.52471733257882
GRIS,2026-05-06 16:00:00,175.02307432256958
GRIS,2026-05-06 17:00:00,184.3268565331875
GRIS,2026-05-06 18:00:00,226.28334438805558
GRIS,2026-05-06 19:00:00,237.0132853282423
GRIS,2026-05-06 20:00:00,242.07785720456874
GRIS,2026-05-06 21:00:00,238.81679978831542
GRIS,2026-05-06 22:00:00,252.15680529728755
GRIS,2026-05-06 23:00:00,252.52564020563142
GRIS,2026-05-07 00:00:00,248.18875657804975
GRIS,2026-05-07 01:00:00,138.06322693696657
GRIS,2026-05-07 02:00:00,152.20021884829487
GRIS,2026-05-07 03:00:00,272.412
GRIS,2026-05-07 04:00:00,272.412
GRIS,2026-05-07 05:00:00,272.40859444215215
GRIS,2026-05-07 06:00:00,271.2468190374612
GWA,2026-05-05 06:00:00,10.077106586446545
GWA,2026-05-05 07:00:00,5.683809143886011
GWA,2026-05-05 08:00:00,0.0
GWA,2026-05-05 09:00:00,0.0
GWA,2026-05-05 10:00:00,0.0
GWA,2026-05-05 11:00:00,0.0
GWA,2026-05-05 12:00:00,0.0
GWA,2026-05-05 13:00:00,5.816999548976451
GWA,2026-05-05 14:00:00,35.375742198158385
GWA,2026-05-05 15:00:00,43.72334548622928
GWA,2026-05-05 16:00:00,30.583328059029736
GWA,2026-05-05 17:00:00,62.77150098543414
GWA,2026-05-05 18:00:00,85.11883005955788
GWA,2026-05-05 19:00:00,120.44897159923649
GWA,2026-05-05 20:00:00,131.12249873074316
GWA,2026-05-05 21:00:00,125.67780820010671
GWA,2026-05-05 22:00:00,110.98688576365952
GWA,2026-05-05 23:00:00,116.69855657874326
GWA,2026-05-06 00:00:00,114.69206561196751
GWA,2026-05-06 01:00:00,93.3740376105342
GWA,2026-05-06 02:00:00,66.60786497811665
GWA,2026-05-06 03:00:00,41.02482645997573
GWA,2026-05-06 04:00:00,12.772951975179556
GWA,2026-05-06 05:00:00,3.171195954480648
GWA,2026-05-06 06:00:00,0.38522187293761617
GWA,2026-05-06 07:00:00,0.0
GWA,2026-05-06 08:00:00,0.0
GWA,2026-05-06 09:00:00,0.0
GWA,2026-05-06 10:00:00,3.104730830308682
GWA,2026-05-06 11:00:00,3.8675157318931257
GWA,2026-05-06 12:00:00,5.929162754637592
GWA,2026-05-06 13:00:00,8.350386914581293
GWA,2026-05-06 14:00:00,8.326248060229961
GWA,2026-05-06 15:00:00,8.20453291422296
GWA,2026-05-06 16:00:00,6.2438091249529535
GWA,2026-05-06 17:00:00,4.769686082820038
GWA,2026-05-06 18:00:00,3.7379449534840643
GWA,2026-05-06 19:00:00,1.1239311550397175
GWA,2026-05-06 20:00:00,9.553362017223298
GWA,2026-05-06 21:00:00,46.763030037652044
GWA,2026-05-06 22:00:00,70.73135964273419
GWA,2026-05-06 23:00:00,48.95191386386854
GWA,2026-05-07 00:00:00,160.9202297087439
GWA,2026-05-07 01:00:00,155.35349855860733
GWA,2026-05-07 02:00:00,154.48239450826472
GWA,2026-05-07 03:00:00,131.9206690438207
GWA,2026-05-07 04:00:00,173.72464919453506
GWA,2026-05-07 05:00:00,146.45384016672594
GWA,2026-05-07 06:00:00,172.1992941829218
IPCO,2026-05-05 06:00:00,116.85218776571837
IPCO,2026-05-05 07:00:00,184.80326654980465
IPCO,2026-05-05 08:00:00,427.7073251410122
IPCO,2026-05-05 09:00:00,416.15699767335826
IPCO,2026-05-05 10:00:00,469.9069414314801
IPCO,2026-05-05 11:00:00,369.44689572386903
IPCO,2026-05-05 12:00:00,361.1546344451341
IPCO,2026-05-05 13:00:00,307.1523500999008
IPCO,2026-05-05 14:00:00,248.20635747529658
IPCO,2026-05-05 15:00:00,319.4746603126674
IPCO,2026-05-05 16:00:00,222.92589899327552
IPCO,2026-05-05 17:00:00,123.519725092997
IPCO,2026-05-05 18:00:00,100.45469337624401
IPCO,2026-05-05 19:00:00,124.26034075358506
IPCO,2026-05-05 20:00:00,273.6601215878935
IPCO,2026-05-05 21:00:00,329.1504965870624
IPCO,2026-05-05 22:00:00,475.38256441985806
IPCO,2026-05-05 23:00:00,516.4196742242261
IPCO,2026-05-06 00:00:00,555.959571852083
IPCO,2026-05-06 01:00:00,494.5017475416243
IPCO,2026-05-06 02:00:00,499.5052811276595
IPCO,2026-05-06 03:00:00,497.8698566223089
IPCO,2026-05-06 04:00:00,395.8258435660502
IPCO,2026-05-06 05:00:00,393.4303363046471
IPCO,2026-05-06 06:00:00,332.5931598039478
IPCO,2026-05-06 07:00:00,401.6727968307131
IPCO,2026-05-06 08:00:00,266.0567305005869
IPCO,2026-05-06 09:00:00,169.0229511234892
IPCO,2026-05-06 10:00:00,95.485453016212
IPCO,2026-05-06 11:00:00,149.9717737877292
IPCO,2026-05-06 12:00:00,168.33056899512113
IPCO,2026-05-06 13:00:00,104.57413406984561
IPCO,2026-05-06 14:00:00,97.57591084820105
IPCO,2026-05-06 15:00:00,73.15108530685187
IPCO,2026-05-06 16:00:00,47.98986267123816
IPCO,2026-05-06 17:00:00,28.546654182741822
IPCO,2026-05-06 18:00:00,16.194367744180315
IPCO,2026-05-06 19:00:00,10.911027381931413
IPCO,2026-05-06 20:00:00,26.00488552053914
IPCO,2026-05-06 21:00:00,103.05358396333855
IPCO,2026-05-06 22:00:00,200.44226731448055
IPCO,2026-05-06 23:00:00,265.4351414841553
IPCO,2026-05-07 00:00:00,302.5709516068891
IPCO,2026-05-07 01:00:00,306.2626229040518
IPCO,2026-05-07 02:00:00,283.2856517100765
IPCO,2026-05-07 03:00:00,330.27250788848545
IPCO,2026-05-07 04:00:00,312.5846218680001
IPCO,2026-05-07 05:00:00,267.2590827663971
IPCO,2026-05-07 06:00:00,248.3787416351106
ISNE,2026-05-05 06:00:00,605.5140476121101
ISNE,2026-05-05 07:00:00,856.8011627522047
ISNE,2026-05-05 08:00:00,943.5791439991337
ISNE,2026-05-05 09:00:00,1024.0418809989385
ISNE,2026-05-05 10:00:00,1001.4698881898519
ISNE,2026-05-05 11:00:00,809.7815439562532
ISNE,2026-05-05 12:00:00,666.9904849464713
ISNE,2026-05-05 13:00:00,751.3220008432874
ISNE,2026-05-05 14:00:00,808.7673623750592
ISNE,2026-05-05 15:00:00,1052.431501346107
ISNE,2026-05-05 16:00:00,1160.1881259699753
ISNE,2026-05-05 17:00:00,1314.2273578713766
ISNE,2026-05-05 18:00:00,1393.7380549196928
ISNE,2026-05-05 19:00:00,1391.76022612634
ISNE,2026-05-05 20:00:00,1374.4357078885803
ISNE,2026-05-05 21:00:00,1371.4678337311727
ISNE,2026-05-05 22:00:00,1391.7248304976895
ISNE,2026-05-05 23:00:00,1288.772819908629
ISNE,2026-05-06 00:00:00,1113.4062771923477
ISNE,2026-05-06 01:00:00,971.5557225142122
ISNE,2026-05-06 02:00:00,705.0298958682104
ISNE,2026-05-06 03:00:00,823.4804103775115
ISNE,2026-05-06 04:00:00,786.5661852890612
ISNE,2026-05-06 05:00:00,641.2423895704857
ISNE,2026-05-06 06:00:00,620.3886357056247
ISNE,2026-05-06 07:00:00,519.4340830430502
ISNE,2026-05-06 08:00:00,412.06291274608685
ISNE,2026-05-06 09:00:00,411.6800605507236
ISNE,2026-05-06 10:00:00,390.6548665766706
ISNE,2026-05-06 11:00:00,435.8956360097519
ISNE,2026-05-06 12:00:00,393.796748656384
ISNE,2026-05-06 13:00:00,392.12571157901664
ISNE,2026-05-06 14:00:00,491.7232133846463
ISNE,2026-05-06 15:00:00,637.2499451510483
ISNE,2026-05-06 16:00:00,762.3208095477451
ISNE,2026-05-06 17:00:00,840.1406010430862
ISNE,2026-05-06 18:00:00,947.5904136698352
ISNE,2026-05-06 19:00:00,1080.9876993693817
ISNE,2026-05-06 20:00:00,1110.4236963706583
ISNE,2026-05-06 21:00:00,1151.154824250414
ISNE,2026-05-06 22:00:00,1202.3822693146965
ISNE,2026-05-06 23:00:00,1222.1363366244889
ISNE,2026-05-07 00:00:00,1189.7403803991253
ISNE,2026-05-07 01:00:00,1085.7478957962385
ISNE,2026-05-07 02:00:00,888.9727497467541
ISNE,2026-05-07 03:00:00,921.9210585129752
ISNE,2026-05-07 04:00:00,1066.1215764340886
ISNE,2026-05-07 05:00:00,1064.2445157334785
ISNE,2026-05-07 06:00:00,953.1475917591636
LDWP,2026-05-05 06:00:00,268.22379631654155
LDWP,2026-05-05 07:00:00,293.5273388038225
LDWP,2026-05-05 08:00:00,343.09251079836366
LDWP,2026-05-05 09:00:00,318.97485191018154
LDWP,2026-05-05 10:00:00,319.045857856914
LDWP,2026-05-05 11:00:00,321.98622437695263
LDWP,2026-05-05 12:00:00,323.10124010866383
LDWP,2026-05-05 13:00:00,335.5905594592666
LDWP,2026-05-05 14:00:00,331.54596267048066
LDWP,2026-05-05 15:00:00,335.07820309638043
LDWP,2026-05-05 16:00:00,317.0531412082013
LDWP,2026-05-05 17:00:00,273.6479349164903
LDWP,2026-05-05 18:00:00,203.95849718803913
LDWP,2026-05-05 19:00:00,167.82540523251387
LDWP,2026-05-05 20:00:00,156.7360670893688
LDWP,2026-05-05 21:00:00,149.47093744643266
LDWP,2026-05-05 22:00:00,169.46803224513081
LDWP,2026-05-05 23:00:00,175.13201674914134
LDWP,2026-05-06 00:00:00,148.8624274783697
LDWP,2026-05-06 01:00:00,269.68444983545555
LDWP,2026-05-06 02:00:00,217.09446943691484
LDWP,2026-05-06 03:00:00,232.51984628572814
LDWP,2026-05-06 04:00:00,193.45131448901796
LDWP,2026-05-06 05:00:00,146.7232510195237
LDWP,2026-05-06 06:00:00,115.48803219509774
LDWP,2026-05-06 07:00:00,160.59436229046895
LDWP,2026-05-06 08:00:00,179.9499499792885
LDWP,2026-05-06 09:00:00,116.10930667886912
LDWP,2026-05-06 10:00:00,126.9471276753308
LDWP,2026-05-06 11:00:00,131.94386516881352
LDWP,2026-05-06 12:00:00,123.95991130945531
LDWP,2026-05-06 13:00:00,165.90334488140567
LDWP,2026-05-06 14:00:00,340.6871926751309
LDWP,2026-05-06 15:00:00,337.8147165880243
LDWP,2026-05-06 16:00:00,330.94706374506666
LDWP,2026-05-06 17:00:00,304.68122392721875
LDWP,2026-05-06 18:00:00,286.3347782550394
LDWP,2026-05-06 19:00:00,277.5855369611559
LDWP,2026-05-06 20:00:00,278.6014038418179
LDWP,2026-05-06 21:00:00,279.31485869961784
LDWP,2026-05-06 22:00:00,293.0094212395134
LDWP,2026-05-06 23:00:00,305.8686993956968
LDWP,2026-05-07 00:00:00,307.8739098537794
LDWP,2026-05-07 01:00:00,297.4309226043172
LDWP,2026-05-07 02:00:00,266.2168048080516
LDWP,2026-05-07 03:00:00,222.22042925830723
LDWP,2026-05-07 04:00:00,190.0485180519625
LDWP,2026-05-07 05:00:00,162.7840494967821
LDWP,2026-05-07 06:00:00,130.98268227388462
MISO,2026-05-05 06:00:00,14703.415477886803
MISO,2026-05-05 07:00:00,14928.469477047884
MISO,2026-05-05 08:00:00,14603.3180869952
MISO,2026-05-05 09:00:00,14649.842103788715
MISO,2026-05-05 10:00:00,14250.831082266208
MISO,2026-05-05 11:00:00,13384.475496641162
MISO,2026-05-05 12:00:00,11011.284484510159
MISO,2026-05-05 13:00:00,8730.195516410648
MISO,2026-05-05 14:00:00,6889.609983307082
MISO,2026-05-05 15:00:00,6905.637162664895
MISO,2026-05-05 16:00:00,7732.870865886798
MISO,2026-05-05 17:00:00,9260.581995233782
MISO,2026-05-05 18:00:00,12081.478684502978
MISO,2026-05-05 19:00:00,13890.879810806466
MISO,2026-05-05 20:00:00,14946.150201563623
MISO,2026-05-05 21:00:00,15942.903064174117
MISO,2026-05-05 22:00:00,15790.117171196456
MISO,2026-05-05 23:00:00,15425.15516098318
MISO,2026-05-06 00:00:00,14242.912237916857
MISO,2026-05-06 01:00:00,11852.67556301329
MISO,2026-05-06 02:00:00,10633.24171456497
MISO,2026-05-06 03:00:00,10332.07442684482
MISO,2026-05-06 04:00:00,10252.932531743192
MISO,2026-05-06 05:00:00,10243.056845583036
MISO,2026-05-06 06:00:00,11054.077960997007
MISO,2026-05-06 07:00:00,11496.697495593025
MISO,2026-05-06 08:00:00,10576.569895426128
MISO,2026-05-06 09:00:00,8757.598491431476
MISO,2026-05-06 10:00:00,7117.814330882739
MISO,2026-05-06 11:00:00,5751.722289509713
MISO,2026-05-06 12:00:00,4942.477597055798
MISO,2026-05-06 13:00:00,2754.405379081949
MISO,2026-05-06 14:00:00,2933.6868664720578
MISO,2026-05-06 15:00:00,5093.3630390567405
MISO,2026-05-06 16:00:00,8542.103489193256
MISO,2026-05-06 17:00:00,10197.55811402594
MISO,2026-05-06 18:00:00,10550.846882647014
MISO,2026-05-06 19:00:00,10846.82699367065
MISO,2026-05-06 20:00:00,11178.07085024849
MISO,2026-05-06 21:00:00,11667.615205709733
MISO,2026-05-06 22:00:00,12536.557943208447
MISO,2026-05-06 23:00:00,12395.805365785625
MISO,2026-05-07 00:00:00,11138.632737826443
MISO,2026-05-07 01:00:00,7734.182865434263
MISO,2026-05-07 02:00:00,6537.492421261639
MISO,2026-05-07 03:00:00,7193.891139949563
MISO,2026-05-07 04:00:00,6803.915025673854
MISO,2026-05-07 05:00:00,6282.634787148681
MISO,2026-05-07 06:00:00,6248.755350027481
NBSO,2026-05-05 06:00:00,5.246704014591982
NBSO,2026-05-05 07:00:00,10.713553021934112
NBSO,2026-05-05 08:00:00,4.197149723300123
NBSO,2026-05-05 09:00:00,5.425178346389841
NBSO,2026-05-05 10:00:00,6.586357810122708
NBSO,2026-05-05 11:00:00,4.039701180940093
NBSO,2026-05-05 12:00:00,1.949432146844105
NBSO,2026-05-05 13:00:00,3.691533439734047
NBSO,2026-05-05 14:00:00,13.219052267863455
NBSO,2026-05-05 15:00:00,26.701903542590347
NBSO,2026-05-05 16:00:00,35.28
NBSO,2026-05-05 17:00:00,35.28
NBSO,2026-05-05 18:00:00,35.28
NBSO,2026-05-05 19:00:00,35.28
NBSO,2026-05-05 20:00:00,35.28
NBSO,2026-05-05 21:00:00,35.28
NBSO,2026-05-05 22:00:00,35.28
NBSO,2026-05-05 23:00:00,35.28
NBSO,2026-05-06 00:00:00,35.28
NBSO,2026-05-06 01:00:00,16.33496312567177
NBSO,2026-05-06 02:00:00,32.46102207787933
NBSO,2026-05-06 03:00:00,31.651049670840358
NBSO,2026-05-06 04:00:00,35.26607816407317
NBSO,2026-05-06 05:00:00,12.114998947297478
NBSO,2026-05-06 06:00:00,6.728950159869714
NBSO,2026-05-06 07:00:00,14.253916608342802
NBSO,2026-05-06 08:00:00,8.316584789996973
NBSO,2026-05-06 09:00:00,3.767889845297361
NBSO,2026-05-06 10:00:00,5.2191534789341585
NBSO,2026-05-06 11:00:00,3.8605200404052558
NBSO,2026-05-06 12:00:00,2.5461581538707594
NBSO,2026-05-06 13:00:00,0.0
NBSO,2026-05-06 14:00:00,0.0
NBSO,2026-05-06 15:00:00,0.0
NBSO,2026-05-06 16:00:00,0.0
NBSO,2026-05-06 17:00:00,0.0
NBSO,2026-05-06 18:00:00,0.0
NBSO,2026-05-06 19:00:00,0.0
NBSO,2026-05-06 20:00:00,0.0
NBSO,2026-05-06 21:00:00,10.44713032293608
NBSO,2026-05-06 22:00:00,35.28
NBSO,2026-05-06 23:00:00,25.13216343451107
NBSO,2026-05-07 00:00:00,29.10950943234743
NBSO,2026-05-07 01:00:00,30.13844055853339
NBSO,2026-05-07 02:00:00,35.28
NBSO,2026-05-07 03:00:00,35.28
NBSO,2026-05-07 04:00:00,29.612218191917314
NBSO,2026-05-07 05:00:00,14.80983268199384
NBSO,2026-05-07 06:00:00,29.314477881812444
NEVP,2026-05-05 06:00:00,26.077969187426614
NEVP,2026-05-05 07:00:00,47.447738484801185
NEVP,2026-05-05 08:00:00,92.87884619971324
NEVP,2026-05-05 09:00:00,79.17049233701161
NEVP,2026-05-05 10:00:00,47.90116958224101
NEVP,2026-05-05 11:00:00,47.345985126888465
NEVP,2026-05-05 12:00:00,49.25551482821975
NEVP,2026-05-05 13:00:00,61.321857068798096
NEVP,2026-05-05 14:00:00,78.30739153377182
NEVP,2026-05-05 15:00:00,72.68304148156024
NEVP,2026-05-05 16:00:00,73.63355027987326
NEVP,2026-05-05 17:00:00,28.692737520182433
NEVP,2026-05-05 18:00:00,5.3162850006246565
NEVP,2026-05-05 19:00:00,0.0
NEVP,2026-05-05 20:00:00,2.995743436377812
NEVP,2026-05-05 21:00:00,65.63361710904253
NEVP,2026-05-05 22:00:00,1.9095404693585554
NEVP,2026-05-05 23:00:00,60.53264215512677
NEVP,2026-05-06 00:00:00,31.91128228390939
NEVP,2026-05-06 01:00:00,127.512
NEVP,2026-05-06 02:00:00,27.352158436898428
NEVP,2026-05-06 03:00:00,0.27771205620362027
NEVP,2026-05-06 04:00:00,6.079281625578879
NEVP,2026-05-06 05:00:00,1.2500670409124262
NEVP,2026-05-06 06:00:00,102.9271450987514
NEVP,2026-05-06 07:00:00,3.025918887396996
NEVP,2026-05-06 08:00:00,6.870924622210439
NEVP,2026-05-06 09:00:00,0.8418771269551537
NEVP,2026-05-06 10:00:00,7.493670713327589
NEVP,2026-05-06 11:00:00,63.36319587526507
NEVP,2026-05-06 12:00:00,121.00432715507849
NEVP,2026-05-06 13:00:00,92.8372237483393
NEVP,2026-05-06 14:00:00,99.04624522047236
NEVP,2026-05-06 15:00:00,104.76525261441314
NEVP,2026-05-06 16:00:00,93.53462160324052
NEVP,2026-05-06 17:00:00,103.69458593638369
NEVP,2026-05-06 18:00:00,123.15147570398945
NEVP,2026-05-06 19:00:00,96.46215011203961
NEVP,2026-05-06 20:00:00,125.91116957681021
NEVP,2026-05-06 21:00:00,121.00167454601451
NEVP,2026-05-06 22:00:00,115.86375430625262
NEVP,2026-05-06 23:00:00,119.96062146005879
NEVP,2026-05-07 00:00:00,116.19699824345943
NEVP,2026-05-07 01:00:00,104.38573903855699
NEVP,2026-05-07 02:00:00,66.54260807546139
NEVP,2026-05-07 03:00:00,29.265720052241495
NEVP,2026-05-07 04:00:00,27.435399886723715
NEVP,2026-05-07 05:00:00,10.264487820190869
NEVP,2026-05-07 06:00:00,1.3062471788532861
NWMT,2026-05-05 06:00:00,321.1723260345264
NWMT,2026-05-05 07:00:00,273.0888622429755
NWMT,2026-05-05 08:00:00,155.12213064451723
NWMT,2026-05-05 09:00:00,80.67459962482398
NWMT,2026-05-05 10:00:00,78.36454982998302
NWMT,2026-05-05 11:00:00,108.22317224177995
NWMT,2026-05-05 12:00:00,115.12560030332828
NWMT,2026-05-05 13:00:00,101.96467182704
NWMT,2026-05-05 14:00:00,146.19744217860767
NWMT,2026-05-05 15:00:00,335.700155366194
NWMT,2026-05-05 16:00:00,475.02003618693357
NWMT,2026-05-05 17:00:00,547.2237683668428
NWMT,2026-05-05 18:00:00,577.9275064620147
NWMT,2026-05-05 19:00:00,639.1595681631964
NWMT,2026-05-05 20:00:00,637.646692495372
NWMT,2026-05-05 21:00:00,615.5919871381648
NWMT,2026-05-05 22:00:00,614.4890856432468
NWMT,2026-05-05 23:00:00,596.0032955956137
NWMT,2026-05-06 00:00:00,587.4529590665305
NWMT,2026-05-06 01:00:00,544.9579286422918
NWMT,2026-05-06 02:00:00,474.7024137493914
NWMT,2026-05-06 03:00:00,354.9111346055315
NWMT,2026-05-06 04:00:00,228.77317644336287
NWMT,2026-05-06 05:00:00,136.3895062277792
NWMT,2026-05-06 06:00:00,127.40963128153166
NWMT,2026-05-06 07:00:00,135.9096679388316
NWMT,2026-05-06 08:00:00,107.03860792100646
NWMT,2026-05-06 09:00:00,72.67219837162305
NWMT,2026-05-06 10:00:00,65.02001105913119
NWMT,2026-05-06 11:00:00,37.839163257860605
NWMT,2026-05-06 12:00:00,34.42509861969379
NWMT,2026-05-06 13:00:00,46.49428597494813
NWMT,2026-05-06 14:00:00,35.38027063320017
NWMT,2026-05-06 15:00:00,36.550563464913346
NWMT,2026-05-06 16:00:00,49.19533343494972
NWMT,2026-05-06 17:00:00,53.876251552056054
NWMT,2026-05-06 18:00:00,61.07475139165348
NWMT,2026-05-06 19:00:00,88.01390633500763
NWMT,2026-05-06 20:00:00,130.72449912868953
NWMT,2026-05-06 21:00:00,178.66922117853835
NWMT,2026-05-06 22:00:00,269.2324318689451
NWMT,2026-05-06 23:00:00,444.26653677795343
NWMT,2026-05-07 00:00:00,450.95505855418907
NWMT,2026-05-07 01:00:00,228.18035347171661
NWMT,2026-05-07 02:00:00,141.586080319745
NWMT,2026-05-07 03:00:00,107.71990274808124
NWMT,2026-05-07 04:00:00,152.193283208663
NWMT,2026-05-07 05:00:00,327.9620930250257
NWMT,2026-05-07 06:00:00,486.65812781744006
NYIS,2026-05-05 06:00:00,2322.904682913071
NYIS,2026-05-05 07:00:00,2189.6625228566463
NYIS,2026-05-05 08:00:00,2293.755189356663
NYIS,2026-05-05 09:00:00,2098.7950726952354
NYIS,2026-05-05 10:00:00,2149.5228300318367
NYIS,2026-05-05 11:00:00,2340.686652123014
NYIS,2026-05-05 12:00:00,2280.0211544256604
NYIS,2026-05-05 13:00:00,2322.5454600298226
NYIS,2026-05-05 14:00:00,2383.2238300448034
NYIS,2026-05-05 15:00:00,2404.154101421827
NYIS,2026-05-05 16:00:00,2402.889983368548
NYIS,2026-05-05 17:00:00,2396.0955609206044
NYIS,2026-05-05 18:00:00,2380.9677792215875
NYIS,2026-05-05 19:00:00,2388.671965155384
NYIS,2026-05-05 20:00:00,2367.58368739096
NYIS,2026-05-05 21:00:00,2137.843122566179
NYIS,2026-05-05 22:00:00,2081.1731946583495
NYIS,2026-05-05 23:00:00,1705.0350493480998
NYIS,2026-05-06 00:00:00,1095.263874467139
NYIS,2026-05-06 01:00:00,1144.031861114676
NYIS,2026-05-06 02:00:00,945.296775305237
NYIS,2026-05-06 03:00:00,652.7001183838431
NYIS,2026-05-06 04:00:00,648.6853060895493
NYIS,2026-05-06 05:00:00,523.1701713917604
NYIS,2026-05-06 06:00:00,396.9663851925318
NYIS,2026-05-06 07:00:00,412.44214210022676
NYIS,2026-05-06 08:00:00,293.71004727911554
NYIS,2026-05-06 09:00:00,287.0701569679204
NYIS,2026-05-06 10:00:00,282.1322696301264
NYIS,2026-05-06 11:00:00,309.79770254293965
NYIS,2026-05-06 12:00:00,362.058583673374
NYIS,2026-05-06 13:00:00,328.4363200566974
NYIS,2026-05-06 14:00:00,397.2206903683773
NYIS,2026-05-06 15:00:00,472.8155892805754
NYIS,2026-05-06 16:00:00,472.956962959181
NYIS,2026-05-06 17:00:00,516.5972922856843
NYIS,2026-05-06 18:00:00,606.4553957950636
NYIS,2026-05-06 19:00:00,504.153984484996
NYIS,2026-05-06 20:00:00,473.14588642450815
NYIS,2026-05-06 21:00:00,501.97295919102834
NYIS,2026-05-06 22:00:00,446.85917902946034
NYIS,2026-05-06 23:00:00,413.99115344779625
NYIS,2026-05-07 00:00:00,294.70056130797184
NYIS,2026-05-07 01:00:00,506.5110618435844
NYIS,2026-05-07 02:00:00,810.5613879519726
NYIS,2026-05-07 03:00:00,906.2572310686351
NYIS,2026-05-07 04:00:00,919.1650894052989
NYIS,2026-05-07 05:00:00,759.0883070343634
NYIS,2026-05-07 06:00:00,839.7413321974701
PACE,2026-05-05 06:00:00,631.6915606182159
PACE,2026-05-05 07:00:00,680.978529453006
PACE,2026-05-05 08:00:00,422.7684896068025
PACE,2026-05-05 09:00:00,438.63948110475025
PACE,2026-05-05 10:00:00,573.4615136592445
PACE,2026-05-05 11:00:00,532.8122351907703
PACE,2026-05-05 12:00:00,452.34372623083715
PACE,2026-05-05 13:00:00,384.3441433890789
PACE,2026-05-05 14:00:00,307.1497571453574
PACE,2026-05-05 15:00:00,417.2359460356011
PACE,2026-05-05 16:00:00,565.8616366904412
PACE,2026-05-05 17:00:00,845.6775049047994
PACE,2026-05-05 18:00:00,875.0502001160656
PACE,2026-05-05 19:00:00,892.2899162569031
PACE,2026-05-05 20:00:00,992.6132429960178
PACE,2026-05-05 21:00:00,862.1043952501499
PACE,2026-05-05 22:00:00,1088.3384990529973
PACE,2026-05-05 23:00:00,1217.9543965640025
PACE,2026-05-06 00:00:00,1553.8491140078222
PACE,2026-05-06 01:00:00,1593.687758932993
PACE,2026-05-06 02:00:00,1491.4586180472554
PACE,2026-05-06 03:00:00,1396.6314616136765
PACE,2026-05-06 04:00:00,1435.4503517850424
PACE,2026-05-06 05:00:00,1692.6430073592796
PACE,2026-05-06 06:00:00,1406.9531769687803
PACE,2026-05-06 07:00:00,1176.3967564828338
PACE,2026-05-06 08:00:00,766.0834141164527
PACE,2026-05-06 09:00:00,849.7289811735574
PACE,2026-05-06 10:00:00,663.349357804458
PACE,2026-05-06 11:00:00,455.8394390635618
PACE,2026-05-06 12:00:00,301.7645193628923
PACE,2026-05-06 13:00:00,288.56288886185627
PACE,2026-05-06 14:00:00,169.52603050870684
PACE,2026-05-06 15:00:00,241.10067474130196
PACE,2026-05-06 16:00:00,298.35227407591645
PACE,2026-05-06 17:00:00,197.08323771861544
PACE,2026-05-06 18:00:00,134.52732745583222
PACE,2026-05-06 19:00:00,118.99595384903895
PACE,2026-05-06 20:00:00,140.7086930923147
PACE,2026-05-06 21:00:00,143.2930664516554
PACE,2026-05-06 22:00:00,202.6101882327249
PACE,2026-05-06 23:00:00,343.17607982948164
PACE,2026-05-07 00:00:00,362.56928090819406
PACE,2026-05-07 01:00:00,464.6836272619602
PACE,2026-05-07 02:00:00,456.4513387421664
PACE,2026-05-07 03:00:00,929.186879889288
PACE,2026-05-07 04:00:00,1375.6523985759418
PACE,2026-05-07 05:00:00,1856.6918650404061
PACE,2026-05-07 06:00:00,2361.495705858117
PACW,2026-05-05 06:00:00,109.69316279079948
PACW,2026-05-05 07:00:00,144.27587735075025
PACW,2026-05-05 08:00:00,214.15092749519056
PACW,2026-05-05 09:00:00,179.8659513484256
PACW,2026-05-05 10:00:00,184.21472014951357
PACW,2026-05-05 11:00:00,175.45753730872678
PACW,2026-05-05 12:00:00,141.1671122527015
PACW,2026-05-05 13:00:00,142.8946189713391
PACW,2026-05-05 14:00:00,115.1575799731202
PACW,2026-05-05 15:00:00,59.5874676491888
PACW,2026-05-05 16:00:00,18.448380673154308
PACW,2026-05-05 17:00:00,4.00636799647217
PACW,2026-05-05 18:00:00,12.271898099096541
PACW,2026-05-05 19:00:00,23.689703617585483
PACW,2026-05-05 20:00:00,34.62908319464646
PACW,2026-05-05 21:00:00,42.34852695395403
PACW,2026-05-05 22:00:00,51.09899419628376
PACW,2026-05-05 23:00:00,92.45682077627228
PACW,2026-05-06 00:00:00,76.52646381735894
PACW,2026-05-06 01:00:00,56.66569025937166
PACW,2026-05-06 02:00:00,32.27066878412685
PACW,2026-05-06 03:00:00,36.475390330359666
PACW,2026-05-06 04:00:00,39.78738350948914
PACW,2026-05-06 05:00:00,41.80950596592148
PACW,2026-05-06 06:00:00,57.75927045251865
PACW,2026-05-06 07:00:00,102.6008697698199
PACW,2026-05-06 08:00:00,102.65918887717956
PACW,2026-05-06 09:00:00,113.06725882665218
PACW,2026-05-06 10:00:00,141.9266181207276
PACW,2026-05-06 11:00:00,155.69374180826273
PACW,2026-05-06 12:00:00,169.70227061801916
PACW,2026-05-06 13:00:00,180.89760135101227
PACW,2026-05-06 14:00:00,160.92669519403518
PACW,2026-05-06 15:00:00,114.0512055790207
PACW,2026-05-06 16:00:00,46.75792827147562
PACW,2026-05-06 17:00:00,18.464123192169016
PACW,2026-05-06 18:00:00,12.380663027802703
PACW,2026-05-06 19:00:00,15.18317786535081
PACW,2026-05-06 20:00:00,11.149134065591216
PACW,2026-05-06 21:00:00,7.706557608433827
PACW,2026-05-06 22:00:00,18.660709946341203
PACW,2026-05-06 23:00:00,41.812301879522046
PACW,2026-05-07 00:00:00,56.698002312835584
PACW,2026-05-07 01:00:00,78.55057814640992
PACW,2026-05-07 02:00:00,75.96431280483482
PACW,2026-05-07 03:00:00,104.95178691427371
PACW,2026-05-07 04:00:00,244.1215380372059
PACW,2026-05-07 05:00:00,316.24015639378285
PACW,2026-05-07 06:00:00,378.3059398602279
PGE,2026-05-05 06:00:00,432.2017211829963
PGE,2026-05-05 07:00:00,414.0351433865333
PGE,2026-05-05 08:00:00,369.237316526781
PGE,2026-05-05 09:00:00,371.97565526763117
PGE,2026-05-05 10:00:00,377.3798020481175
PGE,2026-05-05 11:00:00,369.253806037005
PGE,2026-05-05 12:00:00,367.35153504896834
PGE,2026-05-05 13:00:00,361.1364728576289
PGE,2026-05-05 14:00:00,347.53642007173534
PGE,2026-05-05 15:00:00,273.0716706226775
PGE,2026-05-05 16:00:00,184.72101661237096
PGE,2026-05-05 17:00:00,96.11673932050763
PGE,2026-05-05 18:00:00,59.93727298615331
PGE,2026-05-05 19:00:00,59.866426011963355
PGE,2026-05-05 20:00:00,58.657459110740774
PGE,2026-05-05 21:00:00,67.0483629947206
PGE,2026-05-05 22:00:00,128.48771398133334
PGE,2026-05-05 23:00:00,176.49397113448276
PGE,2026-05-06 00:00:00,171.57241007727424
PGE,2026-05-06 01:00:00,196.95806342599943
PGE,2026-05-06 02:00:00,255.68405091988842
PGE,2026-05-06 03:00:00,365.3142309175384
PGE,2026-05-06 04:00:00,397.34882804894175
PGE,2026-05-06 05:00:00,419.82087253082784
PGE,2026-05-06 06:00:00,386.70397687847617
PGE,2026-05-06 07:00:00,333.29897364615834
PGE,2026-05-06 08:00:00,353.55387792802486
PGE,2026-05-06 09:00:00,357.48026323693
PGE,2026-05-06 10:00:00,350.8672400746207
PGE,2026-05-06 11:00:00,358.73848269452674
PGE,2026-05-06 12:00:00,366.4727571329291
PGE,2026-05-06 13:00:00,363.7429126942923
PGE,2026-05-06 14:00:00,321.00455041162877
PGE,2026-05-06 15:00:00,254.7250067675442
PGE,2026-05-06 16:00:00,197.28459611665247
PGE,2026-05-06 17:00:00,149.28920283821984
PGE,2026-05-06 18:00:00,103.22487477727657
PGE,2026-05-06 19:00:00,63.200313154382364
PGE,2026-05-06 20:00:00,77.04888740225513
PGE,2026-05-06 21:00:00,99.92115761363586
PGE,2026-05-06 22:00:00,223.1404254097425
PGE,2026-05-06 23:00:00,354.1823103980044
PGE,2026-05-07 00:00:00,391.92529644514093
PGE,2026-05-07 01:00:00,390.8365307719544
PGE,2026-05-07 02:00:00,382.96057963121814
PGE,2026-05-07 03:00:00,400.95006962085466
PGE,2026-05-07 04:00:00,445.55631629485066
PGE,2026-05-07 05:00:00,553.2163038933576
PGE,2026-05-07 06:00:00,600.5623703037295
PJM,2026-05-05 06:00:00,5582.244202448897
PJM,2026-05-05 07:00:00,6383.391299047429
PJM,2026-05-05 08:00:00,7132.0787548011685
PJM,2026-05-05 09:00:00,7883.069169833181
PJM,2026-05-05 10:00:00,7418.909610929683
PJM,2026-05-05 11:00:00,6480.208119707751
PJM,2026-05-05 12:00:00,5715.807554973827
PJM,2026-05-05 13:00:00,5518.404875253047
PJM,2026-05-05 14:00:00,4627.348572227724
PJM,2026-05-05 15:00:00,4445.51551275781
PJM,2026-05-05 16:00:00,3597.5890285762634
PJM,2026-05-05 17:00:00,2930.1019476496995
PJM,2026-05-05 18:00:00,2734.236479397051
PJM,2026-05-05 19:00:00,2905.199259393966
PJM,2026-05-05 20:00:00,3036.218657799018
PJM,2026-05-05 21:00:00,2958.5853484269696
PJM,2026-05-05 22:00:00,2647.410692230609
PJM,2026-05-05 23:00:00,2094.3981989330996
PJM,2026-05-06 00:00:00,2228.565611527008
PJM,2026-05-06 01:00:00,2484.5685766904253
PJM,2026-05-06 02:00:00,2968.9507414138866
PJM,2026-05-06 03:00:00,3314.856860363576
PJM,2026-05-06 04:00:00,3815.4784047481257
PJM,2026-05-06 05:00:00,4096.707218237087
PJM,2026-05-06 06:00:00,4418.062970983622
PJM,2026-05-06 07:00:00,4787.3215278955195
PJM,2026-05-06 08:00:00,4485.625499350242
PJM,2026-05-06 09:00:00,4274.698900457179
PJM,2026-05-06 10:00:00,3913.0944645665336
PJM,2026-05-06 11:00:00,3806.685852767466
PJM,2026-05-06 12:00:00,2941.6648605275204
PJM,2026-05-06 13:00:00,2207.5938486485206
PJM,2026-05-06 14:00:00,1993.910422814328
PJM,2026-05-06 15:00:00,2529.6359887917783
PJM,2026-05-06 16:00:00,3442.018000741039
PJM,2026-05-06 17:00:00,3738.9533410422855
PJM,2026-05-06 18:00:00,4026.4931546536086
PJM,2026-05-06 19:00:00,4372.881612021158
PJM,2026-05-06 20:00:00,4440.285308064604
PJM,2026-05-06 21:00:00,4784.233362796591
PJM,2026-05-06 22:00:00,5245.436942625118
PJM,2026-05-06 23:00:00,5378.630573043381
PJM,2026-05-07 00:00:00,4968.082323152445
PJM,2026-05-07 01:00:00,4620.601693395723
PJM,2026-05-07 02:00:00,4898.488618022116
PJM,2026-05-07 03:00:00,4874.0235069876435
PJM,2026-05-07 04:00:00,4386.214922663825
PJM,2026-05-07 05:00:00,3505.3720825199753
PJM,2026-05-07 06:00:00,3094.944758925252
PNM,2026-05-05 06:00:00,2158.4754922333686
PNM,2026-05-05 07:00:00,2157.887813799153
PNM,2026-05-05 08:00:00,2135.236792423841
PNM,2026-05-05 09:00:00,2081.095338721205
PNM,2026-05-05 10:00:00,1799.821315546943
PNM,2026-05-05 11:00:00,1524.4871226472821
PNM,2026-05-05 12:00:00,1393.2749157196101
PNM,2026-05-05 13:00:00,1750.226655917514
PNM,2026-05-05 14:00:00,1604.6449965477623
PNM,2026-05-05 15:00:00,1702.7578348385177
PNM,2026-05-05 16:00:00,1568.8236702920337
PNM,2026-05-05 17:00:00,1790.7021243598151
PNM,2026-05-05 18:00:00,1856.3913488690916
PNM,2026-05-05 19:00:00,2069.5772981202945
PNM,2026-05-05 20:00:00,2075.1710388693436
PNM,2026-05-05 21:00:00,2097.938793837011
PNM,2026-05-05 22:00:00,2099.7905201928024
PNM,2026-05-05 23:00:00,2159.277170826847
PNM,2026-05-06 00:00:00,2157.465127200787
PNM,2026-05-06 01:00:00,2079.368992932585
PNM,2026-05-06 02:00:00,1989.409413684856
PNM,2026-05-06 03:00:00,1982.4486581610422
PNM,2026-05-06 04:00:00,1812.1979395423134
PNM,2026-05-06 05:00:00,1887.4616473468009
PNM,2026-05-06 06:00:00,1804.033201122026
PNM,2026-05-06 07:00:00,1679.5324715361523
PNM,2026-05-06 08:00:00,1481.8487564019244
PNM,2026-05-06 09:00:00,1496.9392783300516
PNM,2026-05-06 10:00:00,1652.5909248980815
PNM,2026-05-06 11:00:00,1823.705922140049
PNM,2026-05-06 12:00:00,1873.963263760581
PNM,2026-05-06 13:00:00,1971.535437714493
PNM,2026-05-06 14:00:00,2061.452828838827
PNM,2026-05-06 15:00:00,2115.6319677477654
PNM,2026-05-06 16:00:00,2045.4202526811887
PNM,2026-05-06 17:00:00,1813.9854492239972
PNM,2026-05-06 18:00:00,1708.09383992501
PNM,2026-05-06 19:00:00,1791.6824878484936
PNM,2026-05-06 20:00:00,1974.4897089787466
PNM,2026-05-06 21:00:00,2046.8489154481185
PNM,2026-05-06 22:00:00,1921.162661327304
PNM,2026-05-06 23:00:00,1941.7110992270807
PNM,2026-05-07 00:00:00,2011.2840959136267
PNM,2026-05-07 01:00:00,1796.510576721413
PNM,2026-05-07 02:00:00,1752.5164791487732
PNM,2026-05-07 03:00:00,1862.5556860051809
PNM,2026-05-07 04:00:00,1956.5715664857617
PNM,2026-05-07 05:00:00,1761.0153054356883
PNM,2026-05-07 06:00:00,1849.5600954230695
PSCO,2026-05-05 06:00:00,2419.075195158345
PSCO,2026-05-05 07:00:00,2166.9813471403095
PSCO,2026-05-05 08:00:00,1358.023661401063
PSCO,2026-05-05 09:00:00,1399.5189404346963
PSCO,2026-05-05 10:00:00,1457.4960151737487
PSCO,2026-05-05 11:00:00,1095.646748108612
PSCO,2026-05-05 12:00:00,1100.0721833840698
PSCO,2026-05-05 13:00:00,1172.6246977063897
PSCO,2026-05-05 14:00:00,910.2804085487527
PSCO,2026-05-05 15:00:00,929.2327109816188
PSCO,2026-05-05 16:00:00,1074.247970493907
PSCO,2026-05-05 17:00:00,1235.9932290932793
PSCO,2026-05-05 18:00:00,1502.834646709572
PSCO,2026-05-05 19:00:00,1651.4703175243685
PSCO,2026-05-05 20:00:00,1668.5162859876084
PSCO,2026-05-05 21:00:00,1745.466464342317
PSCO,2026-05-05 22:00:00,1837.3879594545251
PSCO,2026-05-05 23:00:00,1670.7636447234877
PSCO,2026-05-06 00:00:00,1904.8391995145594
PSCO,2026-05-06 01:00:00,1837.7636185696197
PSCO,2026-05-06 02:00:00,1687.6979309314288
PSCO,2026-05-06 03:00:00,1522.5381626762553
PSCO,2026-05-06 04:00:00,1214.8262946290256
PSCO,2026-05-06 05:00:00,1105.3469592683264
PSCO,2026-05-06 06:00:00,1254.4883733933896
PSCO,2026-05-06 07:00:00,1185.4629142777408
PSCO,2026-05-06 08:00:00,1259.6216416657528
PSCO,2026-05-06 09:00:00,1121.0212652437065
PSCO,2026-05-06 10:00:00,1036.7049285686694
PSCO,2026-05-06 11:00:00,1181.6174332301496
PSCO,2026-05-06 12:00:00,1279.161048629586
PSCO,2026-05-06 13:00:00,1390.7602413923335
PSCO,2026-05-06 14:00:00,1316.9944554682663
PSCO,2026-05-06 15:00:00,1108.289817407719
PSCO,2026-05-06 16:00:00,1160.3761561514675
PSCO,2026-05-06 17:00:00,1174.106377623945
PSCO,2026-05-06 18:00:00,964.7322704035363
PSCO,2026-05-06 19:00:00,863.8862019649479
PSCO,2026-05-06 20:00:00,716.7875038765388
PSCO,2026-05-06 21:00:00,631.9465849955294
PSCO,2026-05-06 22:00:00,427.69779602523914
PSCO,2026-05-06 23:00:00,141.40012102523022
PSCO,2026-05-07 00:00:00,105.55044040531129
PSCO,2026-05-07 01:00:00,9.914382179212987
PSCO,2026-05-07 02:00:00,63.89540428328606
PSCO,2026-05-07 03:00:00,386.9058883778921
PSCO,2026-05-07 04:00:00,699.0896730775399
PSCO,2026-05-07 05:00:00,1105.903797010322
PSCO,2026-05-07 06:00:00,1445.5904343522614
PSEI,2026-05-05 06:00:00,266.4711505917383
PSEI,2026-05-05 07:00:00,248.82589250236012
PSEI,2026-05-05 08:00:00,348.1759918706953
PSEI,2026-05-05 09:00:00,345.3985292087863
PSEI,2026-05-05 10:00:00,352.1530595986439
PSEI,2026-05-05 11:00:00,365.4410682729988
PSEI,2026-05-05 12:00:00,318.39830540330485
PSEI,2026-05-05 13:00:00,243.80921821406045
PSEI,2026-05-05 14:00:00,204.7400730582199
PSEI,2026-05-05 15:00:00,173.27167218843468
PSEI,2026-05-05 16:00:00,227.9151762533272
PSEI,2026-05-05 17:00:00,287.03623572412863
PSEI,2026-05-05 18:00:00,259.9207289534102
PSEI,2026-05-05 19:00:00,225.1998034969769
PSEI,2026-05-05 20:00:00,212.46724894577463
PSEI,2026-05-05 21:00:00,165.70535213934497
PSEI,2026-05-05 22:00:00,153.5473672173091
PSEI,2026-05-05 23:00:00,140.64181730090536
PSEI,2026-05-06 00:00:00,147.11195146151118
PSEI,2026-05-06 01:00:00,175.04264795932497
PSEI,2026-05-06 02:00:00,174.4685289904872
PSEI,2026-05-06 03:00:00,159.20377813187903
PSEI,2026-05-06 04:00:00,175.2492521024096
PSEI,2026-05-06 05:00:00,186.30922872431938
PSEI,2026-05-06 06:00:00,226.95011086438043
PSEI,2026-05-06 07:00:00,249.56926059551824
PSEI,2026-05-06 08:00:00,226.59288423263638
PSEI,2026-05-06 09:00:00,198.64516576793918
PSEI,2026-05-06 10:00:00,161.60342206196276
PSEI,2026-05-06 11:00:00,155.42484176105262
PSEI,2026-05-06 12:00:00,125.30973868512734
PSEI,2026-05-06 13:00:00,99.44344315567521
PSEI,2026-05-06 14:00:00,41.322534471844534
PSEI,2026-05-06 15:00:00,32.51179242683137
PSEI,2026-05-06 16:00:00,40.47773920783322
PSEI,2026-05-06 17:00:00,33.8097613757958
PSEI,2026-05-06 18:00:00,32.88572794264154
PSEI,2026-05-06 19:00:00,41.93735552621924
PSEI,2026-05-06 20:00:00,50.10836319826459
PSEI,2026-05-06 21:00:00,75.34299233885055
PSEI,2026-05-06 22:00:00,150.30210122805235
PSEI,2026-05-06 23:00:00,196.29902192123544
PSEI,2026-05-07 00:00:00,281.9880729284833
PSEI,2026-05-07 01:00:00,307.28714100580294
PSEI,2026-05-07 02:00:00,299.2322748882333
PSEI,2026-05-07 03:00:00,300.03128926211764
PSEI,2026-05-07 04:00:00,294.8333192463511
PSEI,2026-05-07 05:00:00,323.86011220351463
PSEI,2026-05-07 06:00:00,410.14043393279195
SPA,2026-05-05 06:00:00,328.94925446031124
SPA,2026-05-05 07:00:00,345.328173315606
SPA,2026-05-05 08:00:00,196.84177359029152
SPA,2026-05-05 09:00:00,258.84237523544545
SPA,2026-05-05 10:00:00,407.76601328233915
SPA,2026-05-05 11:00:00,418.87546720977144
SPA,2026-05-05 12:00:00,416.74649927105037
SPA,2026-05-05 13:00:00,418.990133966138
SPA,2026-05-05 14:00:00,418.9888388380832
SPA,2026-05-05 15:00:00,418.992
SPA,2026-05-05 16:00:00,418.992
SPA,2026-05-05 17:00:00,418.992
SPA,2026-05-05 18:00:00,418.992
SPA,2026-05-05 19:00:00,418.992
SPA,2026-05-05 20:00:00,418.992
SPA,2026-05-05 21:00:00,418.83908743952213
SPA,2026-05-05 22:00:00,375.16164771335315
SPA,2026-05-05 23:00:00,367.47543068470145
SPA,2026-05-06 00:00:00,397.15709827590945
SPA,2026-05-06 01:00:00,285.8720355806395
SPA,2026-05-06 02:00:00,166.54238267801912
SPA,2026-05-06 03:00:00,192.70718219669797
SPA,2026-05-06 04:00:00,233.39736087515948
SPA,2026-05-06 05:00:00,172.0109934824567
SPA,2026-05-06 06:00:00,133.0598174744359
SPA,2026-05-06 07:00:00,69.93136353353562
SPA,2026-05-06 08:00:00,108.00353066409743
SPA,2026-05-06 09:00:00,118.70496577270657
SPA,2026-05-06 10:00:00,123.14319351166085
SPA,2026-05-06 11:00:00,253.57206304590036
SPA,2026-05-06 12:00:00,388.5093063585995
SPA,2026-05-06 13:00:00,418.8698798065267
SPA,2026-05-06 14:00:00,418.65104636504435
SPA,2026-05-06 15:00:00,418.0620838397575
SPA,2026-05-06 16:00:00,418.6909073079981
SPA,2026-05-06 17:00:00,418.60916735640467
SPA,2026-05-06 18:00:00,417.2691974480742
SPA,2026-05-06 19:00:00,411.26112732072227
SPA,2026-05-06 20:00:00,363.35918533559243
SPA,2026-05-06 21:00:00,321.1172413426377
SPA,2026-05-06 22:00:00,251.15179765918282
SPA,2026-05-06 23:00:00,173.21171652452003
SPA,2026-05-07 00:00:00,172.59123159952267
SPA,2026-05-07 01:00:00,161.2300540563828
SPA,2026-05-07 02:00:00,154.99995253577538
SPA,2026-05-07 03:00:00,144.48169896952564
SPA,2026-05-07 04:00:00,213.1651387486869
SPA,2026-05-07 05:00:00,177.5926638477097
SPA,2026-05-07 06:00:00,100.73382711990905
SRP,2026-05-05 06:00:00,167.50327687093784
SRP,2026-05-05 07:00:00,150.2315425455545
SRP,2026-05-05 08:00:00,71.74250395315875
SRP,2026-05-05 09:00:00,48.91133197263235
SRP,2026-05-05 10:00:00,31.76217307787421
SRP,2026-05-05 11:00:00,19.85003215689078
SRP,2026-05-05 12:00:00,3.2408558353810033
SRP,2026-05-05 13:00:00,1.7347868793256465
SRP,2026-05-05 14:00:00,0.15773818188904393
SRP,2026-05-05 15:00:00,13.150902737138848
SRP,2026-05-05 16:00:00,42.50017553363522
SRP,2026-05-05 17:00:00,84.88117306288588
SRP,2026-05-05 18:00:00,89.22636768949647
SRP,2026-05-05 19:00:00,171.85065984668594
SRP,2026-05-05 20:00:00,126.80433880444875
SRP,2026-05-05 21:00:00,189.38024055794654
SRP,2026-05-05 22:00:00,187.933349048718
SRP,2026-05-05 23:00:00,184.81508522890087
SRP,2026-05-06 00:00:00,187.5018778596956
SRP,2026-05-06 01:00:00,143.7592482771147
SRP,2026-05-06 02:00:00,173.40685559670752
SRP,2026-05-06 03:00:00,138.70250149318264
SRP,2026-05-06 04:00:00,150.3958530259999
SRP,2026-05-06 05:00:00,97.29239048157947
SRP,2026-05-06 06:00:00,96.35968921557914
SRP,2026-05-06 07:00:00,131.81734235922687
SRP,2026-05-06 08:00:00,131.23769150818427
SRP,2026-05-06 09:00:00,106.59385667565114
SRP,2026-05-06 10:00:00,119.49188604118008
SRP,2026-05-06 11:00:00,150.09584388231033
SRP,2026-05-06 12:00:00,155.96534850418956
SRP,2026-05-06 13:00:00,146.80620624773195
SRP,2026-05-06 14:00:00,124.93689484166664
SRP,2026-05-06 15:00:00,113.72682062447245
SRP,2026-05-06 16:00:00,121.86443626826771
SRP,2026-05-06 17:00:00,124.27820241565703
SRP,2026-05-06 18:00:00,102.38358272459496
SRP,2026-05-06 19:00:00,114.81797841093021
SRP,2026-05-06 20:00:00,135.01806141680868
SRP,2026-05-06 21:00:00,163.7060870347216
SRP,2026-05-06 22:00:00,167.08891433143367
SRP,2026-05-06 23:00:00,143.11353757855898
SRP,2026-05-07 00:00:00,155.2780827298971
SRP,2026-05-07 01:00:00,130.56567088402832
SRP,2026-05-07 02:00:00,88.09563783518266
SRP,2026-05-07 03:00:00,81.00231774180995
SRP,2026-05-07 04:00:00,69.14255400025384
SRP,2026-05-07 05:00:00,91.62092557968624
SRP,2026-05-07 06:00:00,87.8516594158932
SWPP,2026-05-05 06:00:00,22483.840796193166
SWPP,2026-05-05 07:00:00,23324.57141965786
SWPP,2026-05-05 08:00:00,23865.714029892148
SWPP,2026-05-05 09:00:00,22989.420566720564
SWPP,2026-05-05 10:00:00,23055.480999967247
SWPP,2026-05-05 11:00:00,23298.04312605754
SWPP,2026-05-05 12:00:00,22135.928722027104
SWPP,2026-05-05 13:00:00,21422.24472407674
SWPP,2026-05-05 14:00:00,21394.75873508127
SWPP,2026-05-05 15:00:00,20963.688508556243
SWPP,2026-05-05 16:00:00,20694.91427249138
SWPP,2026-05-05 17:00:00,20379.86141523205
SWPP,2026-05-05 18:00:00,19935.69217249406
SWPP,2026-05-05 19:00:00,19703.938281203715
SWPP,2026-05-05 20:00:00,19628.430053111195
SWPP,2026-05-05 21:00:00,18166.999472356947
SWPP,2026-05-05 22:00:00,17004.516970689518
SWPP,2026-05-05 23:00:00,16886.352205437062
SWPP,2026-05-06 00:00:00,17127.14044848573
SWPP,2026-05-06 01:00:00,17293.485679144018
SWPP,2026-05-06 02:00:00,17481.492106729012
SWPP,2026-05-06 03:00:00,17431.10426919781
SWPP,2026-05-06 04:00:00,16629.199871282428
SWPP,2026-05-06 05:00:00,15564.176714111072
SWPP,2026-05-06 06:00:00,12366.677436365946
SWPP,2026-05-06 07:00:00,11145.509187733049
SWPP,2026-05-06 08:00:00,11905.601637262069
SWPP,2026-05-06 09:00:00,12073.035492756098
SWPP,2026-05-06 10:00:00,13183.951529906466
SWPP,2026-05-06 11:00:00,13890.288368673575
SWPP,2026-05-06 12:00:00,14888.370732197503
SWPP,2026-05-06 13:00:00,15203.459929495992
SWPP,2026-05-06 14:00:00,15390.500309599744
SWPP,2026-05-06 15:00:00,15977.510870505677
SWPP,2026-05-06 16:00:00,16486.012842027914
SWPP,2026-05-06 17:00:00,16823.66138374949
SWPP,2026-05-06 18:00:00,16618.418786864695
SWPP,2026-05-06 19:00:00,16380.48534570621
SWPP,2026-05-06 20:00:00,15066.209648778304
SWPP,2026-05-06 21:00:00,13831.250814971205
SWPP,2026-05-06 22:00:00,13184.614075104231
SWPP,2026-05-06 23:00:00,13141.885039773848
SWPP,2026-05-07 00:00:00,13563.49540851257
SWPP,2026-05-07 01:00:00,11989.386812150804
SWPP,2026-05-07 02:00:00,12200.519990990468
SWPP,2026-05-07 03:00:00,12679.789212885518
SWPP,2026-05-07 04:00:00,13499.485063173715
SWPP,2026-05-07 05:00:00,12952.033447869791
SWPP,2026-05-07 06:00:00,12923.004258344015
TEPC,2026-05-05 06:00:00,311.9836473944155
TEPC,2026-05-05 07:00:00,275.113899173165
TEPC,2026-05-05 08:00:00,243.17829183189238
TEPC,2026-05-05 09:00:00,210.921787395126
TEPC,2026-05-05 10:00:00,248.64708162532227
TEPC,2026-05-05 11:00:00,264.14288658065993
TEPC,2026-05-05 12:00:00,207.5975679031566
TEPC,2026-05-05 13:00:00,128.67480167435167
TEPC,2026-05-05 14:00:00,73.39007509224767
TEPC,2026-05-05 15:00:00,103.57994433918374
TEPC,2026-05-05 16:00:00,117.90800394702302
TEPC,2026-05-05 17:00:00,188.42830258517992
TEPC,2026-05-05 18:00:00,254.17917210902442
TEPC,2026-05-05 19:00:00,314.3170148920834
TEPC,2026-05-05 20:00:00,316.8387213938423
TEPC,2026-05-05 21:00:00,316.1670398543507
TEPC,2026-05-05 22:00:00,316.8438
TEPC,2026-05-05 23:00:00,316.8438
TEPC,2026-05-06 00:00:00,316.8438
TEPC,2026-05-06 01:00:00,316.66739706801775
TEPC,2026-05-06 02:00:00,290.3996556505359
TEPC,2026-05-06 03:00:00,300.50075890711315
TEPC,2026-05-06 04:00:00,286.39051021536244
TEPC,2026-05-06 05:00:00,279.41635016846834
TEPC,2026-05-06 06:00:00,307.01523296834256
TEPC,2026-05-06 07:00:00,291.2264297466398
TEPC,2026-05-06 08:00:00,253.6363549459499
TEPC,2026-05-06 09:00:00,225.90992474428177
TEPC,2026-05-06 10:00:00,230.8284629613949
TEPC,2026-05-06 11:00:00,248.59694440652262
TEPC,2026-05-06 12:00:00,228.4339425278843
TEPC,2026-05-06 13:00:00,217.52578360108433
TEPC,2026-05-06 14:00:00,223.69245441183082
TEPC,2026-05-06 15:00:00,255.18724419057028
TEPC,2026-05-06 16:00:00,229.42348921317767
TEPC,2026-05-06 17:00:00,203.7869942245249
TEPC,2026-05-06 18:00:00,208.85668525117612
TEPC,2026-05-06 19:00:00,223.92464223325354
TEPC,2026-05-06 20:00:00,276.45432751324387
TEPC,2026-05-06 21:00:00,290.2507972267896
TEPC,2026-05-06 22:00:00,294.66353093541005
TEPC,2026-05-06 23:00:00,293.4116210458932
TEPC,2026-05-07 00:00:00,309.7149020043329
TEPC,2026-05-07 01:00:00,302.2372348197917
TEPC,2026-05-07 02:00:00,255.1995798125247
TEPC,2026-05-07 03:00:00,267.7464870697783
TEPC,2026-05-07 04:00:00,224.75878280405692
TEPC,2026-05-07 05:00:00,219.0670010834808
TEPC,2026-05-07 06:00:00,169.89237823692227
TVA,2026-05-05 06:00:00,13.716767009981849
TVA,2026-05-05 07:00:00,21.535842736307583
TVA,2026-05-05 08:00:00,17.304011570098066
TVA,2026-05-05 09:00:00,15.500204226722428
TVA,2026-05-05 10:00:00,15.406003627652352
TVA,2026-05-05 11:00:00,14.308879071407304
TVA,2026-05-05 12:00:00,11.03141594131125
TVA,2026-05-05 13:00:00,5.2334829985403735
TVA,2026-05-05 14:00:00,3.250986651348684
TVA,2026-05-05 15:00:00,2.8314719555739196
TVA,2026-05-05 16:00:00,2.7035294677626536
TVA,2026-05-05 17:00:00,6.732980399213092
TVA,2026-05-05 18:00:00,11.054391710519374
TVA,2026-05-05 19:00:00,11.764194364408104
TVA,2026-05-05 20:00:00,14.852985168590891
TVA,2026-05-05 21:00:00,16.66995083348527
TVA,2026-05-05 22:00:00,17.65694328208865
TVA,2026-05-05 23:00:00,18.962899650141033
TVA,2026-05-06 00:00:00,21.358688216434516
TVA,2026-05-06 01:00:00,22.68
TVA,2026-05-06 02:00:00,22.68
TVA,2026-05-06 03:00:00,22.68
TVA,2026-05-06 04:00:00,22.43414333822689
TVA,2026-05-06 05:00:00,20.727313167035096
TVA,2026-05-06 06:00:00,20.822328693863735
TVA,2026-05-06 07:00:00,22.68
TVA,2026-05-06 08:00:00,22.68
TVA,2026-05-06 09:00:00,22.52312202025851
TVA,2026-05-06 10:00:00,22.09880580469575
TVA,2026-05-06 11:00:00,22.608484120391225
TVA,2026-05-06 12:00:00,22.012063552228916
TVA,2026-05-06 13:00:00,13.54197378293491
TVA,2026-05-06 14:00:00,9.685191422354379
TVA,2026-05-06 15:00:00,8.860312626417237
TVA,2026-05-06 16:00:00,15.067272169623825
TVA,2026-05-06 17:00:00,15.355934727074144
TVA,2026-05-06 18:00:00,18.985618144564505
TVA,2026-05-06 19:00:00,1.5960132968540626
TVA,2026-05-06 20:00:00,0.42010602845543316
TVA,2026-05-06 21:00:00,2.6690406303744454
TVA,2026-05-06 22:00:00,3.883708041451476
TVA,2026-05-06 23:00:00,2.508247243458766
TVA,2026-05-07 00:00:00,1.8342622474708055
TVA,2026-05-07 01:00:00,2.5760853132963693
TVA,2026-05-07 02:00:00,0.17527618743416576
TVA,2026-05-07 03:00:00,0.0
TVA,2026-05-07 04:00:00,0.0
TVA,2026-05-07 05:00:00,0.0
TVA,2026-05-07 06:00:00,0.0
WACM,2026-05-05 06:00:00,560.3488621753378
WACM,2026-05-05 07:00:00,526.771526103301
WACM,2026-05-05 08:00:00,451.9033729691499
WACM,2026-05-05 09:00:00,415.08471387526225
WACM,2026-05-05 10:00:00,467.1186851288663
WACM,2026-05-05 11:00:00,311.5112908127908
WACM,2026-05-05 12:00:00,243.08877257933776
WACM,2026-05-05 13:00:00,292.7652190378108
WACM,2026-05-05 14:00:00,256.21454710048414
WACM,2026-05-05 15:00:00,212.40388946631987
WACM,2026-05-05 16:00:00,246.8415806437504
WACM,2026-05-05 17:00:00,218.59741563033091
WACM,2026-05-05 18:00:00,268.54404706041623
WACM,2026-05-05 19:00:00,397.64985701866055
WACM,2026-05-05 20:00:00,481.9261086431904
WACM,2026-05-05 21:00:00,479.8843310269357
WACM,2026-05-05 22:00:00,402.69941780686855
WACM,2026-05-05 23:00:00,446.00257964451686
WACM,2026-05-06 00:00:00,479.19409780651677
WACM,2026-05-06 01:00:00,485.38657009163546
WACM,2026-05-06 02:00:00,653.1379248886759
WACM,2026-05-06 03:00:00,660.2676067290673
WACM,2026-05-06 04:00:00,516.8096834908437
WACM,2026-05-06 05:00:00,561.9062926625874
WACM,2026-05-06 06:00:00,506.5027152270036
WACM,2026-05-06 07:00:00,389.32520422355105
WACM,2026-05-06 08:00:00,282.10235647848754
WACM,2026-05-06 09:00:00,303.85744298789507
WACM,2026-05-06 10:00:00,279.26798348181694
WACM,2026-05-06 11:00:00,280.3069636523612
WACM,2026-05-06 12:00:00,378.228853049025
WACM,2026-05-06 13:00:00,502.64576163778366
WACM,2026-05-06 14:00:00,500.8472373418982
WACM,2026-05-06 15:00:00,397.08939601465306
WACM,2026-05-06 16:00:00,440.3236143926327
WACM,2026-05-06 17:00:00,431.60443085912885
WACM,2026-05-06 18:00:00,347.3599514445824
WACM,2026-05-06 19:00:00,281.49622616383743
WACM,2026-05-06 20:00:00,238.10284153719573
WACM,2026-05-06 21:00:00,252.52984900860747
WACM,2026-05-06 22:00:00,261.62415788000834
WACM,2026-05-06 23:00:00,166.02138647979896
WACM,2026-05-07 00:00:00,122.1187312172186
WACM,2026-05-07 01:00:00,92.31191943119782
WACM,2026-05-07 02:00:00,152.36150060132195
WACM,2026-05-07 03:00:00,305.67594792983994
WACM,2026-05-07 04:00:00,564.5162742486132
WACM,2026-05-07 05:00:00,820.691197185873
WACM,2026-05-07 06:00:00,1029.8903861754804
WALC,2026-05-05 06:00:00,292.7616606535655
WALC,2026-05-05 07:00:00,255.0543691008465
WALC,2026-05-05 08:00:00,212.3309364378461
WALC,2026-05-05 09:00:00,223.95616897081933
WALC,2026-05-05 10:00:00,178.35502912854113
WALC,2026-05-05 11:00:00,185.54335072914694
WALC,2026-05-05 12:00:00,145.32502788117733
WALC,2026-05-05 13:00:00,143.05707372269674
WALC,2026-05-05 14:00:00,103.71902881264842
WALC,2026-05-05 15:00:00,55.299935057566195
WALC,2026-05-05 16:00:00,22.259012499906163
WALC,2026-05-05 17:00:00,36.65647312787964
WALC,2026-05-05 18:00:00,50.453035178313286
WALC,2026-05-05 19:00:00,86.18160667228041
WALC,2026-05-05 20:00:00,88.21090032189797
WALC,2026-05-05 21:00:00,103.24114930389273
WALC,2026-05-05 22:00:00,74.23139070128413
WALC,2026-05-05 23:00:00,63.47902343182601
WALC,2026-05-06 00:00:00,80.71412069381479
WALC,2026-05-06 01:00:00,63.42330342011518
WALC,2026-05-06 02:00:00,71.03651542131662
WALC,2026-05-06 03:00:00,96.36676802170149
WALC,2026-05-06 04:00:00,189.74693104443682
WALC,2026-05-06 05:00:00,244.4348319672668
WALC,2026-05-06 06:00:00,268.4170829860784
WALC,2026-05-06 07:00:00,283.3810558431218
WALC,2026-05-06 08:00:00,280.31767038315706
WALC,2026-05-06 09:00:00,279.0408294339367
WALC,2026-05-06 10:00:00,264.6194429491088
WALC,2026-05-06 11:00:00,250.19045486336069
WALC,2026-05-06 12:00:00,224.96928742690272
WALC,2026-05-06 13:00:00,220.74537137979343
WALC,2026-05-06 14:00:00,175.43061696115603
WALC,2026-05-06 15:00:00,109.64194326283304
WALC,2026-05-06 16:00:00,21.075618005071178
WALC,2026-05-06 17:00:00,2.5962265254335652
WALC,2026-05-06 18:00:00,0.7564727998831559
WALC,2026-05-06 19:00:00,3.459703540944159
WALC,2026-05-06 20:00:00,15.658746940739587
WALC,2026-05-06 21:00:00,51.55505829726103
WALC,2026-05-06 22:00:00,74.79984921108498
WALC,2026-05-06 23:00:00,57.25716844469527
WALC,2026-05-07 00:00:00,30.97828198985161
WALC,2026-05-07 01:00:00,10.463880748237939
WALC,2026-05-07 02:00:00,1.2698555580264306
WALC,2026-05-07 03:00:00,60.041512897310504
WALC,2026-05-07 04:00:00,291.7019456760077
WALC,2026-05-07 05:00:00,272.98737188324213
WALC,2026-05-07 06:00:00,206.28878820159636
WAUW,2026-05-05 06:00:00,0.24980816911415588
WAUW,2026-05-05 07:00:00,0.28595334039991427
WAUW,2026-05-05 08:00:00,1.397479480623915
WAUW,2026-05-05 09:00:00,0.07905434021835146
WAUW,2026-05-05 10:00:00,0.09134533745707357
WAUW,2026-05-05 11:00:00,0.07709817861378222
WAUW,2026-05-05 12:00:00,0.054034260033830314
WAUW,2026-05-05 13:00:00,0.06046131320535187
WAUW,2026-05-05 14:00:00,0.12215798537605937
WAUW,2026-05-05 15:00:00,2.1378349079833323
WAUW,2026-05-05 16:00:00,0.26696330380573563
WAUW,2026-05-05 17:00:00,1.877535652419797
WAUW,2026-05-05 18:00:00,2.303041199546651
WAUW,2026-05-05 19:00:00,8.224692666548227
WAUW,2026-05-05 20:00:00,4.96285051129356
WAUW,2026-05-05 21:00:00,3.208373120343731
WAUW,2026-05-05 22:00:00,2.525585469213172
WAUW,2026-05-05 23:00:00,1.2289556880259673
WAUW,2026-05-06 00:00:00,0.9888343255498101
WAUW,2026-05-06 01:00:00,2.8919002817540767
WAUW,2026-05-06 02:00:00,7.823993296182533
WAUW,2026-05-06 03:00:00,13.85723139725086
WAUW,2026-05-06 04:00:00,13.374692812079395
WAUW,2026-05-06 05:00:00,6.175784293156747
WAUW,2026-05-06 06:00:00,9.89650642231399
WAUW,2026-05-06 07:00:00,2.4403118173593294
WAUW,2026-05-06 08:00:00,3.05479278783161
WAUW,2026-05-06 09:00:00,2.2625855417087464
WAUW,2026-05-06 10:00:00,1.8313460311793746
WAUW,2026-05-06 11:00:00,0.0
WAUW,2026-05-06 12:00:00,4.228972809896896
WAUW,2026-05-06 13:00:00,22.415226636188144
WAUW,2026-05-06 14:00:00,14.797432019595359
WAUW,2026-05-06 15:00:00,7.5260094286740005
WAUW,2026-05-06 16:00:00,7.706280645069897
WAUW,2026-05-06 17:00:00,6.488855758356587
WAUW,2026-05-06 18:00:00,2.9099950598537068
WAUW,2026-05-06 19:00:00,1.5344435584937532
WAUW,2026-05-06 20:00:00,0.0
WAUW,2026-05-06 21:00:00,0.0
WAUW,2026-05-06 22:00:00,0.0
WAUW,2026-05-06 23:00:00,0.0
WAUW,2026-05-07 00:00:00,0.0
WAUW,2026-05-07 01:00:00,1.6392065532573108
WAUW,2026-05-07 02:00:00,8.617766945267412
WAUW,2026-05-07 03:00:00,17.018679528681112
WAUW,2026-05-07 04:00:00,32.34414917763639
WAUW,2026-05-07 05:00:00,40.054432536989154
WAUW,2026-05-07 06:00:00,47.209384817577785
WWA,2026-05-05 06:00:00,12.329739545706985
WWA,2026-05-05 07:00:00,3.182037508946532
WWA,2026-05-05 08:00:00,0.0
WWA,2026-05-05 09:00:00,0.0
WWA,2026-05-05 10:00:00,0.0
WWA,2026-05-05 11:00:00,3.128282545571142
WWA,2026-05-05 12:00:00,8.916169148075918
WWA,2026-05-05 13:00:00,35.10628899850889
WWA,2026-05-05 14:00:00,43.87626925866434
WWA,2026-05-05 15:00:00,36.67834658372345
WWA,2026-05-05 16:00:00,50.09659274256064
WWA,2026-05-05 17:00:00,90.04383232790767
WWA,2026-05-05 18:00:00,136.1013292600881
WWA,2026-05-05 19:00:00,133.12092612343022
WWA,2026-05-05 20:00:00,131.70288731084014
WWA,2026-05-05 21:00:00,124.88524352260454
WWA,2026-05-05 22:00:00,123.45631322958984
WWA,2026-05-05 23:00:00,120.18754413357917
WWA,2026-05-06 00:00:00,111.96904655336485
WWA,2026-05-06 01:00:00,91.38726115191845
WWA,2026-05-06 02:00:00,72.75604392720487
WWA,2026-05-06 03:00:00,35.25633794675012
WWA,2026-05-06 04:00:00,16.010787630484735
WWA,2026-05-06 05:00:00,6.483256883317497
WWA,2026-05-06 06:00:00,1.0655182968845693
WWA,2026-05-06 07:00:00,0.0
WWA,2026-05-06 08:00:00,0.6210526517265367
WWA,2026-05-06 09:00:00,2.9326516321386458
WWA,2026-05-06 10:00:00,5.681852588968996
WWA,2026-05-06 11:00:00,11.91435420830053
WWA,2026-05-06 12:00:00,19.01018651941149
WWA,2026-05-06 13:00:00,23.580774321112603
WWA,2026-05-06 14:00:00,23.45768341547045
WWA,2026-05-06 15:00:00,7.076790324630677
WWA,2026-05-06 16:00:00,8.919667924178817
WWA,2026-05-06 17:00:00,8.863368748188476
WWA,2026-05-06 18:00:00,6.845727197176742
WWA,2026-05-06 19:00:00,5.035562178649318
WWA,2026-05-06 20:00:00,16.701274098414306
WWA,2026-05-06 21:00:00,61.66247259988669
WWA,2026-05-06 22:00:00,75.0025670133551
WWA,2026-05-06 23:00:00,49.02537816672157
WWA,2026-05-07 00:00:00,29.64663925786456
WWA,2026-05-07 01:00:00,7.409284179298573
WWA,2026-05-07 02:00:00,4.690781288159024
WWA,2026-05-07 03:00:00,4.910932154865339
WWA,2026-05-07 04:00:00,5.151933937062105
WWA,2026-05-07 05:00:00,14.453704886663955
WWA,2026-05-07 06:00:00,74.70907673960299
